Collar,Rep,datetime,FCH4,r2,ts_2,SWC
99,2,12/19/2019 14:15,-0.02766,0.06215,5,0
99,2,12/19/2019 14:17,-0.08814,0.33556,4.87727,0
98,2,11/20/2019 10:57,-0.03597,0.10798,11.5,0.099
98,2,11/20/2019 10:58,0.03396,0.12188,11.5,0.068
97,2,11/4/2019 12:27,0,0,17.5,-0.045
97,2,11/4/2019 12:29,-0.35559,0.88329,17.5,0.196
97,2,12/19/2019 14:29,-0.63896,0.96273,5.26364,0
97,2,12/19/2019 14:30,0,0,5.1,0
94,2,6/7/2019 11:09,-9999,-9999,21.7,0.361
94,2,6/7/2019 11:10,-9999,-9999,21.5,0.361
89,2,11/6/2019 11:25,3.53244,0.99298,12.3,0
89,2,11/6/2019 11:26,3.09458,0.99196,12.4,0.077
88,2,9/19/2019 14:06,-9999,-9999,21.5,0.02055
88,2,9/19/2019 14:08,-9999,-9999,21.5,0.114
81,2,6/14/2019 11:15,-9999,-9999,18.4,0.429
81,2,6/14/2019 11:17,-9999,-9999,18.4,0.429
81,2,9/18/2019 11:24,-9999,-9999,22.4,0.081
81,2,9/18/2019 11:26,-9999,-9999,22.4,0.081
75,2,9/20/2019 13:06,-9999,-9999,24.2,0.406
75,2,9/20/2019 13:07,-9999,-9999,23.95455,0.405
71,2,11/6/2019 11:03,5.90647,0.9968,12,0.072
71,2,11/6/2019 11:04,5.15277,0.99727,12.1,0.096
6,2,11/20/2019 14:15,-0.45398,0.94196,15.2,0.032
6,2,11/20/2019 14:16,-0.40397,0.93699,15.2,0.03
64,2,9/18/2019 8:13,-9999,-9999,21.1,0.165
64,2,9/18/2019 8:15,-9999,-9999,21.3,0.165
61,2,9/18/2019 9:24,-9999,-9999,20.7,0.071
61,2,9/18/2019 9:25,-9999,-9999,20.9,0.071
61,2,11/18/2019 14:29,-0.22145,0.81968,11.3,0
61,2,11/18/2019 14:31,-0.18927,0.77487,11.3,0
60,2,6/14/2019 14:00,-9999,-9999,19.7,0.08055
60,2,6/14/2019 14:01,-9999,-9999,19.7,0.443
58,2,6/14/2019 14:11,-9999,-9999,19.72727,-0.05345
58,2,6/14/2019 14:12,-9999,-9999,19.5,0.469
55,2,9/19/2019 12:58,-9999,-9999,20.3,0.113
55,2,9/19/2019 13:00,-9999,-9999,20.1,0.115
54,2,6/14/2019 13:20,-9999,-9999,18.9,-0.08064
54,2,6/14/2019 13:21,-9999,-9999,18.9,0.376
54,2,9/19/2019 13:50,-9999,-9999,20.87273,-0.01691
54,2,9/19/2019 13:52,-9999,-9999,21.1,0.119
54,2,11/6/2019 15:53,-2.54109,0.99475,12.4,0
54,2,11/6/2019 15:54,-2.33814,0.99504,12.4,0.027
51,2,9/18/2019 9:15,-9999,-9999,20.7,0.779
51,2,9/18/2019 9:17,-9999,-9999,20.7,0.95
50,2,9/18/2019 8:02,-9999,-9999,20.9,0.414
50,2,9/18/2019 8:04,-9999,-9999,20.7,0.454
49,2,9/18/2019 9:02,-9999,-9999,21.3,0
49,2,9/18/2019 9:04,-9999,-9999,21.1,0.95
42,2,6/14/2019 13:36,-9999,-9999,18.9,0
42,2,6/14/2019 13:38,-9999,-9999,19.5,0.496
42,2,11/6/2019 15:40,-2.08273,0.99094,12.4,0.009
42,2,11/6/2019 15:41,-2.18007,0.9971,12.4,0.006
3,2,6/12/2019 11:04,-9999,-9999,19.85455,-0.1075
3,2,6/12/2019 11:06,-9999,-9999,20.1,0.475
3,3,6/12/2019 11:00,-9999,-9999,19.9,0
3,3,6/12/2019 11:02,-9999,-9999,19.9,0
3,2,11/18/2019 14:21,-1.22609,0.97969,11.7,0
3,2,11/18/2019 14:23,-1.08741,0.98312,11.6,0
39,2,9/18/2019 11:28,-9999,-9999,22.4,0
39,2,9/18/2019 11:30,-9999,-9999,22.4,0.143
36,2,11/4/2019 14:45,-0.12682,0.69113,16.74545,-0.07023
36,2,11/4/2019 14:47,-0.14189,0.79785,16.5,0.314
34,2,11/4/2019 15:36,-0.20123,0.85119,14.7,0
34,2,11/4/2019 15:37,-0.28292,0.94835,14.7,0.158
33,2,9/20/2019 12:58,-9999,-9999,23.9,0.012
33,2,9/20/2019 12:59,-9999,-9999,24.2,0.012
31,2,11/18/2019 14:26,-1.12329,0.97718,11.5,0
31,2,11/18/2019 14:27,-0.89075,0.98119,11.3,0
30,2,6/12/2019 12:22,-9999,-9999,20.5,-0.09477
30,2,6/12/2019 12:24,-9999,-9999,20.5,0.417
30,2,9/18/2019 9:57,-9999,-9999,23.3,0.23877
30,2,9/18/2019 9:58,-9999,-9999,23.3,0.24
29,2,12/20/2019 12:42,0.06399,0.2462,6.05455,0
29,2,12/20/2019 12:44,0.13643,0.61813,5,0
27,2,11/20/2019 11:01,-0.02181,0.03788,11.3,0.073
27,2,11/20/2019 11:02,-0.01068,0.00904,11.3,0.07541
23,2,12/19/2019 14:39,-0.21742,0.80685,4.7,0
23,2,12/19/2019 14:40,0,0,4.7,0
21,2,12/19/2019 14:51,-0.56217,0.97677,4.3,0
21,2,12/19/2019 14:52,0,0,4.3,0
20,2,6/12/2019 11:27,-9999,-9999,19.9,0.415
20,2,6/12/2019 11:29,-9999,-9999,19.9,0.415
15,2,11/20/2019 15:09,-0.11013,0.48761,12.1,0
15,2,11/20/2019 15:11,0.15441,0.60121,12.1,0.043
14,2,6/7/2019 11:17,-9999,-9999,21.5,0.24
14,2,6/7/2019 11:19,-9999,-9999,21.5,0.24
13,2,6/7/2019 11:26,-9999,-9999,21.3,0
13,2,6/7/2019 11:28,-9999,-9999,21.3,0.457
121,2,6/7/2019 14:03,-9999,-9999,23.7,0.238
121,2,6/7/2019 14:04,-9999,-9999,23.7,0.238
121,2,12/19/2019 15:18,-1.05898,0.98098,3,0
121,2,12/19/2019 15:19,-1.25464,0.98766,2.9,0
118,2,6/7/2019 14:35,-9999,-9999,22.85455,0.22273
118,2,6/7/2019 14:36,-9999,-9999,22.6,0.227
116,2,12/19/2019 11:50,-0.75485,0.98425,6.5,0
116,2,12/19/2019 11:51,-0.93162,0.98235,6.2,0
116,3,12/19/2019 11:46,-0.83457,0.98323,7.3,0.012
116,3,12/19/2019 11:48,0,0,7,0.01
115,2,6/7/2019 9:56,-9999,-9999,22.6,0.252
115,2,6/7/2019 9:57,-9999,-9999,21.9,0.256
111,2,6/7/2019 10:13,-9999,-9999,21.9,0
111,2,6/7/2019 10:14,-9999,-9999,22.1,0.204
111,2,9/20/2019 14:07,-9999,-9999,24.7,0.081
111,2,9/20/2019 14:09,-9999,-9999,24.4,0.215
108,2,6/14/2019 13:24,-9999,-9999,18.9,0.491
108,2,6/14/2019 13:25,-9999,-9999,18.9,0.494
124,,6/7/2019 14:07,-9999,-9999,23.3,0
124,,6/7/2019 14:09,-9999,-9999,23,0.274
124,,9/25/2019 10:53,-9999,-9999,22.4,0.008
124,,9/25/2019 10:55,-9999,-9999,22.4,0.014
124,,11/4/2019 13:20,-2.14126,0.99702,15.7,0
124,,11/4/2019 13:22,-2.05635,0.99818,15.7,0.173
124,,11/20/2019 12:49,-2.08276,0.99488,12.4,0.008
124,,11/20/2019 12:51,0,0,12.4,0.006
124,,12/19/2019 15:21,-1.54507,0.99523,2.9,0
124,,12/19/2019 15:22,-1.76817,0.98557,2.9,0
123,,6/7/2019 14:16,-9999,-9999,22.6,0.275
123,,6/7/2019 14:18,-9999,-9999,22.8,0.27618
123,,9/25/2019 10:45,-9999,-9999,22.4,0.089
123,,9/25/2019 10:47,-9999,-9999,22.4,0.09105
123,,11/4/2019 13:12,-2.55649,0.99776,15.4,0.141
123,,11/4/2019 13:14,-2.50955,0.99766,15.2,0.142
123,,11/20/2019 12:41,-3.90587,0.9878,12.4,-0.00191
123,,11/20/2019 12:43,-3.26642,0.99806,12.4,0.007
123,,12/19/2019 15:28,-1.71378,0.98895,2.9,0
123,,12/19/2019 15:29,-1.75895,0.99028,2.9,0
122,,6/7/2019 14:12,-9999,-9999,22.8,0.244
122,,6/7/2019 14:13,-9999,-9999,22.8,0.244
122,,9/25/2019 10:49,-9999,-9999,22.4,0.015
122,,9/25/2019 10:51,-9999,-9999,22.4,0.015
122,,11/4/2019 13:16,-3.69783,0.99747,15,0.201
122,,11/4/2019 13:18,-3.34783,0.99571,15.2,0.202
122,,11/20/2019 12:45,-4.26171,0.98497,12.4,-0.00164
122,,11/20/2019 12:47,-3.51584,0.99711,12.4,0.008
122,,12/19/2019 15:24,-3.23833,0.98072,3,0
122,,12/19/2019 15:26,-2.64503,0.99155,2.9,0
121,,6/7/2019 14:00,-9999,-9999,24.7,0.237
121,,9/25/2019 10:58,-9999,-9999,22.4,0.024
121,,9/25/2019 11:00,-9999,-9999,22.6,0.026
121,,11/4/2019 13:24,-1.35557,0.99526,15.7,0.04127
121,,11/4/2019 13:26,-1.44163,0.98674,15.5,0.23
121,,11/20/2019 12:53,-1.53095,0.98552,12.4,0
121,,11/20/2019 12:54,-1.22451,0.98979,12.4,0
121,,12/19/2019 15:15,-0.92006,0.9882,3.4,0
121,,12/19/2019 15:16,0,0,3.1,0
120,,6/7/2019 14:21,-9999,-9999,22.8,0
120,,6/7/2019 14:23,-9999,-9999,22.8,0.212
120,,9/25/2019 10:41,-9999,-9999,22.4,0.02473
120,,9/25/2019 10:42,-9999,-9999,22.4,0.04
120,,11/4/2019 13:04,-1.58198,0.99333,15.8,0
120,,11/4/2019 13:06,-1.50811,0.98918,15.8,0.182
120,,11/20/2019 12:28,-1.45914,0.98424,12.7,0
120,,11/20/2019 12:29,-1.84304,0.99499,12.7,0.006
120,,12/19/2019 15:05,-1.85174,0.98831,4,0
120,,12/19/2019 15:06,-1.56288,0.99166,3.9,0
119,,6/7/2019 14:30,-9999,-9999,22.8,0.168
119,,6/7/2019 14:32,-9999,-9999,22.8,0.169
119,,9/25/2019 10:33,-9999,-9999,22.1,0
119,,9/25/2019 10:35,-9999,-9999,22.4,0
119,,11/4/2019 12:57,-3.46149,0.99615,16.5,0.213
119,,11/4/2019 12:58,-3.31815,0.99779,16.3,0.211
119,,11/20/2019 12:33,-3.5857,0.99733,12.7,0.004
119,,11/20/2019 12:35,-3.20924,0.99583,12.6,0.004
119,,12/19/2019 15:02,-1.80654,0.98673,4.3,0
119,,12/19/2019 15:03,-2.18326,0.99112,4.1,0
118,,6/7/2019 14:26,-9999,-9999,22.8,0.236
118,,6/7/2019 14:27,-9999,-9999,22.8,0.235
118,,9/25/2019 10:29,-9999,-9999,22.1,0.026
118,,9/25/2019 10:31,-9999,-9999,22.1,0.029
118,,11/4/2019 13:08,-1.48705,0.99358,15.56364,0.15136
118,,11/4/2019 13:10,-1.63871,0.99421,15.5,0.223
118,,11/20/2019 12:37,-1.54346,0.99526,12.4,0
118,,11/20/2019 12:38,-1.37237,0.99337,12.4,0.015
118,,12/19/2019 15:11,-1.21559,0.98977,3.6,0
118,,12/19/2019 15:13,0,0,3.5,0
117,,9/25/2019 10:37,-9999,-9999,22.4,0.027
117,,9/25/2019 10:39,-9999,-9999,22.34545,0.028
117,,11/4/2019 13:00,-1.61563,0.99388,15.8,0.214
117,,11/4/2019 13:02,-1.64135,0.99067,15.8,0.195
117,,11/20/2019 12:24,-1.61447,0.99423,13.1,0
117,,11/20/2019 12:26,-1.95529,0.97971,13,0.109
117,,12/19/2019 15:08,-1.44171,0.97936,3.8,0
117,,12/19/2019 15:10,-1.38576,0.99249,3.7,0
116,,6/7/2019 9:46,-9999,-9999,22.6,0.236
116,,6/7/2019 9:47,-9999,-9999,22.4,0.235
116,,9/20/2019 14:22,-9999,-9999,23.5,0.182
116,,9/20/2019 14:24,-9999,-9999,23.3,0.193
116,,11/4/2019 16:22,-1.09329,0.97814,13.5,0
116,,11/4/2019 16:24,-1.39455,0.99166,13.5,0.183
116,,11/20/2019 15:53,-1.66449,0.97692,11.2,0
116,,11/20/2019 15:55,-1.29126,0.97182,11.2,0
115,,6/7/2019 9:51,-9999,-9999,22.4,0
115,,6/7/2019 9:53,-9999,-9999,22.4,0
115,,9/20/2019 14:34,-9999,-9999,23,0.139
115,,9/20/2019 14:36,-9999,-9999,23,0.139
115,,11/4/2019 16:18,-1.15685,0.98674,13.7,0.176
115,,11/4/2019 16:20,-1.43159,0.99022,13.5,0.18
115,,11/20/2019 16:11,-1.91455,0.99093,11,0
115,,11/20/2019 16:13,-1.68632,0.98844,11,0
115,,12/19/2019 11:35,-1.57714,0.98935,13.4,0
115,,12/19/2019 11:36,-1.37633,0.98956,12.7,0.206
114,,6/7/2019 10:00,-9999,-9999,21.9,0
114,,6/7/2019 10:01,-9999,-9999,21.9,0.253
114,,9/20/2019 14:26,-9999,-9999,23.3,0.153
114,,9/20/2019 14:28,-9999,-9999,23.3,0.151
114,,11/4/2019 16:11,-1.22992,0.99257,13.8,0.221
114,,11/4/2019 16:13,-1.45855,0.99191,13.7,0.225
114,,11/20/2019 16:03,-1.44577,0.98622,11.1,0
114,,11/20/2019 16:05,-1.41369,0.98281,11,0
114,,12/19/2019 11:41,-0.6486,0.92856,9,0.035
114,,12/19/2019 11:43,-0.88919,0.98482,8.5,0.02
113,,6/7/2019 10:04,-9999,-9999,21.9,0.387
113,,6/7/2019 10:06,-9999,-9999,21.7,0.387
113,,9/20/2019 14:30,-9999,-9999,23,0.087
113,,9/20/2019 14:32,-9999,-9999,23,0.184
113,,11/4/2019 16:15,-0.3872,0.94004,13.7,0.01
113,,11/4/2019 16:16,-0.52682,0.96923,13.7,0.17732
113,,11/20/2019 16:07,-0.7714,0.9645,11,0
113,,11/20/2019 16:09,-0.78251,0.96284,11,0
113,,12/19/2019 11:38,0,0,11.5,0
113,,12/19/2019 11:39,-0.85841,0.97151,10.1,0.063
112,,6/7/2019 10:22,-9999,-9999,21.9,0
112,,6/7/2019 10:24,-9999,-9999,21.9,0.235
112,,9/20/2019 14:11,-9999,-9999,24.2,0.176
112,,9/20/2019 14:12,-9999,-9999,23.9,0.174
112,,11/4/2019 15:59,-1.83001,0.99272,14.56364,0.16255
112,,11/4/2019 16:01,-1.89764,0.99467,14.4,0.232
112,,11/20/2019 15:41,-3.84376,0.98273,11.6,0.002
112,,11/20/2019 15:43,-3.35547,0.99321,11.6,0.002
112,,12/19/2019 11:54,-2.59409,0.99618,6.1,0
112,,12/19/2019 11:55,0,0,6,0
111,,6/7/2019 10:11,-9999,-9999,21.9,0
111,,9/20/2019 14:04,-9999,-9999,24.7,0.074
111,,9/20/2019 14:05,-9999,-9999,24.7,0.082
111,,11/4/2019 16:07,-2.87013,0.99329,14,0.158
111,,11/4/2019 16:08,-3.01733,0.9943,14,0.163
111,,11/20/2019 15:49,-4.06064,0.99326,11.5,0
111,,11/20/2019 15:51,-3.43,0.98838,11.3,0
111,,12/19/2019 12:01,-2.78339,0.99631,5.7,0
111,,12/19/2019 12:02,-2.43522,0.99749,5.5,0
110,,6/7/2019 10:18,-9999,-9999,22.1,0
110,,6/7/2019 10:19,-9999,-9999,21.9,0.277
110,,9/20/2019 14:18,-9999,-9999,23.7,0.105
110,,9/20/2019 14:19,-9999,-9999,23.5,0.17
110,,11/4/2019 16:03,0,0,14.3,0.011
110,,11/4/2019 16:05,-1.12614,0.98392,14.1,0.17
110,,11/20/2019 15:45,-3.00556,0.95817,11.6,0
110,,11/20/2019 15:47,-2.48595,0.97701,11.5,0
109,,6/7/2019 10:27,-9999,-9999,21.9,0.282
109,,6/7/2019 10:29,-9999,-9999,21.9,0.284
109,,9/20/2019 14:14,-9999,-9999,23.81818,0.18464
109,,9/20/2019 14:16,-9999,-9999,23.7,0.191
109,,11/4/2019 15:56,0,0,14.7,0.049
109,,11/4/2019 15:57,0,0,14.6,0.15
109,,11/20/2019 15:37,-3.1192,0.99056,11.71364,-0.00055
109,,11/20/2019 15:39,-2.42547,0.99652,11.6,0.004
109,,12/19/2019 11:57,-1.26501,0.97406,6.1,0
109,,12/19/2019 11:58,0,0,5.98182,0
108,,11/6/2019 15:47,-1.78888,0.97896,12.4,0.023
108,,11/6/2019 15:49,-1.34334,0.98968,12.4,0.024
108,,11/21/2019 14:05,-1.27149,0.98864,11,0.01
108,,11/21/2019 14:06,-1.27497,0.98777,10.8,0.008
108,,12/20/2019 10:17,-0.61174,0.97349,0.6,0
108,,12/20/2019 10:19,-0.64258,0.97295,0.6,0
107,,6/14/2019 13:48,-9999,-9999,19.5,0.398
107,,6/14/2019 13:50,-9999,-9999,19.7,0.404
107,,11/6/2019 15:21,-0.8549,0.9725,12.8,0
107,,11/6/2019 15:22,-0.82909,0.98304,12.8,0.03
107,,11/21/2019 13:42,-0.55553,0.94023,11.1,0
107,,11/21/2019 13:44,-0.68647,0.97008,11.2,0.009
107,,12/20/2019 10:38,-0.19979,0.77712,0.4,0
107,,12/20/2019 10:40,-0.31263,0.89419,0.4,0
106,,6/14/2019 13:03,-9999,-9999,18.8,0.459
106,,6/14/2019 13:05,-9999,-9999,18.8,0.459
106,,11/6/2019 14:43,-1.19818,0.98616,13.1,0.018
106,,11/6/2019 14:44,-1.15244,0.99149,13.1,0.01745
106,,11/21/2019 13:00,-1.15293,0.98473,11.1,-0.00114
106,,11/21/2019 13:02,-1.06748,0.98618,11.1,0.007
106,,12/20/2019 9:45,-0.47218,0.95817,7.7,0
106,,12/20/2019 9:47,-0.61012,0.97815,6.5,0.016
105,,6/14/2019 14:19,-9999,-9999,19.3,0
105,,6/14/2019 14:21,-9999,-9999,19.43636,0.456
105,,11/6/2019 15:03,-1.85233,0.99323,12.8,0
105,,11/6/2019 15:04,-1.70213,0.99624,12.8,0.02323
105,,11/21/2019 13:22,-1.08558,0.97905,11,0.004
105,,11/21/2019 13:24,-1.13325,0.9814,10.8,0.004
105,,12/20/2019 10:03,-0.59602,0.96414,1.71364,0
105,,12/20/2019 10:05,-0.81978,0.99062,1.4,0
104,,6/14/2019 11:40,-9999,-9999,17.7,0.511
104,,6/14/2019 11:42,-9999,-9999,17.7,0.511
104,,11/6/2019 14:17,-1.90479,0.99386,13.3,0.022
104,,11/6/2019 14:18,-1.54118,0.98856,13.5,0.029
104,,11/21/2019 12:40,-2.05315,0.97995,11.1,0
104,,11/21/2019 12:41,-1.67937,0.98496,11.1,0
103,,6/14/2019 10:18,-9999,-9999,18,0
103,,6/14/2019 10:19,-9999,-9999,17.9,0.436
103,,11/6/2019 13:38,-1.71311,0.98869,13.1,0.047
103,,11/6/2019 13:39,-1.62069,0.99323,13.1,0.048
103,,11/21/2019 12:01,-1.29643,0.98434,12.8,0.008
103,,11/21/2019 12:03,-1.31924,0.96576,12.6,0.008
102,,6/14/2019 10:27,-9999,-9999,17.9,0
102,,6/14/2019 10:28,-9999,-9999,17.7,0.435
102,,11/6/2019 13:53,-2.47889,0.97972,12.7,0
102,,11/6/2019 13:55,-1.94053,0.99372,12.6,0.022
102,,11/21/2019 12:16,-1.55655,0.98648,11.1,0
102,,11/21/2019 12:18,-1.42838,0.9882,11.1,0.009
101,,6/14/2019 10:45,-9999,-9999,17.9,0.398
101,,6/14/2019 10:47,-9999,-9999,17.9,0.40336
101,,11/6/2019 13:10,-9999,-9999,13.4,0
101,,11/6/2019 13:11,-9999,-9999,13.4,0.02605
101,,11/18/2019 14:44,-2.12465,0.97554,10.6,0.011
101,,11/18/2019 14:45,-1.58574,0.99203,10.65455,0.011
100,,11/4/2019 11:55,-0.0858,0.3324,18.4,0.378
100,,11/4/2019 11:56,-0.08937,0.36917,18.2,0.382
100,,11/20/2019 11:26,-0.02243,0.03952,11.5,0.019
100,,11/20/2019 11:27,-0.01324,0.00991,11.48636,0.019
100,,12/19/2019 14:03,-0.08831,0.30299,5.18636,0
100,,12/19/2019 14:04,0,0,5.3,0
99,,11/4/2019 11:50,0.22167,0.82138,18.4,0.287
99,,11/4/2019 11:52,0.13181,0.55475,18.4,0.288
99,,11/20/2019 11:21,0.35525,0.87344,11.5,0.019
99,,11/20/2019 11:23,0.33216,0.8581,11.5,0.016
99,,12/19/2019 14:13,-0.07893,0.26367,5.1,0
99,,12/19/2019 14:14,-0.05881,0.17977,5.1,0
98,,11/4/2019 11:29,-0.09292,0.45979,18.8,0.674
98,,11/4/2019 11:31,-0.03388,0.11082,18.8,0.633
98,,11/20/2019 10:37,-9999,-9999,13.1,0.484
98,,11/20/2019 10:38,-9999,-9999,12.82273,0.54768
97,,11/4/2019 12:22,-0.41861,0.91893,17.5,0
97,,11/4/2019 12:24,-0.3343,0.89046,17.5,0
97,,11/20/2019 11:52,-0.24236,0.75451,13,0.199
97,,11/20/2019 11:53,-0.27136,0.88113,13,0.198
97,,12/19/2019 13:49,-0.13191,0.65964,5.5,0.002
97,,12/19/2019 13:51,-0.12836,0.52259,5.4,0.002
96,,6/7/2019 11:45,-9999,-9999,21.9,0
96,,6/7/2019 11:46,-9999,-9999,21.9,0.301
96,,11/4/2019 15:29,-0.00727,0.00765,15.22727,0.18577
96,,11/4/2019 15:31,0.02504,0.09082,15,0.298
96,,11/20/2019 15:13,-0.03116,0.08422,12.1,0
96,,11/20/2019 15:14,0.14299,0.63717,12,0.004
96,,12/19/2019 12:54,-0.00621,0.00357,7.1,0
96,,12/19/2019 12:55,-0.08303,0.24456,6.9,0
95,,6/7/2019 12:03,-9999,-9999,22.4,0.198
95,,6/7/2019 12:05,-9999,-9999,22.6,0.197
95,,11/4/2019 15:47,-1.77218,0.99027,14.7,0.148
95,,11/4/2019 15:49,-1.71725,0.98411,14.7,0.154
95,,11/20/2019 15:29,-2.46884,0.99441,11.7,0.01891
95,,11/20/2019 15:30,-1.83242,0.99037,11.7,0.005
95,,12/19/2019 13:09,-0.93322,0.97482,5.7,0
95,,12/19/2019 13:10,-1.16526,0.99252,5.7,0
94,,6/7/2019 11:04,-9999,-9999,21.9,-0.08205
94,,6/7/2019 11:06,-9999,-9999,21.9,0.361
94,,11/4/2019 15:01,-0.06904,0.42334,15.5,0
94,,11/4/2019 15:02,-0.11162,0.64069,15.7,0.228
94,,11/20/2019 14:43,0.00116,0.00017,13.7,0.046
94,,11/20/2019 14:44,-0.10254,0.59061,13.5,0.047
94,,12/19/2019 12:29,-0.07592,0.34431,7.4,0
94,,12/19/2019 12:30,-0.12944,0.54767,7.5,0
93,,6/7/2019 10:37,-9999,-9999,22.1,0.192
93,,6/7/2019 10:39,-9999,-9999,22.1,0.19
93,,11/4/2019 14:35,0.11885,0.44529,17.9,0
93,,11/4/2019 14:36,0.16337,0.77616,17.7,0.229
93,,11/20/2019 14:19,0.15887,0.656,15.15455,-0.01841
93,,11/20/2019 14:21,-0.12177,0.02293,15.2,0.093
93,,12/19/2019 12:08,-0.00358,0.00148,5.6,0
93,,12/19/2019 12:10,0.01804,0.06916,5.5,0
92,,6/12/2019 12:09,-9999,-9999,19.9,0.536
92,,6/12/2019 12:11,-9999,-9999,19.9,0.536
92,,11/6/2019 10:55,-0.25449,0.84775,12,0.082
92,,11/6/2019 10:56,-0.26054,0.811,12,0.079
92,,11/18/2019 11:06,-0.32481,0.83584,10.1,0.005
92,,11/18/2019 11:08,-0.25645,0.80401,9.85455,0.00064
92,,12/20/2019 13:09,-0.81675,0.97292,2.9,0
92,,12/20/2019 13:11,-0.62938,0.98817,2.9,0
91,,6/12/2019 12:36,-9999,-9999,20.7,0.001
91,,6/12/2019 12:37,-9999,-9999,20.9,0.527
91,,11/6/2019 10:42,1.48008,0.96871,12.1,0.099
91,,11/6/2019 10:43,1.01762,0.98318,12.1,0.106
91,,11/18/2019 10:58,0.9905,0.98278,10.2,0.022
91,,11/18/2019 10:59,1.07295,0.98833,10.1,0.022
91,,12/20/2019 12:49,0.70283,0.96894,4,0
91,,12/20/2019 12:51,0.80315,0.97849,3.8,0
90,,6/12/2019 12:50,-9999,-9999,20.9,0.41709
90,,6/12/2019 12:52,-9999,-9999,20.9,0.585
90,,11/6/2019 10:05,0.07575,0.24303,12.1,0.582
90,,11/6/2019 10:07,0.08577,0.38968,11.9,0.525
90,,11/18/2019 10:33,0.09906,0.42408,11.02727,0.03255
90,,11/18/2019 10:34,0.0431,0.11673,10.7,0.028
90,,12/20/2019 12:37,0.17406,0.73236,7.3,0
90,,12/20/2019 12:38,0.25911,0.82631,7,0
89,,6/12/2019 11:16,-9999,-9999,19.7,0.666
89,,6/12/2019 11:18,-9999,-9999,19.5,0.66
89,,11/18/2019 11:40,1.96252,0.98924,10.4,0.022
89,,11/18/2019 11:41,1.68138,0.9942,10.4,0.025
89,,12/20/2019 14:01,0.24958,0.87312,2.4,0
89,,12/20/2019 14:03,0.33885,0.9413,2.5,0
88,,6/14/2019 15:04,-9999,-9999,19.9,0.064
88,,6/14/2019 15:06,-9999,-9999,20.1,0.061
88,,11/6/2019 14:47,-1.44802,0.95924,13,0.031
88,,11/6/2019 14:48,-1.34447,0.97408,13,0.032
88,,11/21/2019 13:07,-0.86067,0.97512,11.1,0.003
88,,11/21/2019 13:09,-1.26506,0.97949,11.1,0.003
88,,12/20/2019 9:52,-0.51581,0.94092,4.5,0
88,,12/20/2019 9:54,-0.65751,0.977,3.7,0.008
87,,6/14/2019 13:40,-9999,-9999,19.7,0.448
87,,6/14/2019 13:42,-9999,-9999,19.5,0.45
87,,9/19/2019 13:25,-9999,-9999,21.3,0.119
87,,9/19/2019 13:27,-9999,-9999,21.1,0.119
87,,11/6/2019 15:28,-2.0047,0.98663,12.6,0.026
87,,11/6/2019 15:30,-1.73942,0.99238,12.6,0.032
87,,11/21/2019 13:54,-1.39748,0.98659,11.1,0.006
87,,11/21/2019 13:55,-1.25384,0.98938,11.1,0.006
87,,12/20/2019 10:28,-0.6245,0.96662,0.5,0
87,,12/20/2019 10:29,-0.77435,0.97478,0.5,0
86,,6/14/2019 15:00,-9999,-9999,19.9,0.454
86,,6/14/2019 15:02,-9999,-9999,19.9,0.454
86,,9/19/2019 14:15,-9999,-9999,21.5,0.105
86,,9/19/2019 14:16,-9999,-9999,21.5,0.105
86,,11/6/2019 14:54,-1.76822,0.97607,13,0
86,,11/6/2019 14:56,0,0,13,0.032
86,,11/21/2019 13:15,-1.17526,0.9836,11,0
86,,11/21/2019 13:16,-1.06196,0.97679,11.1,0.004
86,,12/20/2019 10:10,-0.46027,0.95062,0.9,0.004
86,,12/20/2019 10:12,-0.52139,0.97478,0.7,0
85,,6/14/2019 14:03,-9999,-9999,19.7,0
85,,6/14/2019 14:05,-9999,-9999,19.5,0.442
85,,9/19/2019 13:12,-9999,-9999,20.67273,-0.00709
85,,9/19/2019 13:14,-9999,-9999,20.9,0.047
85,,11/6/2019 15:14,-2.41535,0.99337,12.8,0.006
85,,11/6/2019 15:15,-2.02675,0.99649,12.8,0.006
85,,11/21/2019 13:34,-1.70899,0.99476,11,0
85,,11/21/2019 13:36,-1.72017,0.99485,11,0
85,,12/20/2019 10:45,-0.8486,0.98943,0.58636,0
85,,12/20/2019 10:47,-0.91926,0.98376,0.8,0
84,,6/14/2019 10:09,-9999,-9999,18,0.408
84,,6/14/2019 10:11,-9999,-9999,18,0.41
84,,9/18/2019 12:04,-9999,-9999,22.8,0.121
84,,9/18/2019 12:06,-9999,-9999,23,0.121
84,,11/6/2019 13:45,-2.10021,0.99372,13,0.049
84,,11/6/2019 13:46,-1.9766,0.99189,13,0.05164
84,,11/21/2019 12:08,-2.30389,0.97628,11.94545,0.006
84,,11/21/2019 12:10,-2.06144,0.99077,11.7,0.012
83,,6/14/2019 11:31,-9999,-9999,17.7,0.065
83,,6/14/2019 11:32,-9999,-9999,17.7,0.531
83,,9/18/2019 12:19,-9999,-9999,22.1,0
83,,9/18/2019 12:21,-9999,-9999,22.1,0
83,,11/6/2019 14:09,-2.83254,0.9823,13.1,0.027
83,,11/6/2019 14:10,-2.13606,0.98709,13.3,0.02673
83,,11/21/2019 12:32,-1.70424,0.96963,10.8,0
83,,11/21/2019 12:33,-1.45406,0.99217,10.8,0.131
82,,6/14/2019 11:44,-9999,-9999,17.7,0.391
82,,6/14/2019 11:46,-9999,-9999,17.7,0.396
82,,9/18/2019 12:34,-9999,-9999,22.4,0
82,,9/18/2019 12:36,-9999,-9999,22.6,0.11
82,,11/6/2019 14:21,-2.4771,0.99268,13.5,0.028
82,,11/6/2019 14:23,-2.09,0.9944,13.5,0.033
82,,11/21/2019 12:47,-1.08198,0.98173,11.2,0.003
82,,11/21/2019 12:49,-1.36684,0.99255,11.2,0.011
81,,6/14/2019 10:56,-9999,-9999,18,0.429
81,,6/14/2019 10:57,-9999,-9999,18.2,0.429
81,,11/6/2019 13:21,-2.4811,0.99024,13,0.19
81,,11/6/2019 13:22,-1.89157,0.99011,13.1,0.187
81,,11/18/2019 14:52,-1.95181,0.95988,10.2,0.007
81,,11/18/2019 14:53,0,0,10.22727,0.00445
80,,6/7/2019 14:53,-9999,-9999,21.5,0.372
80,,6/7/2019 14:55,-9999,-9999,21.3,0.372
80,,9/25/2019 9:21,-9999,-9999,20.5,0
80,,9/25/2019 9:22,-9999,-9999,20.5,0.024
80,,11/4/2019 12:43,-1.69663,0.99189,17.3,0.164
80,,11/4/2019 12:45,-1.17537,0.98218,17.3,0.164
80,,11/20/2019 12:09,-1.74199,0.99104,13.8,0
80,,11/20/2019 12:11,-1.68764,0.99614,13.7,0.002
80,,12/19/2019 14:42,-1.59956,0.97604,4.7,0
80,,12/19/2019 14:43,-1.33818,0.92803,4.6,0
79,,6/7/2019 15:08,-9999,-9999,21.58182,0.11186
79,,6/7/2019 15:09,-9999,-9999,21.7,0.272
79,,9/25/2019 9:48,-9999,-9999,21.65455,-0.00773
79,,9/25/2019 9:49,-9999,-9999,21.9,0.037
79,,11/4/2019 12:14,-0.20526,0.81903,18,0
79,,11/4/2019 12:15,-0.22261,0.76881,18,0.21
79,,11/20/2019 11:43,-0.12479,0.53661,12.6,0.006
79,,11/20/2019 11:45,0,0,12.7,0.003
79,,12/19/2019 14:22,-0.31698,0.85617,5,0
79,,12/19/2019 14:23,-0.38141,0.91472,5,0
78,,6/7/2019 15:16,-9999,-9999,21.7,0.487
78,,6/7/2019 15:18,-9999,-9999,21.9,0.484
78,,9/25/2019 9:56,-9999,-9999,21.9,-0.11127
78,,9/25/2019 9:57,-9999,-9999,21.9,0.407
78,,11/4/2019 11:42,0.35961,0.84931,18.4,0.08
78,,11/4/2019 11:43,0.26357,0.89768,18.8,0.445
78,,11/20/2019 11:13,0.24512,0.72723,11.3,-0.0075
78,,11/20/2019 11:15,0.25004,0.63557,11.3,0.057
78,,12/19/2019 14:09,-0.07512,0.30348,5.1,0
78,,12/19/2019 14:11,0,0,5,0
77,,6/7/2019 14:59,-9999,-9999,21.5,0
77,,6/7/2019 15:00,-9999,-9999,21.5,0.409
77,,9/25/2019 9:25,-9999,-9999,20.5,0.008
77,,9/25/2019 9:26,-9999,-9999,20.7,0.002
77,,11/4/2019 12:31,0,0,17.3,-0.01827
77,,11/4/2019 12:33,-0.50818,0.95769,17.3,0.137
77,,11/20/2019 11:55,-0.70413,0.92275,13.3,0.002
77,,11/20/2019 11:57,-0.60934,0.94804,13.4,0.006
77,,12/19/2019 14:32,-0.61925,0.97887,5,0
77,,12/19/2019 14:34,0,0,4.9,0
76,,6/7/2019 10:50,-9999,-9999,21.9,0.319
76,,6/7/2019 10:52,-9999,-9999,22.1,0.31718
76,,9/20/2019 13:51,-9999,-9999,24.2,0.389
76,,9/20/2019 13:52,-9999,-9999,24.96364,0.38964
76,,11/4/2019 14:49,-0.30886,0.89798,16.25909,0.16577
76,,11/4/2019 14:51,-0.28752,0.90291,16,0.381
76,,11/20/2019 14:27,-0.3352,0.88171,14.9,0
76,,11/20/2019 14:29,-0.38893,0.93373,14.7,0.116
76,,12/19/2019 12:15,-0.40571,0.41617,5.4,0
76,,12/19/2019 12:16,-0.34418,0.95341,5.44091,0
75,,6/7/2019 11:54,-9999,-9999,22.1,0.388
75,,6/7/2019 11:55,-9999,-9999,22.1,0.388
75,,9/20/2019 13:02,-9999,-9999,24.26818,0
75,,9/20/2019 13:04,-9999,-9999,24.2,0
75,,11/4/2019 15:40,0.09567,0.46413,14.7,0
75,,11/4/2019 15:41,0.25332,0.92418,14.7,0.435
75,,11/20/2019 15:21,0.01169,0.01,12,0.047
75,,11/20/2019 15:22,0.13189,0.60651,11.9,0.047
75,,12/19/2019 13:01,0.03155,0.07803,5.9,0
75,,12/19/2019 13:02,0.09227,0.41678,5.8,0
74,,6/7/2019 11:00,-9999,-9999,21.9,0
74,,6/7/2019 11:01,-9999,-9999,21.9,0.331
74,,9/20/2019 13:39,-9999,-9999,23.3,0
74,,9/20/2019 13:40,-9999,-9999,23.3,0.355
74,,11/4/2019 14:57,-0.06153,0.43325,15.7,0.325
74,,11/4/2019 14:59,-0.08076,0.4747,15.5,0.324
74,,11/20/2019 14:39,0.03983,0.13874,14.1,0.095
74,,11/20/2019 14:41,-0.00451,0.00315,14.02727,0.09827
74,,12/19/2019 12:25,-0.10547,0.56749,6.6,0
74,,12/19/2019 12:26,-0.10888,0.35405,7.1,0
73,,6/7/2019 11:36,-9999,-9999,21.3,0
73,,6/7/2019 11:37,-9999,-9999,21.5,0.364
73,,9/20/2019 13:18,-9999,-9999,23.9,0.272
73,,9/20/2019 13:20,-9999,-9999,23.7,0.268
73,,11/4/2019 15:21,-0.22961,0.89836,15.4,-0.0435
73,,11/4/2019 15:23,-0.19065,0.81422,15.4,0.319
73,,11/20/2019 15:04,0.01214,0.01858,12.4,0.026
73,,11/20/2019 15:05,-0.04893,0.15969,12.3,0.038
73,,12/19/2019 12:46,-0.13722,0.64286,6.5,0
73,,12/19/2019 12:48,-0.07113,0.42378,6.5,0
72,,6/12/2019 12:26,-9999,-9999,20.5,0.596
72,,6/12/2019 12:28,-9999,-9999,20.7,0.595
72,,9/18/2019 8:19,-9999,-9999,21.3,-0.05291
72,,9/18/2019 8:20,-9999,-9999,21.3,0.389
72,,11/6/2019 10:34,-0.11472,0.39666,11.9,0.091
72,,11/6/2019 10:35,-0.14665,0.51636,11.9,0.092
72,,11/18/2019 10:50,0.0041,0.00114,10.3,0.011
72,,11/18/2019 10:51,-0.05784,0.17443,10.4,0.011
72,,12/20/2019 12:56,0,0,3.3,0
72,,12/20/2019 12:57,-0.1933,0.82232,3.3,0
71,,6/12/2019 12:00,-9999,-9999,19.7,0.475
71,,6/12/2019 12:02,-9999,-9999,19.7,0.475
71,,9/18/2019 8:36,-9999,-9999,21.9,0.344
71,,9/18/2019 8:38,-9999,-9999,21.9,0.36273
71,,11/6/2019 10:59,6.87742,0.98518,12,0
71,,11/6/2019 11:00,5.70275,0.99579,12,0
71,,11/18/2019 11:19,5.52082,0.99374,10.3,0
71,,11/18/2019 11:21,5.68513,0.99531,10.3,0.025
71,,12/20/2019 13:19,2.21798,0.98343,2.9,0
71,,12/20/2019 13:21,2.57192,0.98393,2.9,0
70,,6/12/2019 11:08,-9999,-9999,20.35455,-0.13773
70,,6/12/2019 11:10,-9999,-9999,20.1,0.505
70,,9/18/2019 9:07,-9999,-9999,20.9,-0.11918
70,,9/18/2019 9:08,-9999,-9999,20.9,0.433
70,,11/6/2019 11:33,-0.64345,0.9609,12.1,0.126
70,,11/6/2019 11:34,-0.45072,0.94294,12.3,0.431
70,,11/18/2019 11:47,-0.54686,0.94726,10.3,0
70,,11/18/2019 11:49,-0.47042,0.92597,10.4,0.009
70,,12/20/2019 13:55,0,0,2.06818,0
70,,12/20/2019 13:56,-0.3371,0.92862,2.2,0
69,,6/12/2019 11:32,-9999,-9999,19.9,0.59
69,,6/12/2019 11:33,-9999,-9999,20.1,0.588
69,,9/18/2019 8:45,-9999,-9999,21.7,0.266
69,,9/18/2019 8:47,-9999,-9999,21.7,0.264
69,,11/6/2019 11:12,0.09435,0.37351,12.1,0.327
69,,11/6/2019 11:14,0.00506,0.00164,12.13636,0.33436
69,,11/18/2019 11:29,0.03668,0.0617,10.2,0.024
69,,11/18/2019 11:30,0.05999,0.16974,10.2,0.012
69,,12/20/2019 13:26,-0.42316,0.95416,2.8,0
69,,12/20/2019 13:27,0,0,2.56364,0
68,,6/12/2019 14:10,-9999,-9999,21.7,0.029
68,,6/12/2019 14:12,-9999,-9999,21.5,0.36
68,,6/14/2019 10:03,-9999,-9999,18.4,0.21
68,,6/14/2019 10:04,-9999,-9999,18.2,0.212
68,,9/18/2019 12:08,-9999,-9999,23,0.051
68,,9/18/2019 12:10,-9999,-9999,22.8,0.051
68,,11/6/2019 13:48,-1.78848,0.97479,12.8,0.035
68,,11/6/2019 13:50,-1.56361,0.98127,12.8,0.033
68,,11/21/2019 12:12,-1.59668,0.99103,11.6,0
68,,11/21/2019 12:14,-1.53881,0.99168,11.3,0.003
67,,6/14/2019 10:31,-9999,-9999,17.7,0
67,,6/14/2019 10:32,-9999,-9999,17.7,0.414
67,,9/18/2019 11:49,-9999,-9999,22.8,0.105
67,,9/18/2019 11:50,-9999,-9999,22.8,0.101
67,,11/6/2019 13:29,-1.18752,0.90037,13.1,0.044
67,,11/6/2019 13:30,-1.05808,0.9384,13.1,0.043
67,,11/18/2019 15:03,-0.64803,0.96124,9.8,0.011
67,,11/18/2019 15:04,-0.80105,0.96962,9.8,0.011
66,,6/14/2019 11:52,-9999,-9999,17.9,0.38
66,,6/14/2019 11:54,-9999,-9999,17.9,0.38541
66,,9/18/2019 12:51,-9999,-9999,22.1,0.09373
66,,9/18/2019 12:53,-9999,-9999,22.1,0.092
66,,11/6/2019 14:26,-1.55513,0.99443,13.5,0.039
66,,11/6/2019 14:27,-1.28637,0.98858,13.5,0.037
66,,11/21/2019 12:44,-1.20859,0.97858,11.2,0.001
66,,11/21/2019 12:45,-1.36798,0.99269,11.2,0.003
65,,6/14/2019 10:36,-9999,-9999,17.7,0.47
65,,6/14/2019 10:38,-9999,-9999,17.7,0.473
65,,9/18/2019 12:14,-9999,-9999,22.6,0.128
65,,9/18/2019 12:15,-9999,-9999,22.6,0.123
65,,11/6/2019 13:57,-1.98757,0.98045,12.7,0.03018
65,,11/6/2019 13:59,-1.58311,0.98629,12.8,0.032
65,,11/21/2019 12:20,-1.10521,0.97651,11,0.007
65,,11/21/2019 12:21,0,0,11,0.009
64,,6/12/2019 12:41,-9999,-9999,21.1,0.08636
64,,6/12/2019 12:43,-9999,-9999,21.1,0.475
64,,9/18/2019 8:07,-9999,-9999,20.5,0.169
64,,9/18/2019 8:09,-9999,-9999,20.9,0.167
64,,11/6/2019 10:20,-0.43416,0.945,11.7,0.069
64,,11/6/2019 10:22,0,0,11.7,0.07359
64,,11/18/2019 10:41,-0.37186,0.88797,10.4,-0.00232
64,,11/18/2019 10:42,-0.32608,0.87909,10.3,0.017
64,,12/20/2019 12:59,-0.25639,0.88875,3.3,0
64,,12/20/2019 13:00,-0.24488,0.91202,3.52273,0
63,,6/12/2019 12:14,-9999,-9999,20.23636,0.55595
63,,6/12/2019 12:16,-9999,-9999,20.3,0.555
63,,9/18/2019 8:32,-9999,-9999,22.1,0.426
63,,9/18/2019 8:33,-9999,-9999,22.1,0.414
63,,11/6/2019 10:47,0.15043,0.65684,12,-0.02536
63,,11/6/2019 10:48,0.03382,0.08777,12,0.096
63,,11/18/2019 11:16,0.36243,0.84561,10.07727,0.00309
63,,11/18/2019 11:17,0.16587,0.66741,10.2,0.006
63,,12/20/2019 13:16,-0.11441,0.54825,3,0
63,,12/20/2019 13:17,-0.02789,0.13124,2.9,0
62,,6/12/2019 11:56,-9999,-9999,19.7,0.569
62,,6/12/2019 11:58,-9999,-9999,19.7,0.565
62,,9/18/2019 8:50,-9999,-9999,21.5,0.431
62,,9/18/2019 8:52,-9999,-9999,21.5,0.486
62,,11/6/2019 11:16,-0.00779,0.005,12.1,0.052
62,,11/6/2019 11:18,-0.00811,0.00827,12.1,0.05186
62,,11/18/2019 11:32,-0.01531,0.03373,10.2,0.016
62,,11/18/2019 11:33,-0.00803,0.00626,10.2,0.016
62,,12/20/2019 13:29,0,0,2.2,0
62,,12/20/2019 13:31,-0.12708,0.75254,2.2,0
61,,6/12/2019 10:47,-9999,-9999,20.95455,-0.12818
61,,6/12/2019 10:49,-9999,-9999,20.5,0.472
61,,9/18/2019 9:20,-9999,-9999,20.63636,0.04841
61,,9/18/2019 9:21,-9999,-9999,20.7,0.071
61,,11/6/2019 11:41,-0.23655,0.81808,12.8,0
61,,11/6/2019 11:43,-0.17855,0.74451,13,0.031
61,,12/20/2019 14:08,-0.31736,0.93772,2.2,0
61,,12/20/2019 14:10,-0.39421,0.95805,2.3,0
60,,6/14/2019 13:56,-9999,-9999,19.7,0
60,,6/14/2019 13:58,-9999,-9999,19.7,0
60,,9/19/2019 13:16,-9999,-9999,21.1,0.01764
60,,9/19/2019 13:18,-9999,-9999,21.3,0.099
60,,11/6/2019 15:17,-1.9589,0.98745,12.8,-0.00455
60,,11/6/2019 15:19,-1.77811,0.9932,12.8,0.023
60,,11/21/2019 13:38,-1.45124,0.99022,11,0
60,,11/21/2019 13:40,-1.62366,0.99048,11,0.003
60,,12/20/2019 10:42,-0.53864,0.96797,0.4,0
60,,12/20/2019 10:43,-0.60779,0.9689,0.5,0
59,,6/14/2019 13:44,-9999,-9999,19.5,0.432
59,,6/14/2019 13:46,-9999,-9999,19.5,0.43618
59,,9/19/2019 13:32,-9999,-9999,21.1,0.091
59,,9/19/2019 13:33,-9999,-9999,21.1,0.093
59,,11/6/2019 15:34,-0.31613,0.38159,12.6,0.02509
59,,11/6/2019 15:36,-1.47958,0.97535,12.6,0.031
59,,11/21/2019 13:50,-0.92889,0.96612,11,0.005
59,,11/21/2019 13:51,-0.78213,0.97261,11.1,0.005
59,,12/20/2019 10:35,-0.56481,0.97614,0.5,0
59,,12/20/2019 10:36,-0.57619,0.97082,0.5,0
58,,6/14/2019 14:07,-9999,-9999,19.5,0.006
58,,6/14/2019 14:08,-9999,-9999,19.5,0.012
58,,9/19/2019 13:08,-9999,-9999,20.63636,0.04705
58,,9/19/2019 13:10,-9999,-9999,20.7,0.07
58,,11/6/2019 15:10,-1.61154,0.96384,12.8,0
58,,11/6/2019 15:11,-1.29784,0.98883,12.8,0.018
58,,11/21/2019 13:31,-1.36172,0.93763,11,0
58,,11/21/2019 13:32,-1.07216,0.97313,11,0
58,,12/20/2019 10:49,-0.35342,0.93702,1,0
58,,12/20/2019 10:50,-0.61539,0.96699,0.9,0
57,,6/14/2019 15:08,-9999,-9999,20.3,0.064
57,,6/14/2019 15:09,-9999,-9999,20.3,0.066
57,,9/19/2019 14:10,-9999,-9999,21.5,0.135
57,,9/19/2019 14:12,-9999,-9999,21.5,0.135
57,,11/6/2019 14:50,-2.10941,0.9579,13,0.03609
57,,11/6/2019 14:52,-1.43193,0.9881,13,0.027
57,,11/21/2019 13:11,-1.56654,0.98862,11.1,0
57,,11/21/2019 13:12,-1.37296,0.9839,11.1,0.011
57,,12/20/2019 9:56,-1.46342,0.99145,3.1,0.004
57,,12/20/2019 9:57,-1.11459,0.99194,2.8,0.004
56,,6/14/2019 13:08,-9999,-9999,18.6,0.468
56,,6/14/2019 13:09,-9999,-9999,18.6,0.471
56,,9/19/2019 13:55,-9999,-9999,21.1,0.114
56,,9/19/2019 13:56,-9999,-9999,21.1,0.114
56,,11/6/2019 14:35,-2.72913,0.99245,13.3,0.02045
56,,11/6/2019 14:37,-2.39237,0.99561,13.3,0.028
56,,11/21/2019 12:56,-1.72731,0.97529,11.1,0.013
56,,11/21/2019 12:58,-1.82445,0.98256,11.1,0.011
56,,12/20/2019 9:41,-0.88265,0.97211,10.7,0.015
56,,12/20/2019 9:43,-1.44461,0.97679,9,0.005
55,,6/14/2019 14:23,-9999,-9999,19.5,0.294
55,,6/14/2019 14:24,-9999,-9999,19.7,0.299
55,,9/19/2019 12:50,-9999,-9999,20.9,0.116
55,,9/19/2019 12:51,-9999,-9999,20.7,0.116
55,,11/6/2019 14:58,-1.58086,0.98918,12.8,0.031
55,,11/6/2019 15:00,-1.18056,0.99071,12.8,0.034
55,,11/21/2019 13:19,-0.94121,0.96877,11,0.006
55,,11/21/2019 13:20,-0.96283,0.97492,11,0.006
55,,12/20/2019 10:07,-0.75406,0.98156,1.1,0.004
55,,12/20/2019 10:08,-0.71517,0.982,1.1,0.004
54,,6/14/2019 13:16,-9999,-9999,18.8,0.003
54,,6/14/2019 13:17,-9999,-9999,18.9,0.003
54,,11/21/2019 14:08,-2.92905,0.97154,10.8,0.00255
54,,11/21/2019 14:10,-2.6545,0.99426,10.7,0
54,,12/20/2019 10:14,-1.72043,0.9843,0.6,0
54,,12/20/2019 10:15,-2.76397,0.98867,0.6,0
53,,6/14/2019 13:28,-9999,-9999,18.9,0
53,,6/14/2019 13:30,-9999,-9999,18.8,0.403
53,,9/19/2019 13:44,-9999,-9999,20.9,0.095
53,,9/19/2019 13:45,-9999,-9999,20.85455,0.098
53,,11/6/2019 15:44,-1.92332,0.95996,12.4,0.083
53,,11/6/2019 15:45,-1.19642,0.99033,12.4,0.073
53,,11/21/2019 14:01,-1.17716,0.98786,11.1,0
53,,11/21/2019 14:03,-0.9335,0.96811,11,0.006
53,,12/20/2019 10:24,-0.67619,0.96648,0.6,0
53,,12/20/2019 10:26,-0.87528,0.97716,0.5,0
52,,6/12/2019 13:00,-9999,-9999,21.3,0.221
52,,6/12/2019 13:01,-9999,-9999,21.3,0.272
52,,9/18/2019 7:54,-9999,-9999,21.1,0.598
52,,9/18/2019 7:56,-9999,-9999,21.1,0.725
52,,11/6/2019 9:57,-0.01702,0.02658,14,0
52,,11/6/2019 9:59,-0.03908,0.13795,13.4,0.524
52,,11/18/2019 10:24,-0.02304,0.04016,13,0
52,,11/18/2019 10:26,-0.05625,0.16748,12.3,0.036
52,,12/20/2019 12:46,-0.05404,0.17142,4.4,0
52,,12/20/2019 12:47,-0.01028,0.01001,4.2,0
51,,6/12/2019 10:51,-9999,-9999,20.3,0
51,,6/12/2019 10:52,-9999,-9999,20.1,0.507
51,,9/18/2019 9:11,-9999,-9999,21.1,0
51,,9/18/2019 9:13,-9999,-9999,20.9,0.95
51,,11/6/2019 11:38,0.00443,0.00168,12.4,0.069
51,,11/6/2019 11:39,-0.02587,0.11854,12.7,0.071
51,,11/18/2019 11:51,0.01048,0.01081,10.4,0
51,,11/18/2019 11:53,0.00741,0.00348,10.4,0.025
51,,12/20/2019 14:12,-0.0594,0.32549,2.3,0
51,,12/20/2019 14:13,-0.07337,0.52936,2.4,0
50,,6/12/2019 13:04,-9999,-9999,21.3,0.515
50,,6/12/2019 13:06,-9999,-9999,21.3,0.515
50,,9/18/2019 7:58,-9999,-9999,20.9,0
50,,9/18/2019 8:00,-9999,-9999,20.9,0
50,,11/6/2019 9:54,0.12524,0.04834,15.08182,0.501
50,,11/6/2019 9:55,-0.0321,0.12553,14.4,0.498
50,,11/18/2019 10:20,-0.25102,0.5161,14.4,0.034
50,,11/18/2019 10:22,0.0183,0.02205,13.5,0.033
50,,12/20/2019 12:30,0.31419,0.41646,10.8,0
50,,12/20/2019 12:31,-0.04312,0.1389,10.08182,0
49,,6/12/2019 11:12,-9999,-9999,20.1,0.10927
49,,6/12/2019 11:14,-9999,-9999,19.9,0.601
49,,9/18/2019 8:59,-9999,-9999,21.3,0
49,,9/18/2019 9:00,-9999,-9999,21.3,0
49,,11/6/2019 11:28,1.06408,0.97715,12.4,0.087
49,,11/6/2019 11:30,1.1478,0.97696,12.4,0.091
49,,11/18/2019 11:44,0.43774,0.94541,10.4,0.025
49,,11/18/2019 11:45,0.42874,0.93513,10.4,0.028
49,,12/20/2019 13:58,0.05305,0.29135,2.4,0
49,,12/20/2019 14:00,0.02557,0.07896,2.4,0
48,,6/14/2019 11:35,-9999,-9999,17.7,-0.09355
48,,6/14/2019 11:36,-9999,-9999,17.7,0.343
48,,9/18/2019 12:29,-9999,-9999,22.4,0.109
48,,9/18/2019 12:31,-9999,-9999,22.6,0.111
48,,11/6/2019 14:13,-1.91489,0.99211,13.4,0.034
48,,11/6/2019 14:14,-1.7308,0.99205,13.4,0.03
48,,11/21/2019 12:36,-1.24048,0.98471,11,0.009
48,,11/21/2019 12:37,-1.21653,0.98672,11.1,0.011
47,,6/14/2019 11:20,-9999,-9999,18.2,0.44718
47,,6/14/2019 11:22,-9999,-9999,18.2,0.455
47,,9/18/2019 11:33,-9999,-9999,22.1,0.107
47,,9/18/2019 11:35,-9999,-9999,22.4,0.109
47,,11/6/2019 14:01,-2.14847,0.98365,13,0.017
47,,11/6/2019 14:03,-1.64843,0.99507,13,0.025
47,,11/21/2019 12:28,-1.50192,0.96233,10.8,0.011
47,,11/21/2019 12:29,-1.39483,0.98256,10.8,0.011
46,,6/14/2019 10:41,-9999,-9999,17.9,0.418
46,,6/14/2019 10:42,-9999,-9999,17.9,0.425
46,,9/18/2019 11:44,-9999,-9999,22.6,0.133
46,,9/18/2019 11:45,-9999,-9999,22.8,0.135
46,,11/6/2019 13:25,-2.4676,0.99187,13.1,0.049
46,,11/6/2019 13:26,-2.18835,0.99544,13.1,0.07345
46,,11/18/2019 14:58,-1.62937,0.99336,9.9,0
46,,11/18/2019 15:00,-1.68992,0.99157,9.8,0.001
45,,6/14/2019 10:22,-9999,-9999,18,-0.11736
45,,6/14/2019 10:24,-9999,-9999,17.9,0.436
45,,9/18/2019 11:54,-9999,-9999,22.8,0.114
45,,9/18/2019 11:55,-9999,-9999,22.8,0.114
45,,11/6/2019 13:33,-2.35261,0.98525,13.1,0.033
45,,11/6/2019 13:35,-2.03834,0.99388,13.1,0.041
45,,11/18/2019 15:12,-2.10724,0.98291,9.6,0.014
45,,11/18/2019 15:13,0,0,9.6,0.01436
44,,6/14/2019 13:12,-9999,-9999,18.6,0.453
44,,6/14/2019 13:14,-9999,-9999,18.54545,0.457
44,,9/19/2019 14:00,-9999,-9999,20.9,0.138
44,,9/19/2019 14:02,-9999,-9999,21.1,0.141
44,,11/6/2019 14:39,-1.60812,0.99062,13.1,0
44,,11/6/2019 14:41,-1.39984,0.98715,13.1,0.029
44,,11/21/2019 13:04,-1.57547,0.98475,11.1,0
44,,11/21/2019 13:05,-1.22731,0.98866,11.1,0
44,,12/20/2019 9:49,-0.90206,0.97722,5.7,0
44,,12/20/2019 9:50,-0.80038,0.97242,5.2,0
43,,6/14/2019 14:15,-9999,-9999,19.3,0
43,,6/14/2019 14:17,-9999,-9999,19.3,0.512
43,,9/19/2019 13:04,-9999,-9999,20.3,0.108
43,,9/19/2019 13:05,-9999,-9999,20.27273,0.11
43,,11/6/2019 15:06,-2.17766,0.97736,12.8,0.034
43,,11/6/2019 15:08,-1.6297,0.99186,12.8,0.031
43,,11/21/2019 13:27,-1.46999,0.99155,10.8,0.006
43,,11/21/2019 13:28,-1.32097,0.99259,10.8,0.006
43,,12/20/2019 10:00,0,0,2.1,0
43,,12/20/2019 10:01,-0.9408,0.9562,2,0
42,,6/14/2019 13:33,-9999,-9999,18.8,0
42,,6/14/2019 13:34,-9999,-9999,18.9,0
42,,9/19/2019 13:38,-9999,-9999,21.1,0.144
42,,9/19/2019 13:40,-9999,-9999,20.9,0.143
42,,11/6/2019 15:38,-2.35164,0.98793,12.4,0
42,,11/21/2019 13:58,-2.31201,0.98828,11,0
42,,11/21/2019 13:59,-2.13752,0.99053,11.1,0
42,,12/20/2019 10:21,-0.65199,0.96842,0.6,0
42,,12/20/2019 10:22,-0.79019,0.97466,0.6,0
41,,6/14/2019 13:52,-9999,-9999,19.7,0.396
41,,6/14/2019 13:53,-9999,-9999,19.65455,0.39955
41,,9/19/2019 13:21,-9999,-9999,21.1,0.081
41,,9/19/2019 13:22,-9999,-9999,21.3,0.077
41,,11/6/2019 15:25,-2.68387,0.9788,12.7,0.016
41,,11/6/2019 15:26,-1.8077,0.99584,12.7,0.016
41,,11/21/2019 13:46,-2.20671,0.99299,11.1,0
41,,11/21/2019 13:47,-1.76363,0.98996,11.1,0
41,,12/20/2019 10:31,-1.6867,0.99196,0.5,0
41,,12/20/2019 10:33,-1.5417,0.99267,0.5,0
40,,6/14/2019 10:14,-9999,-9999,17.9,0
40,,6/14/2019 10:15,-9999,-9999,18,0.336
40,,9/18/2019 11:59,-9999,-9999,23,0.088
40,,9/18/2019 12:01,-9999,-9999,23,0.137
40,,11/6/2019 13:41,-1.48266,0.99274,13.1,0.043
40,,11/6/2019 13:43,-1.25884,0.99078,13.1,0.013
40,,11/21/2019 12:05,-1.11374,0.98089,12.4,0.004
40,,11/21/2019 12:06,-1.10358,0.98985,12.3,0.006
39,,6/14/2019 10:51,-9999,-9999,18,0
39,,6/14/2019 10:52,-9999,-9999,18,0.504
39,,11/6/2019 13:16,-9999,-9999,13.1,0
39,,11/6/2019 13:17,-9999,-9999,13.1,0.14295
39,,11/18/2019 14:48,-1.37235,0.98707,10.4,0.009
39,,11/18/2019 14:49,-1.37685,0.98784,10.3,0.015
38,,6/14/2019 11:27,-9999,-9999,17.9,0.356
38,,6/14/2019 11:28,-9999,-9999,17.9,0.356
38,,9/18/2019 11:38,-9999,-9999,22.4,0.101
38,,9/18/2019 11:39,-9999,-9999,22.6,0.10027
38,,11/6/2019 14:05,-2.17312,0.98103,13,0.017
38,,11/6/2019 14:07,-1.7539,0.99397,13.1,0.024
38,,11/21/2019 12:24,-1.53748,0.99346,11,0.009
38,,11/21/2019 12:25,0,0,11,0.011
37,,6/14/2019 11:49,-9999,-9999,17.9,0
37,,6/14/2019 11:50,-9999,-9999,17.9,0.44
37,,9/18/2019 12:39,-9999,-9999,22.4,0.128
37,,9/18/2019 12:41,-9999,-9999,22.6,0.126
37,,11/6/2019 14:29,-2.46785,0.99173,13.5,0.105
37,,11/6/2019 14:31,-1.99942,0.99617,13.5,0.006
37,,11/21/2019 12:51,-3.66941,0.98776,11.2,0
37,,11/21/2019 12:52,-2.65226,0.992,11.2,0
36,,6/7/2019 10:46,-9999,-9999,22.1,0.31
36,,6/7/2019 10:48,-9999,-9999,22.1,0.31
36,,9/20/2019 13:47,-9999,-9999,23.3,0
36,,9/20/2019 13:49,-9999,-9999,23.7,0.392
36,,11/4/2019 14:42,-0.03391,0.1608,16.8,0
36,,11/20/2019 14:31,-0.22687,0.77942,14.7,0.077
36,,11/20/2019 14:32,-0.16432,0.76341,14.6,0.072
36,,12/19/2019 12:18,-0.07939,0.47562,5.5,0
36,,12/19/2019 12:20,-0.05427,0.2569,5.8,0
35,,6/7/2019 11:22,-9999,-9999,21.5,0
35,,6/7/2019 11:23,-9999,-9999,21.1,0.487
35,,9/20/2019 13:31,-9999,-9999,23.5,0.409
35,,9/20/2019 13:32,-9999,-9999,23.5,0.408
35,,11/4/2019 15:09,-0.0353,0.13599,15.7,0.016
35,,11/4/2019 15:10,0.02567,0.13168,15.5,0.37
35,,11/20/2019 14:52,-0.23774,0.70259,12.8,0.08
35,,11/20/2019 14:54,-0.0287,0.0639,12.7,0.07445
35,,12/19/2019 12:36,-0.09885,0.62185,7.1,0
35,,12/19/2019 12:37,-0.1494,0.7008,7.1,0.004
34,,6/7/2019 11:49,-9999,-9999,21.9,0.396
34,,6/7/2019 11:51,-9999,-9999,21.9,0.398
34,,9/20/2019 13:14,-9999,-9999,23.9,0.207
34,,9/20/2019 13:16,-9999,-9999,23.9,0.203
34,,11/4/2019 15:33,-0.14263,0.72373,14.9,0
34,,11/4/2019 15:34,-0.21297,0.88614,14.95455,0
34,,11/20/2019 15:17,-0.23782,0.87618,12,0.016
34,,11/20/2019 15:18,-0.33693,0.90066,12,0.013
34,,12/19/2019 12:57,-0.1834,0.55018,6.6,0
34,,12/19/2019 12:58,-0.23938,0.89823,6.35455,0
33,,6/7/2019 12:08,-9999,-9999,22.6,0.359
33,,6/7/2019 12:09,-9999,-9999,22.6,0.363
33,,9/20/2019 12:54,-9999,-9999,23.9,0
33,,9/20/2019 12:56,-9999,-9999,23.9,0
33,,11/4/2019 15:51,-0.67729,0.95507,14.6,0.014
33,,11/4/2019 15:52,-0.5204,0.94093,14.7,0.316
33,,11/20/2019 15:32,-0.6285,0.93405,11.7,0
33,,11/20/2019 15:34,-0.54239,0.94323,11.7,0.013
33,,12/19/2019 13:12,-0.64212,0.97173,5.7,0
33,,12/19/2019 13:14,-0.55755,0.96971,5.6,0
32,,6/12/2019 11:52,-9999,-9999,19.76364,0.57027
32,,6/12/2019 11:54,-9999,-9999,19.7,0.569
32,,9/18/2019 8:54,-9999,-9999,21.5,0
32,,9/18/2019 8:56,-9999,-9999,21.3,0.256
32,,11/6/2019 11:20,-0.45969,0.92584,12,0.066
32,,11/6/2019 11:21,0,0,12.1,0.067
32,,11/18/2019 11:36,-0.43894,0.93703,10.3,0.013
32,,11/18/2019 11:37,0,0,10.4,0.013
32,,12/20/2019 13:32,-0.38424,0.96899,2.1,0
32,,12/20/2019 13:34,-0.35345,0.96705,2.1,0
31,,6/12/2019 10:43,-9999,-9999,21.7,0
31,,6/12/2019 10:44,-9999,-9999,21.3,0.387
31,,9/18/2019 9:28,-9999,-9999,20.9,0.112
31,,9/18/2019 9:30,-9999,-9999,21.1,0.114
31,,11/6/2019 11:45,-1.04934,0.98656,13.1,0.018
31,,11/6/2019 11:47,-1.02381,0.98866,13.1,0.057
31,,12/20/2019 14:05,-0.67593,0.97945,2.4,0
31,,12/20/2019 14:06,-0.74217,0.97489,2.4,0
30,,6/12/2019 12:18,-9999,-9999,20.3,0
30,,6/12/2019 12:20,-9999,-9999,20.5,0
30,,9/18/2019 9:54,-9999,-9999,23.5,-0.03259
30,,9/18/2019 9:55,-9999,-9999,23.5,0.239
30,,11/6/2019 10:29,-0.36302,0.91325,11.7,0.071
30,,11/6/2019 10:31,-0.43729,0.93434,11.9,0.077
30,,11/18/2019 11:02,-0.24432,0.80932,9.9,0
30,,11/18/2019 11:04,-0.27694,0.85194,9.9,0.004
30,,12/20/2019 13:06,-0.3712,0.93004,3.2,0
30,,12/20/2019 13:07,-0.33121,0.94765,3.1,0
29,,6/12/2019 12:55,-9999,-9999,21.1,0.583
29,,6/12/2019 12:56,-9999,-9999,21.5,0.583
29,,9/18/2019 7:49,-9999,-9999,21.3,0.618
29,,9/18/2019 7:51,-9999,-9999,21.3,0.619
29,,11/6/2019 10:01,0.53405,0.96918,13,0.584
29,,11/6/2019 10:03,0.48829,0.95711,12.7,0.583
29,,11/18/2019 10:28,0.9317,0.98638,11.7,0
29,,11/18/2019 10:30,0.63467,0.97722,11.2,0.032
29,,12/20/2019 12:40,0.07778,0.48176,6.6,0
28,,6/7/2019 14:49,-9999,-9999,21.7,0.426
28,,6/7/2019 14:50,-9999,-9999,21.5,0.426
28,,9/25/2019 9:34,-9999,-9999,21.1,0.285
28,,9/25/2019 9:36,-9999,-9999,21.5,0.285
28,,11/4/2019 12:47,-0.69791,0.97537,16.8,0.191
28,,11/4/2019 12:49,-0.66655,0.97623,16.8,0.193
28,,11/20/2019 12:15,-0.79603,0.97859,13.52273,-0.00341
28,,11/20/2019 12:17,-0.61865,0.96032,13.4,0.015
28,,12/19/2019 14:45,-0.53999,0.93521,4.62727,0
28,,12/19/2019 14:46,-0.53176,0.9542,4.5,0
27,,6/7/2019 15:43,-9999,-9999,21.63636,0.65777
27,,6/7/2019 15:44,-9999,-9999,21.7,0.663
27,,9/25/2019 10:22,-9999,-9999,21.9,0.738
27,,9/25/2019 10:24,-9999,-9999,21.9,0.87968
27,,11/4/2019 11:23,0.08186,0.59539,18.2,0.632
27,,11/4/2019 11:25,-0.09094,0.0439,18.4,0.632
27,,11/20/2019 10:33,-9999,-9999,14.3,0.73
27,,11/20/2019 10:34,-9999,-9999,13.8,0.735
27,,12/19/2019 13:46,-0.17943,0.47201,5.17273,0.002
27,,12/19/2019 13:47,-0.07171,0.25461,5.5,0.002
26,,6/7/2019 15:24,-9999,-9999,22.1,0.48
26,,6/7/2019 15:26,-9999,-9999,21.9,0.482
26,,9/25/2019 9:39,-9999,-9999,21.9,0
26,,9/25/2019 9:40,-9999,-9999,21.7,0.187
26,,11/4/2019 12:00,-0.09827,0.43092,17.5,0.384
26,,11/4/2019 12:01,-0.09623,0.4089,17.9,0.384
26,,11/20/2019 11:30,-0.0829,0.27656,11.6,0.026
26,,11/20/2019 11:31,-0.03148,0.04483,11.7,0.03
26,,12/19/2019 14:00,-0.18677,0.70724,5,0
26,,12/19/2019 14:01,-0.09754,0.32775,4.97727,0
25,,6/7/2019 15:04,-9999,-9999,21.7,0.408
25,,6/7/2019 15:05,-9999,-9999,21.7,0.407
25,,9/25/2019 9:44,-9999,-9999,21.9,0.069
25,,9/25/2019 9:45,-9999,-9999,21.7,0.069
25,,11/4/2019 12:10,-0.5416,0.96226,17.9,0.097
25,,11/4/2019 12:11,-0.44799,0.92159,18,0.099
25,,11/20/2019 11:40,-0.38204,0.92562,12.1,0
25,,11/20/2019 11:41,-0.44821,0.9155,12.3,0
25,,12/19/2019 14:25,-0.25297,0.86371,5.1,0
25,,12/19/2019 14:27,-0.36501,0.92739,5.2,0
24,,6/7/2019 15:29,-9999,-9999,21.9,0.513
24,,6/7/2019 15:31,-9999,-9999,21.74545,0.51077
24,,9/25/2019 10:14,-9999,-9999,21.7,0
24,,9/25/2019 10:15,-9999,-9999,21.7,0.11
24,,11/4/2019 12:04,-0.41616,0.92443,17.9,0
24,,11/4/2019 12:05,-0.3775,0.9165,17.9,0.273
24,,11/20/2019 11:36,-0.56597,0.93445,11.7,0
24,,11/20/2019 11:37,0,0,11.67273,0.01527
24,,12/19/2019 14:58,-0.60976,0.92828,4.3,0
24,,12/19/2019 14:59,-0.72568,0.96951,4.3,0
23,,9/25/2019 9:17,-9999,-9999,20.3,0.056
23,,9/25/2019 9:18,-9999,-9999,20.5,0.056
23,,11/4/2019 12:39,-0.30445,0.90897,17.5,0.238
23,,11/4/2019 12:40,-0.34275,0.94617,17.5,0.24136
23,,11/20/2019 12:04,-0.51754,0.96955,13.7,0.004
23,,11/20/2019 12:05,-0.38749,0.96073,13.8,0.00818
23,,12/19/2019 14:36,0,0,4.8,0
23,,12/19/2019 14:37,0,0,4.6,0
22,,6/7/2019 15:38,-9999,-9999,21.7,0.598
22,,6/7/2019 15:39,-9999,-9999,21.5,0.597
22,,9/25/2019 10:18,-9999,-9999,21.9,0
22,,9/25/2019 10:19,-9999,-9999,21.9,0.409
22,,11/4/2019 11:33,-0.11126,0.54375,18.8,0.466
22,,11/4/2019 11:35,-0.10443,0.49218,18.8,0.468
22,,11/20/2019 11:05,-0.04305,0.0891,11.2,0.061
22,,11/20/2019 11:06,0.00282,0.00036,11.2,0.063
22,,12/19/2019 13:53,-0.09875,0.5661,5.12727,0.00509
22,,12/19/2019 13:54,-0.11402,0.61704,4.9,0
21,,6/7/2019 14:40,-9999,-9999,22.6,0.5
21,,6/7/2019 14:42,-9999,-9999,21.9,0.503
21,,9/25/2019 10:10,-9999,-9999,21.5,0.323
21,,9/25/2019 10:11,-9999,-9999,21.5,0.325
21,,11/4/2019 12:52,-0.38153,0.94342,16.7,0.359
21,,11/4/2019 12:53,-0.47632,0.96312,16.7,0.361
21,,11/20/2019 12:19,-0.67597,0.96168,13.4,0
21,,11/20/2019 12:20,-0.49634,0.95944,13.3,0.029
21,,12/19/2019 14:48,-0.66366,0.97061,4.4,0
20,,6/12/2019 11:24,-9999,-9999,19.7,0.007
20,,6/12/2019 11:25,-9999,-9999,19.7,0.415
20,,9/18/2019 9:43,-9999,-9999,21.9,0.04
20,,9/18/2019 9:44,-9999,-9999,22.1,0.04
20,,11/6/2019 11:57,-1.27435,0.97604,13.5,0.012
20,,11/6/2019 11:59,0,0,13.7,0.02
20,,11/18/2019 14:39,-1.13728,0.97424,11,0
20,,11/18/2019 14:40,-0.90061,0.98074,10.8,0.009
20,,12/20/2019 13:44,-0.66245,0.98109,2.2,0
20,,12/20/2019 13:45,-0.63443,0.96179,2.2,0
19,,6/12/2019 12:31,-9999,-9999,20.7,0.501
19,,6/12/2019 12:33,-9999,-9999,20.7,0.5
19,,9/18/2019 8:23,-9999,-9999,21.3,0.343
19,,9/18/2019 8:24,-9999,-9999,21.3,0.353
19,,11/6/2019 10:38,-0.22702,0.66783,12,0.04541
19,,11/6/2019 10:39,-0.13339,0.49752,12.1,0.095
19,,11/18/2019 10:54,-0.16171,0.60712,10.3,0.012
19,,11/18/2019 10:56,-0.15775,0.57654,10.3,0.014
19,,12/20/2019 12:52,-0.15504,0.77902,3.53182,0
19,,12/20/2019 12:54,-0.18799,0.80912,3.4,0
18,,6/12/2019 11:20,-9999,-9999,19.5,-0.05173
18,,6/12/2019 11:22,-9999,-9999,19.5,0.419
18,,9/18/2019 9:37,-9999,-9999,21.47273,-0.02127
18,,9/18/2019 9:39,-9999,-9999,21.7,0.157
18,,11/6/2019 11:53,-0.22613,0.82807,13.3,0
18,,11/6/2019 11:55,-0.2091,0.78829,13.4,0.042
18,,11/18/2019 14:34,-0.2707,0.78369,11.2,0
18,,11/18/2019 14:35,-0.19304,0.71243,11.1,0.02
18,,12/20/2019 13:48,-0.37123,0.94941,2.2,0
18,,12/20/2019 13:49,-0.27135,0.92738,2.1,0
17,,6/12/2019 12:05,-9999,-9999,19.5,0.465
17,,6/12/2019 12:06,-9999,-9999,19.7,0.463
17,,9/18/2019 8:27,-9999,-9999,21.3,0.043
17,,9/18/2019 8:29,-9999,-9999,21.7,0.224
17,,11/6/2019 10:51,0.71993,0.93653,12,0.07527
17,,11/6/2019 10:52,0.60585,0.96111,12,0.074
17,,11/18/2019 11:11,0.9987,0.96983,10.1,0.002
17,,11/18/2019 11:12,0.89701,0.98073,10.1,0.004
17,,12/20/2019 13:13,0.39562,0.7955,2.9,0
17,,12/20/2019 13:14,0.4923,0.95702,2.9,0
16,,6/7/2019 10:55,-9999,-9999,22.4,0.433
16,,6/7/2019 10:57,-9999,-9999,22.1,0.431
16,,9/20/2019 13:43,-9999,-9999,23,0
16,,9/20/2019 13:45,-9999,-9999,23,0.224
16,,11/4/2019 14:53,-0.09136,0.53675,15.8,0.407
16,,11/4/2019 14:55,-0.1092,0.6589,15.8,0.401
16,,11/20/2019 14:35,-0.16462,0.73038,14.6,0.513
16,,11/20/2019 14:37,-0.0953,0.53577,14.3,0.514
16,,12/19/2019 12:22,-0.14517,0.73647,6.3,0
16,,12/19/2019 12:23,-0.19401,0.79351,6.4,0.002
15,,6/7/2019 11:40,-9999,-9999,21.5,0.351
15,,6/7/2019 11:42,-9999,-9999,21.7,0.352
15,,9/20/2019 13:10,-9999,-9999,23.7,0.105
15,,9/20/2019 13:12,-9999,-9999,23.7,0.358
15,,11/4/2019 15:25,-0.02699,0.06411,15.31818,0.08018
15,,11/4/2019 15:27,-0.03041,0.07714,15.2,0.197
15,,12/19/2019 12:50,-0.00475,0.00157,6.6,0
15,,12/19/2019 12:51,-0.03869,0.06523,6.37273,0
14,,6/7/2019 11:13,-9999,-9999,21.7,0.237
14,,6/7/2019 11:15,-9999,-9999,21.7,0.238
14,,9/20/2019 13:35,-9999,-9999,23.5,0.392
14,,9/20/2019 13:37,-9999,-9999,23.3,0.39
14,,11/4/2019 15:05,-0.0562,0.40284,15.7,0.016
14,,11/4/2019 15:06,-0.10473,0.69283,15.7,0.277
14,,11/20/2019 14:47,-0.04883,0.14277,13.3,0.037
14,,11/20/2019 14:49,-0.08846,0.54229,13,0.036
14,,12/19/2019 12:32,-0.20925,0.79468,7.5,0
14,,12/19/2019 12:34,0,0,7.3,0
13,,9/20/2019 13:27,-9999,-9999,23.5,0.383
13,,9/20/2019 13:29,-9999,-9999,23.5,0.39
13,,11/4/2019 15:13,-0.16375,0.81887,15.5,0.016
13,,11/4/2019 15:14,-0.13222,0.73596,15.4,0.27482
13,,11/20/2019 14:56,-0.09527,0.40853,12.7,0.051
13,,11/20/2019 14:57,-0.13517,0.56211,12.7,0.054
13,,12/19/2019 12:39,-0.1214,0.53627,7,0
13,,12/19/2019 12:41,-0.16726,0.68813,6.9,0
12,,6/7/2019 15:20,-9999,-9999,21.9,0.36
12,,6/7/2019 15:21,-9999,-9999,22.1,0.361
12,,9/25/2019 9:59,-9999,-9999,21.7,0.134
12,,9/25/2019 10:01,-9999,-9999,21.5,0.407
12,,11/4/2019 11:46,0.16498,0.72763,19.03636,0.31564
12,,11/4/2019 11:48,0.19099,0.71166,18.9,0.452
12,,11/20/2019 11:17,0.01857,0.02531,11.3,0.06
12,,11/20/2019 11:19,0.03257,0.06443,11.5,0.048
12,,12/19/2019 14:06,-0.00249,0.00055,5.3,0.002
12,,12/19/2019 14:07,-0.16639,0.61146,5.2,0.002
11,,6/7/2019 14:45,-9999,-9999,21.9,0.497
11,,6/7/2019 14:46,-9999,-9999,21.7,0.497
11,,9/25/2019 9:28,-9999,-9999,20.9,0.367
11,,9/25/2019 9:30,-9999,-9999,21.1,0.369
11,,11/4/2019 12:35,0,0,17.5,0.259
11,,11/4/2019 12:36,0,0,17.7,0.27
11,,11/20/2019 11:59,-0.25383,0.8992,13.4,0.00759
11,,11/20/2019 12:01,-0.27573,0.8914,13.5,0.008
11,,12/19/2019 14:55,-0.21871,0.89559,4.2,0
11,,12/19/2019 14:56,-0.13932,0.56673,4.2,0
10,,6/7/2019 15:33,-9999,-9999,21.7,0.003
10,,6/7/2019 15:35,-9999,-9999,21.5,0.589
10,,9/25/2019 10:05,-9999,-9999,21.3,0
10,,9/25/2019 10:07,-9999,-9999,21.5,0.406
10,,11/4/2019 11:38,-0.07745,0.38302,18.4,0.527
10,,11/4/2019 11:39,-0.09235,0.45195,18.2,0.51882
10,,11/20/2019 11:09,-0.03059,0.04605,11.1,0
10,,11/20/2019 11:10,-0.03042,0.04656,11.2,0.052
10,,12/19/2019 13:56,-0.12996,0.65251,4.9,0
10,,12/19/2019 13:58,-0.21698,0.8183,4.9,0.002
9,,6/7/2019 15:12,-9999,-9999,21.65455,-0.10364
9,,6/7/2019 15:13,-9999,-9999,21.7,0.456
9,,9/25/2019 9:51,-9999,-9999,21.9,0
9,,9/25/2019 9:53,-9999,-9999,21.9,0.086
9,,11/4/2019 12:18,-0.17866,0.80809,17.7,0.158
9,,11/4/2019 12:19,-0.14005,0.70284,17.7,0.15832
9,,11/20/2019 11:47,0.00537,0.00287,13,0.035
9,,11/20/2019 11:49,-0.06184,0.24943,13,0.039
9,,12/19/2019 14:19,-0.17846,0.56657,5,0
9,,12/19/2019 14:20,-0.22968,0.8079,5,0
8,,6/7/2019 11:59,-9999,-9999,22.4,0.219
8,,6/7/2019 12:00,-9999,-9999,22.4,0.219
8,,9/20/2019 12:50,-9999,-9999,24.36364,0.18118
8,,9/20/2019 12:52,-9999,-9999,24.2,0.186
8,,11/4/2019 15:44,-0.24115,0.87903,14.6,0
8,,11/4/2019 15:45,-0.21006,0.76732,14.64091,0.26605
8,,11/20/2019 15:25,0.44032,0.92577,11.7,0.018
8,,11/20/2019 15:26,0.10017,0.52023,11.7,0.016
8,,12/19/2019 13:05,-0.16702,0.67827,5.8,0
8,,12/19/2019 13:06,-0.16996,0.84436,5.7,0
7,,6/7/2019 11:31,-9999,-9999,21.3,0.482
7,,6/7/2019 11:33,-9999,-9999,21.3,0.485
7,,9/20/2019 13:22,-9999,-9999,23.5,0.268
7,,9/20/2019 13:24,-9999,-9999,23.5,0
7,,11/4/2019 15:17,-0.13165,0.70738,15.4,0.357
7,,11/4/2019 15:18,-0.10606,0.47938,15.4,0.362
7,,11/20/2019 15:00,-0.04393,0.14007,12.6,0.052
7,,11/20/2019 15:01,0,0,12.6,0.052
7,,12/19/2019 12:43,-0.18562,0.76877,6.7,0
7,,12/19/2019 12:44,-0.21881,0.83175,6.6,0
6,,6/7/2019 10:33,-9999,-9999,21.9,0
6,,6/7/2019 10:34,-9999,-9999,22.1,0.155
6,,9/20/2019 13:59,-9999,-9999,25.1,0.169
6,,9/20/2019 14:00,-9999,-9999,24.9,0.167
6,,11/4/2019 14:31,0,0,18.24545,-0.04773
6,,11/4/2019 14:33,-0.71153,0.97657,18,0.21
6,,11/20/2019 14:10,-9999,-9999,15.4,0.029
6,,11/20/2019 14:11,-9999,-9999,15.4,0.029
6,,12/19/2019 12:05,-0.78376,0.96035,5.1,0.005
6,,12/19/2019 12:06,0,0,5.1,0.001
5,,6/7/2019 10:42,-9999,-9999,22.1,0
5,,6/7/2019 10:43,-9999,-9999,22.1,0.308
5,,9/20/2019 13:55,-9999,-9999,25.9,0.323
5,,9/20/2019 13:56,-9999,-9999,25.6,0.313
5,,11/4/2019 14:39,-0.2289,0.85547,17.3,0.153
5,,11/4/2019 14:40,-0.35765,0.92293,17.2,0.159
5,,11/20/2019 14:23,0,0,15,0.048
5,,11/20/2019 14:25,-0.28997,0.93974,15.01364,0.067
5,,12/19/2019 12:12,-0.18344,0.80105,5.3,0
5,,12/19/2019 12:13,-0.26765,0.87916,5.3,0
4,,6/12/2019 12:46,-9999,-9999,20.9,0.007
4,,6/12/2019 12:47,-9999,-9999,20.9,0.448
4,,9/18/2019 7:36,-9999,-9999,21.1,0.323
4,,9/18/2019 7:37,-9999,-9999,21.1,0.323
4,,11/6/2019 10:13,-1.00575,0.93756,12,0.074
4,,11/6/2019 10:14,-0.64455,0.94787,11.9,0.259
4,,11/18/2019 10:36,-0.60903,0.90108,10.6,0.01
4,,11/18/2019 10:38,-0.6784,0.94745,10.6,0.01
4,,12/20/2019 12:33,-0.64007,0.96584,8.33636,0
4,,12/20/2019 12:35,-0.74027,0.97218,7.7,0
3,,6/12/2019 10:56,-9999,-9999,19.7,0
3,,6/12/2019 10:58,-9999,-9999,19.7,0
3,,9/18/2019 9:33,-9999,-9999,21.3,0.09
3,,9/18/2019 9:34,-9999,-9999,21.3,0.09
3,,11/6/2019 11:50,-1.3246,0.98571,13.1,-0.003
3,,11/6/2019 11:51,-1.09291,0.98927,13.1,0.025
3,,12/20/2019 13:51,-0.46258,0.88395,2,0
3,,12/20/2019 13:53,-0.66487,0.97785,2,0
2,,9/18/2019 9:49,-9999,-9999,23,0.33
2,,9/18/2019 9:50,-9999,-9999,23.3,0.331
2,,11/6/2019 10:25,-0.80139,0.96191,11.7,0.24155
2,,11/6/2019 10:26,-0.4342,0.67234,11.7,0.242
2,,11/18/2019 10:46,-0.53697,0.9227,10.3,0.009
2,,11/18/2019 10:47,-0.48194,0.9208,10.3,0.011
2,,12/20/2019 13:02,-0.34681,0.80162,3.41364,0
2,,12/20/2019 13:04,-0.27898,0.9253,3.2,0
1,,6/12/2019 11:47,-9999,-9999,20.3,0.604
1,,6/12/2019 11:49,-9999,-9999,20.1,0.603
1,,9/18/2019 8:41,-9999,-9999,21.7,0
1,,9/18/2019 8:43,-9999,-9999,21.7,0.676
1,,11/6/2019 11:07,0.66841,0.97776,12.1,0
1,,11/6/2019 11:09,0.91756,0.98287,12.1,0.085
1,,11/18/2019 11:24,0.22335,0.80997,10.3,0.024
1,,11/18/2019 11:26,0.20319,0.84989,10.2,0.024
1,,12/20/2019 13:23,-0.07121,0.48691,2.8,0
1,,12/20/2019 13:24,-0.08575,0.59156,2.8,0
