Collar,Reps,FCH4_dry,FCO2_dry,SWC_mean,EC_mean,TS_mean,TA_mean,Height,datetime
86,2,-0.6535,12.3254,0.4,0.031,25.6,25.67635,10.25,7/27/2022 11:23
85,2,-1.51522,14.38554,0.36549,0.022,25.6,26.23215,8.25,7/27/2022 10:57
72,2,133.95348,5.73305,0.546,0.028,25.9,27.24955,7.38,7/29/2022 12:04
72,2,15.57443,4.62694,0.34065,0.02825,26.4,26.81275,7.38,8/5/2022 11:59
72,2,14.14689,4.13621,0.33242,0.01604,26.28,26.66399,7.38,8/5/2022 12:01
71,2,13.43429,10.50786,0.45682,0.02093,26.173,27.12992,7.63,7/29/2022 11:51
70,2,17.43159,23.21377,0.44616,0.0229,25.6,26.00179,8.38,7/29/2022 11:32
693,2,3609.74741,4.17853,0.529,0.02755,25.6,26.07658,9,7/29/2022 11:35
66,2,-0.18972,3.25734,0.2466,0.007,17,16.70478,8.25,5/13/2022 9:15
66,2,-0.24104,3.57275,0.25608,0.007,16.83667,16.69094,8.25,5/13/2022 9:16
64,2,0.70081,5.44755,0.553,0.033,26.113,27.11575,8.63,7/29/2022 12:11
64,2,0.20965,4.33573,0.49252,0.02252,24.056,26.54351,8.63,6/17/2022 10:39
64,2,0.76366,3.78868,0.492,0.022,23.9,26.20055,8.63,6/17/2022 10:41
693,2,115.32932,10.09777,0.5643,0.0396,26.2,27.19394,8.63,7/29/2022 11:54
62,2,70.0756,3.10638,0.48912,0.0234,25.9,26.94741,6.63,7/29/2022 11:48
61,2,0.47969,9.56463,0.44882,0.025,25.4,25.7491,9,7/29/2022 11:24
60,4,-0.18732,3.59969,0.1118,0.001,17.285,17.41116,8.75,5/25/2022 10:31
60,4,-0.25348,2.97298,0.10325,0.001,17.2,17.39284,8.75,5/25/2022 10:32
60,3,-19.24621,0.2951,0.1217,0.001,17.3,17.56875,8.75,5/25/2022 10:28
60,3,13.26199,4.8961,0.11635,0.001,17.3,17.41706,8.75,5/25/2022 10:29
60,2,-0.16972,5.66484,0.29008,0.01983,24.175,23.82365,8.75,6/15/2022 9:20
60,2,-0.18617,4.93393,0.28962,0.02014,23.848,23.72951,8.75,6/15/2022 9:23
60,2,-2.32938,20.65037,0.35893,0.03,25.78,26.09571,8.75,7/27/2022 10:54
60,2,-3.00421,13.13285,0.20005,0.017,21.3,21.08293,8.75,8/17/2022 9:02
60,2,-2.26174,12.41864,0.20516,0.01646,21.3,21.04974,8.75,8/17/2022 9:04
59,2,-1.35528,18.02541,0.38109,0.03371,25.633,26.21648,8.13,7/27/2022 12:13
56,2,-3.00073,34.14081,0.40747,0.036,25.6,25.6954,9.38,7/27/2022 11:39
55,2,-0.29186,11.19209,0.36656,0.02948,25.6,25.68981,7.5,7/27/2022 11:12
54,2,-1.81972,20.87359,0.43062,0.03578,25.6,25.66783,8.25,7/27/2022 11:44
53,2,-0.53007,18.87992,0.47602,0.03899,25.522,25.57252,9.25,7/27/2022 11:51
52,2,293.28574,2.34982,0.661,0.043,26.4,27.23413,7.63,7/29/2022 12:24
51,2,336.1721,5.05529,0.5457,0.02815,25.4,25.76514,8,7/29/2022 11:21
51,2,46.1926,4.79629,0.17968,0.001,28.462,28.2178,8,8/10/2022 10:07
51,2,46.27381,5.02695,0.19406,0.001,28.3,28.00823,8,8/10/2022 10:09
50,2,160.99597,2.35029,0.528,0.021,25.9,27.1996,6.25,7/29/2022 12:17
49,2,909.73932,1.11828,0.41012,0.02312,25.6,26.23638,8.13,7/29/2022 11:38
44,2,-1.19537,19.28637,0.40524,0.03644,25.6,25.82299,8.38,7/27/2022 11:36
43,2,-1.05238,26.59277,0.35518,0.02964,25.6,25.82249,7.75,7/27/2022 11:09
42,2,-1.71046,23.9969,0.37353,0.0265,25.6,25.66016,10.5,7/27/2022 11:57
41,2,-1.31255,20.35011,0.42985,0.02469,25.6,25.74955,9.88,7/27/2022 12:06
37,2,-0.63371,5.39198,0.19,0.00475,17.31,16.85377,9,5/13/2022 9:11
37,2,-0.79392,6.63963,0.22303,0.005,17.26333,16.80751,9,5/13/2022 9:13
32,2,12.68639,16.3671,0.54549,0.02549,25.9,26.49305,5.25,7/29/2022 11:44
31,2,-0.59426,8.66821,0.07264,0.00344,27.8,29.81597,8.38,7/20/2022 11:30
31,2,-0.60253,7.98288,0.19123,0.00872,27.954,29.58697,8.38,7/20/2022 11:33
31,2,-0.26719,12.70339,0.19506,0.009,25.506,25.89973,8.38,7/29/2022 11:26
30,3,0.48972,7.36111,0.505,0.022,26.4,27.08802,6.88,7/29/2022 12:28
30,2,-0.08729,1.92198,0.00887,0,14.3,18.3834,6.88,5/11/2022 10:41
30,2,0.00319,1.62184,0.01187,0,14.41333,18.48297,6.88,5/11/2022 10:43
30,2,0.72547,5.65384,0.38064,0.014,25.4,25.78832,6.88,7/29/2022 11:11
29,2,2349.96552,1.67677,0.62106,0.03722,26.32475,27.35029,8.88,7/29/2022 12:21
20,2,0.34954,5.27894,0.3531,0.01748,26.4,27.11614,11,7/29/2022 12:30
20,2,0.89713,2.76545,0.34651,0.01149,25.9,26.2558,11,8/5/2022 10:40
20,2,0.36427,1.83561,0.346,0.012,25.9,26.12275,11,8/5/2022 10:42
19,2,52.55883,12.22778,0.54755,0.03655,25.9,27.2326,8.13,7/29/2022 12:01
18,2,0.60023,8.47447,0.33704,0.0123,25.822,26.26014,7.63,7/29/2022 11:41
17,2,23.94354,5.54386,0.5402,0.0264,26.02,27.13666,8.88,7/29/2022 11:58
2,2,1.6216,16.25517,0.45924,0.02436,25.948,27.11064,9,7/29/2022 12:14
3,3,1.37395,8.64479,0.376,0.018,27.5,30.56484,8.75,7/20/2022 11:20
3,3,1.13659,7.5203,0.376,0.018,27.5,30.30669,8.75,7/20/2022 11:23
3,2,-0.08587,12.82228,0.405,0.017,25.6,26.02281,8.75,7/29/2022 11:29
2,3,-0.04121,1.36565,0.04585,0,15.8,17.02622,9.38,5/11/2022 10:13
2,3,-0.06979,1.24381,0.04027,0,15.8,16.77769,9.38,5/11/2022 10:14
2,3,0.02329,6.18034,0.49025,0.023,25.175,25.24188,9.38,7/22/2022 9:35
2,3,0.1033,5.30068,0.49017,0.023,25.1,25.0505,9.38,7/22/2022 9:37
2,2,-9999,-9999,0.0635,0,16.3,17.15403,9.38,5/11/2022 10:02
2,2,-9999,-9999,0.05941,0,16.2082,16.88056,9.38,5/11/2022 10:04
2,2,-9999,-9999,0.491,0.023,25.4,25.3468,9.38,7/22/2022 9:33
2,2,0.21353,6.49125,0.41316,0.017,25.9,27.07208,9.38,7/29/2022 12:08
693,,19.76271,1.36323,0.00005,0,14.89,18.06213,9,5/11/2022 11:10
693,,16.23314,1.20772,0.00193,0,14.7,17.63562,9,5/11/2022 11:11
693,,188.74177,2.80624,0.50395,0.03898,22.8,26.79148,9,5/20/2022 13:09
693,,118.7041,2.30775,0.56652,0.04368,22.73667,26.44215,9,5/20/2022 13:10
693,,1701.45862,1.44861,0.26333,0.004,18.7,19.89593,9,5/25/2022 12:35
693,,128.00184,1.74824,0.40317,0.00608,18.38333,19.56982,9,5/25/2022 12:37
693,,2047.55717,1.62488,0.31068,0.0198,22.532,24.16138,9,6/10/2022 11:29
693,,231.76487,1.74299,0.46728,0.02628,22.6,23.46352,9,6/10/2022 11:31
693,,715.96686,5.15779,0.53986,0.03857,23.386,23.50179,9,6/29/2022 9:40
693,,352.82789,3.94901,0.54046,0.03738,22.876,22.95323,9,6/29/2022 9:42
693,,442.72436,2.28096,0.37903,0.02052,24.7,25.19152,9,7/6/2022 9:47
693,,276.57739,1.77654,0.4636,0.02488,24.616,25.0516,9,7/6/2022 9:49
693,,1154.18382,2.5252,0.40208,0.01406,24.9,25.51486,9,7/15/2022 9:39
693,,560.04586,2.30778,0.44135,0.01687,24.762,25.28218,9,7/15/2022 9:41
693,,270.59414,2.52119,0.58654,0.04223,28.231,29.82215,9,7/20/2022 11:54
693,,641.53982,2.32488,0.58272,0.0426,28.3,29.55825,9,7/20/2022 11:56
693,,211.32776,1.40212,0,0,25.024,25.06167,9,7/29/2022 10:14
693,,4941.02514,6.44983,0.52408,0.02902,25.4,25.80929,9,8/3/2022 10:03
693,,2513.23559,6.46002,0.53614,0.03,25.271,25.5715,9,8/3/2022 10:05
693,,5883.21369,3.31763,0.34256,0.00627,27.719,28.35915,9,8/10/2022 10:33
693,,5107.69852,4.47346,0.34788,0.0076,27.5,28.17215,9,8/10/2022 10:35
639,,1.22637,1.5696,0.00227,0,14.3,17.50621,8.63,5/11/2022 10:53
639,,1.04184,1.32433,0.0073,0,14.3,17.3487,8.63,5/11/2022 10:54
639,,4.35671,3.98828,0.2176,0.0172,22.72,25.73259,8.63,5/20/2022 12:59
639,,2.58136,3.4546,0.54233,0.043,22.6,25.69605,8.63,5/20/2022 13:01
639,,8.02073,1.98736,0.33077,0.00543,18.6,20.30016,8.63,5/25/2022 12:54
639,,13.82216,2.08085,0.374,0.0232,18.52,20.3043,8.63,5/25/2022 12:55
639,,7.25517,3.96226,0.47335,0.03381,22.546,24.15875,8.63,6/10/2022 11:13
639,,7.94529,3.75337,0.44371,0.01787,22.442,23.86646,8.63,6/10/2022 11:15
639,,3.91333,4.75819,0.42313,0.02488,21.85446,22.87617,8.63,6/29/2022 10:12
639,,3.96465,4.08232,0.512,0.03012,21.644,22.71368,8.63,6/29/2022 10:14
639,,1.91702,5.25612,0.47086,0.01826,24.768,25.65799,8.63,7/6/2022 10:19
639,,2.04065,4.49861,0.473,0.01871,24.667,25.46276,8.63,7/6/2022 10:21
639,,1.64233,4.74997,0.50744,0.03144,24.4,25.76197,8.63,7/15/2022 10:09
639,,4.12179,4.11607,0.50438,0.03238,24.396,25.62231,8.63,7/15/2022 10:12
639,,29.9268,5.19101,0.59693,0.03352,24.9,25.6302,8.63,7/22/2022 10:09
639,,22.16003,4.49821,0.599,0.033,25.07667,25.62687,8.63,7/22/2022 10:10
639,,25.26865,5.37308,0.53899,0.032,25.1,25.44532,8.63,7/29/2022 10:34
639,,12.22817,7.12143,0.55917,0.03117,25.1,26.32534,8.63,8/3/2022 10:34
639,,8.27264,5.62356,0.559,0.031,25.1,26.22081,8.63,8/3/2022 10:36
639,,8.47644,6.07258,0.3512,0.00666,27.002,28.54828,8.63,8/10/2022 11:05
639,,13.61819,6.02711,0.35864,0.007,26.9,28.41314,8.63,8/10/2022 11:07
88,,-0.36889,2.32104,0.01725,0,16.3,18.83248,9.25,5/11/2022 11:40
88,,-0.35949,2.29471,0.01758,0,16.3,18.82766,9.25,5/11/2022 11:41
88,,-0.48742,5.83284,0.37365,0.028,20.9,23.31488,9.25,5/20/2022 10:14
88,,-0.43476,5.24961,0.37667,0.02733,20.9,23.25271,9.25,5/20/2022 10:15
88,,-0.29031,5.50495,0.10695,0.001,17.7,18.42925,9.25,5/25/2022 11:18
88,,-0.24789,4.3489,0.1156,0.001,17.7,18.41441,9.25,5/25/2022 11:19
88,,-0.33461,5.70561,0.41889,0.03698,22.478,24.70867,9.25,6/10/2022 12:46
88,,0,0,0.423,0.038,22.6,24.59485,9.25,6/10/2022 12:48
88,,0.04244,2.43577,0.31748,0.02425,22.8,24.92914,9.25,6/15/2022 10:26
88,,-0.14853,4.26968,0.45028,0.0344,22.8,24.7827,9.25,6/15/2022 10:28
88,,-0.34923,5.46462,0.403,0.0366,23,24.72981,9.25,6/29/2022 11:20
88,,-0.3418,5.13996,0.403,0.03646,22.8,24.64973,9.25,6/29/2022 11:22
88,,-0.2869,6.53653,0.447,0.04649,23.9,24.68319,9.25,7/7/2022 17:16
88,,-0.26928,5.80401,0.451,0.04654,23.9,24.61771,9.25,7/7/2022 17:18
88,,-0.32929,6.0225,0.4405,0.04125,23.5,24.62502,9.25,7/13/2022 9:46
88,,-0.32557,5.64876,0.44,0.041,23.5,24.48323,9.25,7/13/2022 9:49
88,,-0.50626,6.2866,0.39604,0.03348,25.6,26.05086,9.25,7/20/2022 9:48
88,,-0.59583,6.18138,0.39928,0.03243,25.6,25.99821,9.25,7/20/2022 9:50
88,,-0.40273,6.34764,0.43527,0.037,25.6,25.74539,9.25,7/27/2022 11:26
88,,-0.60497,7.40745,0.435,0.03791,25.6,26.86963,9.25,8/3/2022 11:16
88,,-0.59292,7.12385,0.435,0.038,25.6,26.87781,9.25,8/3/2022 11:18
88,,-0.84982,5.45924,0.24355,0.0221,21.7,21.88558,9.25,8/17/2022 9:23
88,,-0.86618,5.80709,0.29212,0.02691,21.7,21.83049,9.25,8/17/2022 9:25
87,,-0.18674,1.09688,0,0,16,19.32422,8.5,5/11/2022 12:01
87,,-0.21054,1.20734,0.01088,0,16.2,19.20371,8.5,5/11/2022 12:03
87,,-0.71823,6.37438,0.32167,0.022,20.9,22.77388,8.5,5/20/2022 9:53
87,,-0.67573,5.49695,0.32117,0.022,20.9,22.68766,8.5,5/20/2022 9:54
87,,0,0,0.09987,0.00097,17.29667,17.97327,8.5,5/25/2022 10:45
87,,-0.43357,4.42341,0.10415,0.001,17.2,17.95158,8.5,5/25/2022 10:46
87,,-0.51127,5.64932,0.37355,0.028,22.4,24.62488,8.5,6/10/2022 12:19
87,,0,0,0.376,0.028,22.4,24.53406,8.5,6/10/2022 12:22
87,,-0.54363,7.00673,0.2739,0.02046,22.8,23.86303,8.5,6/15/2022 9:39
87,,-0.49342,6.30573,0.41478,0.03111,22.8,23.8785,8.5,6/15/2022 9:41
87,,-0.65869,6.4606,0.28384,0.01762,24.158,26.35849,8.5,6/29/2022 12:23
87,,-0.65593,6.33835,0.386,0.0232,24.14,26.23109,8.5,6/29/2022 12:25
87,,-0.49718,7.423,0.39452,0.0316,23.868,24.58909,8.5,7/7/2022 18:03
87,,-0.52721,7.01685,0.47243,0.03838,23.7,24.56209,8.5,7/7/2022 18:05
87,,-0.72479,7.61138,0.39484,0.02808,23.716,23.77505,8.5,7/13/2022 9:08
87,,-0.68002,6.96547,0.395,0.02898,23.504,23.65621,8.5,7/13/2022 9:10
87,,-0.86267,7.99026,0.40078,0.03339,25.9,26.95253,8.5,7/20/2022 10:35
87,,-0.9395,7.67552,0.407,0.033,25.9,26.89697,8.5,7/20/2022 10:37
87,,-0.71066,9.31871,0.467,0.0359,25.6,25.7768,8.5,7/27/2022 12:03
87,,-0.89428,9.35434,0.32818,0.015,26.2,27.84882,8.5,8/3/2022 12:02
87,,-0.83959,8.4141,0.331,0.015,26.2,27.63054,8.5,8/3/2022 12:04
87,,-1.33902,6.89894,0.28896,0.013,21.9,22.17149,8.5,8/17/2022 9:55
87,,-1.25611,6.68101,0.29373,0.01313,21.9,22.14904,8.5,8/17/2022 9:57
86,,-0.38909,2.85888,0.01505,0,17,19.84516,10.25,5/11/2022 12:24
86,,-0.45562,3.46191,0.01747,0,16.94667,19.83395,10.25,5/11/2022 12:25
86,,-0.55841,5.93847,0.3665,0.025,20.95,23.34509,10.25,5/20/2022 10:20
86,,-0.47596,5.01074,0.36868,0.025,21.1,23.37488,10.25,5/20/2022 10:21
86,,-0.24572,3.03192,0.10187,0,17.3,18.29598,10.25,5/25/2022 11:05
86,,-0.24853,3.26545,0.1036,0.001,17.3,18.29413,10.25,5/25/2022 11:06
86,,-0.418,5.23469,0.40327,0.0344,23,25.44296,10.25,6/10/2022 12:55
86,,-0.35953,4.58459,0.40876,0.03408,23,25.54005,10.25,6/10/2022 12:57
86,,-0.39998,7.00102,0.26116,0.0201,22.4,24.18429,10.25,6/15/2022 9:58
86,,-0.39621,5.41351,0.38581,0.03,22.426,24.0778,10.25,6/15/2022 10:00
86,,-0.38711,5.0365,0.36184,0.0276,22.784,25.25639,10.25,6/29/2022 11:51
86,,-0.3727,4.70459,0.361,0.028,22.724,25.27583,10.25,6/29/2022 11:53
86,,-0.38035,7.65351,0.41779,0.0393,23.9,24.71273,10.25,7/7/2022 17:26
86,,-0.45078,6.47286,0.43594,0.03862,23.9,24.65774,10.25,7/7/2022 17:28
86,,-0.63764,11.62686,0.42008,0.04148,23.7,24.86194,10.25,7/13/2022 9:57
86,,-0.40572,7.19647,0.43378,0.04242,23.7,24.80667,10.25,7/13/2022 9:59
86,,-0.61706,9.0729,0.30856,0.02372,25.6,26.23109,10.25,7/20/2022 9:58
86,,-0.49909,7.08478,0.40579,0.032,25.6,26.16603,10.25,7/20/2022 10:01
86,,-0.60295,10.21855,0.46318,0.04098,25.52,25.72398,10.25,7/27/2022 11:15
86,,-0.64225,10.33992,0.41799,0.03306,25.6,26.96562,10.25,8/3/2022 11:26
86,,0,0,0.421,0.03444,25.6,26.8819,10.25,8/3/2022 11:28
86,,-0.65536,7.09644,0.33032,0.02224,21.7,22.03609,10.25,8/17/2022 9:28
86,,-0.54243,6.05552,0.34718,0.03018,21.7,21.96366,10.25,8/17/2022 9:31
85,,-0.47841,2.59744,0.00143,0,17,20.4206,8.25,5/11/2022 12:14
85,,-0.49656,2.59177,0.0037,0,17.17,19.97782,8.25,5/11/2022 12:16
85,,-0.71938,5.37292,0.33377,0.018,21.1,22.65878,8.25,5/20/2022 9:44
85,,-0.66166,4.67042,0.3303,0.018,20.98667,22.63293,8.25,5/20/2022 9:45
85,,0,0,0.08487,0.001,17.22667,17.57744,8.25,5/25/2022 10:34
85,,-0.40117,4.09116,0.0825,0.001,17.3,17.67181,8.25,5/25/2022 10:35
85,,-0.68279,6.47368,0.304,0.016,22.6,24.52785,8.25,6/10/2022 12:05
85,,-0.64867,6.06992,0.30399,0.0155,22.4,24.54249,8.25,6/10/2022 12:08
85,,-0.61689,7.32034,0.28875,0.01775,23.536,23.70842,8.25,6/15/2022 9:25
85,,-0.55894,6.46576,0.40044,0.02424,23.072,23.57338,8.25,6/15/2022 9:27
85,,-1.07745,8.04594,0.33684,0.0186,24.2,26.20227,8.25,6/29/2022 12:09
85,,-1.03304,7.46818,0.34544,0.018,24.2,26.11256,8.25,6/29/2022 12:11
85,,-0.80576,4.16699,0.44483,0.035,23.7,24.58703,8.25,7/7/2022 17:46
85,,0,0,0.446,0.035,23.7,24.52922,8.25,7/7/2022 17:48
85,,-1.03689,10.50663,0.4142,0.0264,23.7,25.04366,8.25,7/13/2022 10:16
85,,-0.93939,9.46662,0.41695,0.027,23.7,24.99944,8.25,7/13/2022 10:18
85,,-1.11975,8.9197,0.38407,0.02231,25.6,26.74079,8.25,7/20/2022 10:19
85,,-1.06144,8.14901,0.385,0.02273,25.6,26.7082,8.25,7/20/2022 10:21
85,,-1.20667,9.62908,0.38408,0.023,25.9,26.45428,8.25,7/27/2022 10:48
85,,-1.20333,9.166,0.388,0.02259,25.6,26.5242,8.25,7/27/2022 10:50
85,,-1.87688,10.92193,0.28093,0.02127,25.711,27.87905,8.25,8/3/2022 11:46
85,,0,0,0.27616,0.021,25.9,27.87375,8.25,8/3/2022 11:48
85,,-60.64791,-206.01093,0.27116,0.01,21.3,20.99092,8.25,8/17/2022 8:57
85,,-2.54329,10.45969,0.27477,0.01,21.3,21.00153,8.25,8/17/2022 9:00
84,,-0.89532,6.1,0.02744,0,16.5,16.88871,8.63,5/13/2022 9:54
84,,-0.80803,5.17819,0.05867,0,16.5,16.85095,8.63,5/13/2022 9:55
84,,-0.76509,6.77336,0.37647,0.03188,21.7,25.73853,8.63,5/20/2022 12:16
84,,-0.70396,6.03826,0.38055,0.031,21.7,25.643,8.63,5/20/2022 12:17
84,,-0.49345,5.98237,0.15127,0.00273,18,18.66472,8.63,5/25/2022 11:28
84,,-0.52939,5.75139,0.15952,0.00268,18,18.57202,8.63,5/25/2022 11:29
84,,-1.03096,10.73894,0.2829,0.022,24.63,28.02585,8.63,6/8/2022 12:48
84,,0,0,0.39198,0.04275,24.7,27.91004,8.63,6/8/2022 12:50
84,,-0.60974,10.00866,0.50656,0.05236,23.282,25.69639,8.63,6/15/2022 11:36
84,,-0.54988,8.25679,0.508,0.052,23.3,25.5831,8.63,6/15/2022 11:38
84,,-1.41807,10.12689,0.29564,0.02352,25.909,25.42793,8.63,7/1/2022 9:20
84,,-1.32547,8.85619,0.37355,0.02985,25.55,25.33125,8.63,7/1/2022 9:22
84,,-0.69791,10.44729,0.41016,0.04232,23.7,24.22193,8.63,7/7/2022 15:46
84,,-0.67818,9.03321,0.4406,0.0444,23.7,24.1709,8.63,7/7/2022 15:48
84,,-0.83881,10.45709,0.46764,0.05118,24.7,26.25033,8.63,7/13/2022 11:48
84,,-0.76491,8.61259,0.469,0.051,24.7,26.12911,8.63,7/13/2022 11:50
84,,-1.32012,10.85268,0.34763,0.035,24.30891,24.61039,8.63,7/27/2022 10:01
84,,-1.20806,9.27956,0.35102,0.034,24.2,24.6011,8.63,7/27/2022 10:04
84,,-0.72538,9.87708,0.40136,0.02208,26.2,27.47622,8.63,8/5/2022 12:44
84,,-0.63302,8.222,0.40239,0.02287,26.2,27.35258,8.63,8/5/2022 12:46
84,,-1.61446,11.12799,0.33732,0.01644,27.8,28.79892,8.63,8/10/2022 11:30
84,,0,0,0.34198,0.017,27.8,28.73651,8.63,8/10/2022 11:32
83,,-0.48461,4.84471,0.0553,0,16.52,16.72624,8,5/13/2022 9:25
83,,-0.43153,4.12734,0.0872,0.00053,16.7,16.70428,8,5/13/2022 9:26
83,,-0.54484,6.17501,0.3726,0.033,21.1,23.46292,8,5/20/2022 10:30
83,,-0.4298,4.81107,0.37685,0.03238,21.1,23.43567,8,5/20/2022 10:31
83,,-0.22841,3.5273,0.27307,0.0066,18.69333,19.20939,8,5/25/2022 12:02
83,,-0.25357,3.80739,0.29975,0.00895,18.6,19.11963,8,5/25/2022 12:04
83,,-0.89702,8.51138,0.14933,0.00957,23.5,25.77098,8,6/8/2022 11:55
83,,-0.81618,7.61896,0.2169,0.0144,23.5,25.7393,8,6/8/2022 11:57
83,,-0.15448,5.24975,0.41348,0.03048,23.144,25.13307,8,6/15/2022 10:54
83,,0.12738,4.09871,0.41647,0.03053,23,25.08693,8,6/15/2022 10:56
83,,-1.15424,8.58922,0.25228,0.02248,24.517,26.28917,8,7/1/2022 10:06
83,,-1.1631,8.18011,0.252,0.023,24.7,26.32275,8,7/1/2022 10:08
83,,-0.53324,6.9682,0.38547,0.034,23.9,25.02785,8,7/7/2022 16:37
83,,0,0,0.38548,0.03452,23.9,24.96275,8,7/7/2022 16:39
83,,-0.69554,8.12855,0.41423,0.03901,24.4,26.1919,8,7/13/2022 10:53
83,,-0.59401,7.44189,0.41876,0.04012,24.256,26.06346,8,7/13/2022 10:55
83,,-0.82405,9.72071,0.414,0.038,23.5,23.49819,8,7/27/2022 9:08
83,,0,0,0.4158,0.038,23.5,23.50297,8,7/27/2022 9:10
83,,-0.14774,6.76692,0.34604,0.02324,26.376,27.67139,8,8/5/2022 13:35
83,,0,0,0.35186,0.017,26.4,27.58854,8,8/5/2022 13:38
83,,-1.02807,9.87697,0.24336,0.01428,27.623,29.42889,8,8/10/2022 12:22
83,,-1.01025,9.07559,0.24784,0.01308,27.8,29.47806,8,8/10/2022 12:24
82,,-1.14283,7.89218,0.129,0.0025,16.75,16.68568,8.25,5/13/2022 9:18
82,,-0.78489,5.27776,0.24773,0.00407,16.7,16.65643,8.25,5/13/2022 9:19
82,,-0.99852,8.6927,0.37583,0.02967,21.3,23.87346,8.25,5/20/2022 10:39
82,,-0.7304,6.26473,0.37395,0.02135,21.3,24.048,8.25,5/20/2022 10:40
82,,0,0,0.26792,0.00808,18.4,19.15823,8.25,5/25/2022 12:12
82,,-0.50207,6.01814,0.28162,0.009,18.4,19.12774,8.25,5/25/2022 12:13
82,,-1.16955,9.39807,0.35604,0.02647,23.8,26.37064,8.25,6/8/2022 12:11
82,,0,0,0.33255,0.02233,23.7,26.27812,8.25,6/8/2022 12:13
82,,-0.48944,7.78994,0.30675,0.02195,23.219,25.30151,8.25,6/15/2022 10:40
82,,0,0,0.38334,0.026,23.246,24.97187,8.25,6/15/2022 10:42
82,,-1.74465,9.83168,0.22765,0.02135,24.978,26.72117,8.25,7/1/2022 10:21
82,,-1.56104,8.37014,0.379,0.035,24.9,26.66008,8.25,7/1/2022 10:23
82,,-0.70972,9.72494,0.35908,0.03423,24.2,24.99329,8.25,7/7/2022 16:45
82,,-0.74824,8.12198,0.361,0.0319,24.2,24.89979,8.25,7/7/2022 16:48
82,,-1.15352,12.12924,0.35277,0.03574,24.9,26.8149,8.25,7/13/2022 10:43
82,,0,0,0.43882,0.04376,24.736,26.75202,8.25,7/13/2022 10:46
82,,-1.64301,13.00667,0.28876,0.02531,23.7,23.44171,8.25,7/27/2022 8:57
82,,-1.31249,9.76903,0.28925,0.02575,23.7,23.44785,8.25,7/27/2022 8:59
82,,-1.06631,11.98964,0.32932,0.0164,26.7,28.00226,8.25,8/5/2022 13:50
82,,-0.88177,9.85771,0.33288,0.017,26.7,27.98015,8.25,8/5/2022 13:52
82,,-1.91474,13.01089,0.23136,0.01047,27.938,30.14006,8.25,8/10/2022 12:38
82,,-1.6151,11.00218,0.25814,0.012,28,30.13119,8.25,8/10/2022 12:40
81,,-0.35213,3.6969,0.03335,0,16.5,16.61745,8.75,5/13/2022 9:31
81,,-0.29888,3.42535,0.07542,0,16.31667,16.57547,8.75,5/13/2022 9:32
81,,-0.46253,5.16858,0.37325,0.02675,21.45,24.00384,8.75,5/20/2022 10:51
81,,-0.46468,4.6933,0.37563,0.02668,21.3,23.97598,8.75,5/20/2022 10:52
81,,-0.31208,4.50722,0.1147,0.00207,18.6,19.47284,8.75,5/25/2022 11:52
81,,-0.3053,3.96009,0.23625,0.00495,18.6,19.46955,8.75,5/25/2022 11:54
81,,-0.72174,7.33636,0.2965,0.015,24.2,25.39834,8.75,6/8/2022 11:40
81,,-0.70763,6.87971,0.29828,0.015,23.985,25.3129,8.75,6/8/2022 11:42
81,,-0.35616,5.64818,0.46323,0.032,23.3,25.21061,8.75,6/15/2022 11:08
81,,-0.3309,5.07821,0.465,0.032,23.162,25.11839,8.75,6/15/2022 11:10
81,,-0.92518,8.32441,0.31701,0.01877,24.688,25.87944,8.75,7/1/2022 9:48
81,,-0.88034,7.80596,0.319,0.01943,24.4,25.81251,8.75,7/1/2022 9:50
81,,-0.30256,6.62661,0.37875,0.0355,23.945,25.12107,8.75,7/7/2022 16:21
81,,-0.28812,5.68392,0.457,0.0432,23.96,24.99638,8.75,7/7/2022 16:23
81,,-0.50922,9.76005,0.43496,0.03604,24.2,26.25754,8.75,7/13/2022 11:12
81,,-0.4178,7.77609,0.437,0.034,24.2,25.99853,8.75,7/13/2022 11:14
81,,-0.46965,7.30786,0.43656,0.032,23.7,24.31362,8.75,7/27/2022 9:24
81,,-0.43041,6.40963,0.438,0.032,23.7,24.23934,8.75,7/27/2022 9:26
81,,-0.23458,5.72532,0.3336,0.012,26.4,27.39713,8.75,8/5/2022 13:15
81,,-0.21375,5.25799,0.34244,0.01266,26.388,27.18507,8.75,8/5/2022 13:17
81,,-0.8118,10.0133,0.31992,0.01296,27.5,29.20245,8.75,8/10/2022 12:02
81,,0,0,0.34874,0.01497,27.5,28.95778,8.75,8/10/2022 12:04
72,,0.21303,1.42207,0.0294,0,15.7,17.32224,7.38,5/11/2022 10:20
72,,0.21618,1.17376,0.039,0,15.47667,17.13755,7.38,5/11/2022 10:21
72,,1.59097,4.38561,0.16695,0.00735,21.9,25.5156,7.38,5/20/2022 12:41
72,,1.42506,3.69301,0.47853,0.0233,21.74667,25.51326,7.38,5/20/2022 12:43
72,,1.23417,3.23907,0.3123,0.005,18.63,20.53847,7.38,5/25/2022 13:01
72,,1.77499,2.93122,0.314,0.005,18.8,20.49005,7.38,5/25/2022 13:02
72,,0.88948,4.20847,0.31517,0.00728,20.7,22.07439,7.38,6/10/2022 10:30
72,,1.85942,3.68626,0.3476,0.00897,20.7,21.97767,7.38,6/10/2022 10:32
72,,3.25896,5.69211,0.50964,0.02532,24.08,26.59834,7.38,6/17/2022 10:28
72,,2.91333,5.0411,0.52858,0.02658,23.9,26.39421,7.38,6/17/2022 10:30
72,,2.25716,4.6528,0.3823,0.02316,21.7,22.94601,7.38,6/29/2022 10:21
72,,1.86601,3.96939,0.46379,0.03007,21.7,22.87488,7.38,6/29/2022 10:23
72,,5.3853,5.88178,0.448,0.01843,24.2,25.87821,7.38,7/6/2022 10:30
72,,4.40208,4.77211,0.45,0.016,24.2,25.73301,7.38,7/6/2022 10:32
72,,6.68692,5.59587,0.5599,0.0349,23.9,25.79154,7.38,7/15/2022 10:25
72,,6.29225,4.3944,0.559,0.034,23.9,25.63637,7.38,7/15/2022 10:27
72,,13.80411,4.67851,0.41125,0.02193,25.1,25.3007,7.38,7/22/2022 9:42
72,,12.54288,4.08086,0.52478,0.02778,25.1,25.32343,7.38,7/22/2022 9:44
72,,15.67666,4.64697,0.52153,0.02153,24.7,25.44311,7.38,7/29/2022 10:44
72,,9.40128,4.50405,0.37048,0.01,22.8,23.32973,7.38,8/17/2022 10:41
72,,9.06428,4.29778,0.37572,0.01096,22.8,23.40976,7.38,8/17/2022 10:43
71,,8.35848,1.78838,0.014,0,14.6,17.37841,7.63,5/11/2022 10:45
71,,6.64988,1.54266,0.01313,0,14.4,16.74062,7.63,5/11/2022 10:46
71,,8.18054,5.82446,0.197,0.0118,21.98,26.38294,7.63,5/20/2022 13:05
71,,34.8852,5.94388,0.4605,0.028,22.51667,26.44838,7.63,5/20/2022 13:07
71,,17.8219,5.21763,0.412,0.04,18.25,20.3144,7.63,5/25/2022 12:50
71,,16.85718,4.14748,0.30608,0.01472,18.4,20.22439,7.63,5/25/2022 12:51
71,,339.50405,6.33587,0.32021,0.00889,22.4,23.79219,7.63,6/10/2022 11:02
71,,248.45215,5.77147,0.43738,0.01281,22.4,23.72617,7.63,6/10/2022 11:04
71,,8.54578,8.20534,0.45445,0.02657,21.814,23.01751,7.63,6/29/2022 10:06
71,,9.44826,7.70979,0.44847,0.02697,21.9,22.96456,7.63,6/29/2022 10:08
71,,4.31033,9.63142,0.4522,0.0146,24.52,25.77268,7.63,7/6/2022 10:14
71,,3.88577,8.26103,0.45,0.014,24.792,25.76227,7.63,7/6/2022 10:16
71,,14.52841,12.79695,0.43736,0.02356,24.28,25.64187,7.63,7/15/2022 10:04
71,,14.35767,11.82432,0.464,0.0254,24.4,25.71854,7.63,7/15/2022 10:06
71,,9.7565,10.89224,0.57243,0.03,25.27,25.94374,7.63,7/22/2022 10:13
71,,23.76131,9.47172,0.572,0.03,25.4,25.94577,7.63,7/22/2022 10:14
71,,5.50061,6.21511,0.46492,0.02404,25.1,25.50489,7.63,7/29/2022 10:31
71,,14.11307,16.06725,0.34508,0.01748,24.996,26.03449,7.63,8/3/2022 10:29
71,,12.99987,13.75059,0.34394,0.016,25.1,26.05466,7.63,8/3/2022 10:31
71,,21.40068,18.21,0.30547,0.00753,26.9,28.41741,7.63,8/10/2022 10:59
71,,18.24058,16.82693,0.30184,0.008,26.9,28.35243,7.63,8/10/2022 11:01
70,,-0.18894,2.09839,0,0,15.93667,19.93081,8.38,5/11/2022 11:17
70,,0,0,0,0,16.22951,20.58985,8.38,5/11/2022 11:19
70,,0.46921,4.96805,0.44167,0.0265,22.6,26.85309,8.38,5/20/2022 13:12
70,,0.5831,4.0477,0.431,0.022,22.6,26.83892,8.38,5/20/2022 13:13
70,,1.03488,5.08495,0.3205,0.005,18.825,20.20471,8.38,5/25/2022 12:32
70,,0.02456,4.66649,0.32967,0.005,18.9,20.18701,8.38,5/25/2022 12:33
70,,0.77589,7.46426,0.41211,0.02268,22.638,25.14055,8.38,6/10/2022 11:24
70,,1.17988,8.09864,0.51046,0.028,22.546,24.87418,8.38,6/10/2022 11:26
70,,-0.06307,5.88788,0.4026,0.0254,23.7,24.11086,8.38,6/29/2022 9:35
70,,0.06495,5.43526,0.41376,0.02654,23.608,24.38045,8.38,6/29/2022 9:37
70,,0.12548,8.2016,0.38934,0.01302,24.914,25.35527,8.38,7/6/2022 9:42
70,,0.05606,6.3856,0.41996,0.014,24.824,25.25038,8.38,7/6/2022 9:44
70,,0.12757,8.32886,0.44568,0.029,25.4,25.83723,8.38,7/15/2022 9:33
70,,0.52287,6.45177,0.44,0.0294,25.1,25.72389,8.38,7/15/2022 9:36
70,,5.64567,7.94072,0.15872,0.0096,28.3,29.49295,8.38,7/20/2022 11:48
70,,0,0,0.499,0.02904,28.012,29.3022,8.38,7/20/2022 11:50
70,,-11.97949,6.58661,0.47948,0.02848,25.1,25.10107,8.38,7/29/2022 10:10
70,,1.76282,10.11585,0.43417,0.02883,25.554,25.75395,8.38,8/3/2022 9:56
70,,0.61455,6.25132,0.43344,0.029,25.4,25.63135,8.38,8/3/2022 9:58
70,,2.73199,12.49114,0.2876,0.0049,28,28.56797,8.38,8/10/2022 10:27
70,,0.52753,7.36915,0.3005,0.006,27.8,28.35619,8.38,8/10/2022 10:29
69,,-0.13796,1.72637,0,0,17,19.73902,8.13,5/11/2022 11:28
69,,-0.17209,1.60496,0,0,17,19.86172,8.13,5/11/2022 11:29
68,,-0.12407,2.32444,0.02915,0,16.39,16.9268,8.25,5/13/2022 9:57
68,,-0.12156,2.2931,0.0559,0,16.3,16.92148,8.25,5/13/2022 9:58
68,,-0.15637,3.16045,0.387,0.0301,21.9,25.97412,8.25,5/20/2022 12:19
68,,-0.14434,3.0507,0.3881,0.03155,21.9,25.81214,8.25,5/20/2022 12:20
68,,-0.0738,2.57357,0.1461,0.0011,18,18.62901,8.25,5/25/2022 11:25
68,,-0.04379,2.46338,0.16507,0.002,18,18.58408,8.25,5/25/2022 11:26
68,,-0.36171,6.08258,0.38784,0.03865,24.87833,27.80258,8.25,6/8/2022 12:53
68,,-0.34655,5.91459,0.3875,0.0385,24.9,27.69407,8.25,6/8/2022 12:56
68,,-0.05678,3.66447,0.33012,0.03024,23,25.76616,8.25,6/15/2022 11:31
68,,-0.06536,3.63621,0.524,0.048,23,25.6382,8.25,6/15/2022 11:33
68,,-0.45942,6.06625,0.32744,0.022,27.128,25.48612,8.25,7/1/2022 9:15
68,,-0.43998,5.81669,0.329,0.0229,26.372,25.34666,8.25,7/1/2022 9:17
68,,-0.04864,3.41571,0.45075,0.04794,23.7,24.25097,8.25,7/7/2022 15:41
68,,-0.06886,3.31628,0.45136,0.04788,23.644,24.20248,8.25,7/7/2022 15:43
68,,0,0,0.42898,0.04491,24.754,26.62967,8.25,7/13/2022 11:53
68,,-0.09731,3.50739,0.4206,0.0446,24.9,26.64186,8.25,7/13/2022 11:55
68,,-0.21616,4.41482,0.347,0.032,24.338,24.85736,8.25,7/27/2022 10:07
68,,-0.21735,4.46746,0.347,0.032,24.4,24.84182,8.25,7/27/2022 10:09
68,,0.04632,3.11967,0.4101,0.0234,26.11,27.8361,8.25,8/5/2022 12:39
68,,0.04796,3.05913,0.4125,0.02415,26.2,27.51835,8.25,8/5/2022 12:41
68,,-0.29822,5.70173,0.29843,0.01349,27.8,28.79375,8.25,8/10/2022 11:25
68,,-0.28569,5.53584,0.30716,0.015,27.8,28.58521,8.25,8/10/2022 11:27
67,,-0.36131,3.86895,0.04107,0,16.5,16.82472,8.25,5/13/2022 9:41
67,,-0.21996,3.18229,0.0605,0,16.5,16.77842,8.25,5/13/2022 9:43
67,,-0.40958,4.73685,0.353,0.022,21.45,24.43879,8.25,5/20/2022 10:57
67,,-0.32329,3.81259,0.35368,0.022,21.9,24.31428,8.25,5/20/2022 10:58
67,,-0.27237,4.8677,0.1879,0.00337,18.2,18.95821,8.25,5/25/2022 11:39
67,,-0.23514,3.98987,0.19233,0.00423,18.2,18.80899,8.25,5/25/2022 11:40
67,,-0.47083,7.07028,0.33965,0.022,23.5,25.52161,8.25,6/15/2022 11:21
67,,-0.40666,5.14909,0.34158,0.022,23.5,25.50586,8.25,6/15/2022 11:23
67,,-1.11611,7.74103,0.22662,0.01776,24.82,25.50492,8.25,7/1/2022 9:34
67,,-0.89703,6.1412,0.28816,0.022,24.7,25.41228,8.25,7/1/2022 9:36
67,,-0.37149,7.46703,0.39359,0.033,23.9,24.72675,8.25,7/7/2022 16:06
67,,-0.31626,5.93344,0.39404,0.032,23.9,24.63349,8.25,7/7/2022 16:08
67,,-0.61448,8.58052,0.4827,0.049,24.4,26.08859,8.25,7/13/2022 11:32
67,,-0.51847,6.52811,0.4908,0.0494,24.4,25.92732,8.25,7/13/2022 11:34
67,,-0.64783,8.94155,0.33044,0.02652,24.2,24.54868,8.25,7/27/2022 9:46
67,,-0.54461,6.91147,0.332,0.026,24.2,24.53863,8.25,7/27/2022 9:48
67,,-0.28158,9.24627,0.3186,0.0162,26.2,27.16988,8.25,8/5/2022 12:59
67,,-0.27404,6.82743,0.32195,0.01615,26.2,27.07012,8.25,8/5/2022 13:01
67,,-0.7437,8.40225,0.25511,0.01192,27.5,29.16253,8.25,8/10/2022 11:46
67,,-0.69965,7.33723,0.2817,0.01395,27.5,29.09572,8.25,8/10/2022 11:48
66,,6.81162,7.25139,0.32573,0.01493,19.71333,17.28025,8.25,5/13/2022 8:55
66,,-12.63664,2.55746,0.3753,0.015,18.99,17.24837,8.25,5/13/2022 8:57
66,,-0.1888,3.01495,0.3204,0.02347,21.15333,24.46264,8.25,5/20/2022 10:42
66,,-0.17847,2.67114,0.31805,0.022,21.3,24.48766,8.25,5/20/2022 10:43
66,,0.01768,1.56882,0.28215,0.00822,18.55667,19.08477,8.25,5/25/2022 12:08
66,,0.21637,-0.46792,0.29687,0.00822,18.4,19.12123,8.25,5/25/2022 12:10
66,,-0.16898,4.62858,0.4232,0.031,22.88,26.31249,8.25,6/15/2022 10:36
66,,-0.12555,4.61293,0.425,0.03146,23,26.33891,8.25,6/15/2022 10:38
66,,-0.76641,6.0003,0.24751,0.01844,24.956,27.30272,8.25,7/1/2022 10:16
66,,-0.73983,5.85525,0.25083,0.01739,25.1,27.1468,8.25,7/1/2022 10:18
66,,-0.29573,5.34072,0.36804,0.03361,24.2,24.983,8.25,7/7/2022 16:50
66,,-0.21176,5.05348,0.36918,0.0346,24.2,24.83952,8.25,7/7/2022 16:52
66,,-0.19492,4.1489,0.37252,0.034,24.616,27.54742,8.25,7/13/2022 10:28
66,,-0.2148,4.06928,0.37831,0.034,24.7,27.73401,8.25,7/13/2022 10:30
66,,58.06281,-72.47056,0.19891,0.01309,24.338,23.33907,8.25,7/27/2022 8:47
66,,-0.15191,4.61197,0.199,0.013,24.2,23.28909,8.25,7/27/2022 8:49
66,,-0.14284,4.2903,0.15662,0.00838,26.646,27.82855,8.25,8/5/2022 13:45
66,,-0.13944,4.13337,0.19073,0.01,26.7,27.70599,8.25,8/5/2022 13:47
66,,-0.57322,5.48048,0.2106,0.0117,27.77,30.09247,8.25,8/10/2022 12:33
66,,-0.53685,5.33796,0.23495,0.013,27.8,30.10855,8.25,8/10/2022 12:35
65,,-0.15884,3.40416,0.05842,0,16.5,16.87438,9.88,5/13/2022 9:44
65,,-0.04556,2.76559,0.061,0,16.3,16.88531,9.88,5/13/2022 9:46
65,,0,0,0.37567,0.02617,21.3,23.57563,9.88,5/20/2022 10:24
65,,-0.22881,5.23805,0.379,0.02758,21.3,23.42784,9.88,5/20/2022 10:25
65,,-0.11051,2.52053,0.20653,0.005,18.2,18.75711,9.88,5/25/2022 11:42
65,,-0.09637,2.95922,0.2122,0.007,18.2,18.66161,9.88,5/25/2022 11:43
65,,-0.55688,8.88523,0.30248,0.02445,23.7,26.04622,9.88,6/8/2022 12:32
65,,-0.4112,6.59885,0.30537,0.02487,23.7,26.05223,9.88,6/8/2022 12:35
65,,-0.09431,7.3777,0.46675,0.03555,23.5,25.45271,9.88,6/15/2022 11:26
65,,-0.10107,5.74622,0.472,0.036,23.3,25.28998,9.88,6/15/2022 11:28
65,,-0.80402,10.28569,0.27105,0.024,24.7,25.56815,9.88,7/1/2022 9:39
65,,-0.52184,7.13983,0.27532,0.024,24.7,25.54797,9.88,7/1/2022 9:41
65,,-0.12785,5.069,0.3808,0.0374,24.14,25.02983,9.88,7/7/2022 16:26
65,,-0.09,4.95068,0.43875,0.04475,23.9,24.90295,9.88,7/7/2022 16:29
65,,-0.36887,9.66288,0.37155,0.036,24.4,26.28284,9.88,7/13/2022 11:27
65,,-0.28115,6.35285,0.36373,0.03543,24.4,26.06128,9.88,7/13/2022 11:29
65,,-0.65862,10.50615,0.32446,0.02977,24.2,24.39491,9.88,7/27/2022 9:40
65,,-0.49001,7.45274,0.324,0.03,24.134,24.302,9.88,7/27/2022 9:42
65,,-0.22477,8.31173,0.27052,0.01576,26.2,27.04245,9.88,8/5/2022 13:04
65,,-0.16663,6.16905,0.27604,0.01681,26.2,26.91177,9.88,8/5/2022 13:06
65,,-0.71147,8.74347,0.20853,0.012,27.641,29.09935,9.88,8/10/2022 11:51
65,,-0.57513,7.67025,0.209,0.013,27.5,29.00317,9.88,8/10/2022 11:53
64,,0.08482,0.82485,0.00975,0,15.8,17.63085,8.63,5/11/2022 10:16
64,,0.03003,0.83227,0.039,0,15.73167,17.65681,8.63,5/11/2022 10:17
64,,1.99905,2.42092,0.11727,0.00547,21.95763,25.38169,8.63,5/20/2022 12:35
64,,1.45273,2.08829,0.407,0.0197,22.1,25.30201,8.63,5/20/2022 12:36
64,,1.14858,2.18555,0.3475,0.00825,18.8,20.65135,8.63,5/25/2022 13:08
64,,0.7809,1.72751,0.36033,0.01,18.8,20.66882,8.63,5/25/2022 13:10
64,,0.27516,2.92972,0.24931,0.00543,22.034,21.53792,8.63,6/10/2022 10:06
64,,0.20784,2.75914,0.37326,0.009,22.074,21.39111,8.63,6/10/2022 10:08
64,,0.2483,4.38454,0.41641,0.016,24.577,26.62524,8.63,6/17/2022 10:15
64,,0.40021,3.94525,0.419,0.016,24.4,26.42977,8.63,6/17/2022 10:17
64,,-0.03181,3.95251,0.40518,0.03,21.582,23.23183,8.63,6/29/2022 10:37
64,,-0.08086,3.41181,0.4047,0.02995,21.5,23.09949,8.63,6/29/2022 10:39
64,,0.00676,4.05265,0.42736,0.02664,24.08,25.88124,8.63,7/6/2022 10:42
64,,-0.02416,3.73618,0.43495,0.03,23.9,25.72392,8.63,7/6/2022 10:44
64,,1.14172,4.94591,0.49955,0.03275,23.9,25.82861,8.63,7/15/2022 10:36
64,,-0.08559,4.1282,0.525,0.036,23.9,25.61318,8.63,7/15/2022 10:38
64,,0.15324,4.056,0.496,0.025,25.1,25.17935,8.63,7/22/2022 9:39
64,,-0.02038,3.04484,0.496,0.025,25.1,25.07341,8.63,7/22/2022 9:40
64,,0.18169,3.64223,0.55773,0.02849,24.7,25.37673,8.63,7/29/2022 10:51
64,,0.28318,3.37518,0.34962,0.01296,26.2,26.65949,8.63,8/5/2022 12:04
64,,0.19516,3.04883,0.36012,0.01483,25.951,26.50629,8.63,8/5/2022 12:06
64,,0.15342,4.01798,0.34846,0.00977,22.766,23.70136,8.63,8/17/2022 10:51
64,,0.04959,3.74959,0.35,0.00988,22.8,23.5813,8.63,8/17/2022 10:53
62,,2.20329,1.71813,0.00338,0,14.3,17.18874,6.63,5/11/2022 10:56
62,,1.3213,1.30239,0.00517,0,14.3,16.92942,6.63,5/11/2022 10:58
62,,52.41716,6.99897,0.1661,0.01063,22.8,25.49185,6.63,5/20/2022 12:56
62,,34.15663,6.40353,0.453,0.029,22.8,25.4148,6.63,5/20/2022 12:58
62,,25.69075,4.35499,0.3482,0.0242,18.2,19.86527,6.63,5/25/2022 12:45
62,,35.5415,3.96423,0.43135,0.029,18.2,19.80231,6.63,5/25/2022 12:47
62,,41.90408,11.52835,0.43501,0.01184,21.952,23.76574,6.63,6/10/2022 10:57
62,,17.28612,5.31896,0.45055,0.0136,22.397,23.25794,6.63,6/10/2022 10:59
62,,2.53208,8.30037,0.40375,0.02465,21.9,22.68986,6.63,6/29/2022 10:01
62,,2.22038,4.82455,0.475,0.029,21.9,22.59026,6.63,6/29/2022 10:03
62,,1.3522,5.40757,0.48573,0.017,24.7,25.53453,6.63,7/6/2022 10:03
62,,0.29728,3.34819,0.487,0.01772,24.484,25.30699,6.63,7/6/2022 10:05
62,,9.54211,7.63,0.46188,0.0338,24.4,25.20268,6.63,7/15/2022 9:59
62,,4.11144,4.84547,0.504,0.036,24.4,25.01496,6.63,7/15/2022 10:01
62,,1477.60595,9.55457,0.546,0.03733,25.41333,25.91749,6.63,7/22/2022 10:17
62,,641.68619,6.54426,0.583,0.041,25.4,25.70654,6.63,7/22/2022 10:19
62,,17.38663,5.20392,0,0,25.048,25.30515,6.63,7/29/2022 10:28
62,,15.15929,5.97501,0.537,0.03347,24.9,25.78482,6.63,8/3/2022 10:24
62,,12.9885,5.14797,0.536,0.035,24.9,25.578,6.63,8/3/2022 10:26
62,,6.03664,3.47809,0.36104,0.00892,26.924,27.94737,6.63,8/10/2022 10:54
62,,7.27203,3.57721,0.36594,0.009,26.9,27.71588,6.63,8/10/2022 10:56
61,,0,0,0.34573,0.01775,23,26.66469,9,5/20/2022 13:24
61,,-0.12459,4.38007,0.34337,0.017,23,26.52727,9,5/20/2022 13:25
61,,-0.08914,3.05615,0.20865,0.00455,18.4,19.637,9,5/25/2022 12:22
61,,-0.10652,3.62716,0.323,0.00608,18.4,19.77878,9,5/25/2022 12:24
61,,-0.14162,3.48735,0.35229,0.01893,21.9,24.50516,9,6/10/2022 11:44
61,,-0.12428,3.59073,0.34422,0.01861,22.098,24.81654,9,6/10/2022 11:46
61,,-0.15288,3.9522,0.25052,0.01136,22.975,25.89139,9,6/29/2022 9:20
61,,-0.16246,3.6481,0.35029,0.016,23.642,27.30745,9,6/29/2022 9:22
61,,-0.09712,5.39657,0.34284,0.013,25.304,26.77938,9,7/6/2022 9:26
61,,-0.13986,4.99177,0.34246,0.013,25.4,26.9092,9,7/6/2022 9:28
61,,-0.07824,4.45822,0.147,0.007,25.1,25.96751,9,7/15/2022 9:17
61,,-0.15053,4.53794,0.14636,0.007,25.112,25.75737,9,7/15/2022 9:20
61,,-0.088,6.38798,0.2742,0.01292,28,29.54489,9,7/20/2022 11:35
61,,-0.12769,6.08999,0.402,0.02,28,29.44708,9,7/20/2022 11:37
61,,0.24296,4.79691,0.45832,0.021,24.9,24.81954,9,7/29/2022 10:00
61,,0.12259,6.68749,0.4316,0.022,25.9,26.16273,9,8/3/2022 9:41
61,,0.05504,6.57737,0.43395,0.02135,25.705,26.0321,9,8/3/2022 9:43
61,,0.21675,7.14832,0.22356,0.003,28,28.3377,9,8/10/2022 10:12
61,,0.12115,6.57355,0.24272,0.004,28,28.1892,9,8/10/2022 10:14
60,,-0.34946,1.90659,0.00467,0,17.2,19.57204,8.75,5/11/2022 12:17
60,,-0.39125,2.23203,0.01177,0,17.2,19.52034,8.75,5/11/2022 12:19
60,,-0.41158,4.90382,0.29565,0.02922,20.94333,22.5634,8.75,5/20/2022 9:47
60,,-0.36908,4.02722,0.30307,0.03063,21.1,22.47095,8.75,5/20/2022 9:48
60,,-0.44357,5.29266,0.24588,0.01812,23.5,26.18434,8.75,6/8/2022 12:05
60,,-0.43049,5.17195,0.25348,0.01983,23.7,26.2152,8.75,6/8/2022 12:08
60,,-0.35603,5.13644,0.3103,0.02953,22.8,24.56829,8.75,6/10/2022 12:01
60,,-0.38499,4.82805,0.31523,0.03059,22.6,24.47052,8.75,6/10/2022 12:03
60,,-9999,-9999,0.23436,0.01344,25.48,23.60707,8.75,6/15/2022 9:16
60,,-9999,-9999,0.28109,0.01629,24.864,23.62976,8.75,6/15/2022 9:18
60,,-0.75868,5.80621,0.2642,0.024,24.2,25.90805,8.75,6/29/2022 12:13
60,,-0.66116,5.26499,0.266,0.024,24.292,25.79715,8.75,6/29/2022 12:15
60,,-0.7448,7.88355,0.331,0.0296,23.7,24.61237,8.75,7/7/2022 17:53
60,,-0.5699,6.59146,0.33,0.029,23.7,24.54315,8.75,7/7/2022 17:55
60,,-0.79215,7.84997,0.33788,0.03347,23.9,25.16867,8.75,7/13/2022 10:21
60,,-0.73738,6.40887,0.34576,0.035,23.9,25.05313,8.75,7/13/2022 10:23
60,,-0.90854,7.6572,0.33635,0.027,25.789,26.76928,8.75,7/20/2022 10:24
60,,-0.84564,6.64565,0.34024,0.02692,25.876,26.7276,8.75,7/20/2022 10:26
60,,-1.07578,8.41811,0.003,0.00034,25.9,25.80752,8.75,7/27/2022 10:42
60,,0,0,0.003,0.001,25.9,25.60571,8.75,7/27/2022 10:44
60,,-2.45632,15.73605,0.2016,0.01504,25.9,27.73972,8.75,8/3/2022 11:51
60,,-2.05837,14.47809,0.20142,0.013,25.9,27.62108,8.75,8/3/2022 11:53
60,,7.95929,-47.27106,0.1723,0.01018,21.3,20.8774,8.75,8/17/2022 8:52
60,,-194.54633,-273.27606,0.17844,0.01258,21.3,20.83845,8.75,8/17/2022 8:54
59,,-0.27528,1.82045,0.01307,0,17.03667,19.98003,8.13,5/11/2022 12:21
59,,-0.22344,1.96264,0.01717,0,17,20.15328,8.13,5/11/2022 12:22
59,,-0.47388,5.91161,0.39822,0.03222,21.05667,22.62263,8.13,5/20/2022 9:50
59,,-0.35206,4.1173,0.399,0.033,20.9,22.69342,8.13,5/20/2022 9:51
59,,-0.22964,4.34378,0.1048,0.001,17.24667,17.99778,8.13,5/25/2022 10:48
59,,0,0,0.0955,0.001,17.3,18.00821,8.13,5/25/2022 10:50
59,,-0.41962,6.05083,0.40306,0.03314,22.4,25.14934,8.13,6/10/2022 12:24
59,,-0.37052,5.09138,0.409,0.035,22.574,25.50025,8.13,6/10/2022 12:26
59,,-0.35685,7.71529,0.33136,0.0241,22.8,23.7797,8.13,6/15/2022 9:35
59,,-0.30763,5.89057,0.3296,0.025,22.8,23.62084,8.13,6/15/2022 9:37
59,,-0.55181,6.51852,0.39744,0.03952,24.304,26.38358,8.13,6/29/2022 12:18
59,,-0.49842,5.7998,0.40062,0.03946,24.2,26.47591,8.13,6/29/2022 12:20
59,,-0.46627,8.14228,0.41964,0.04212,23.7,24.69882,8.13,7/7/2022 17:59
59,,-0.34927,6.69976,0.45102,0.04463,23.7,24.63078,8.13,7/7/2022 18:01
59,,-0.4537,7.5555,0.347,0.028,24.58889,23.88438,8.13,7/13/2022 9:02
59,,-0.45673,6.65884,0.34957,0.02743,24.2,23.85378,8.13,7/13/2022 9:04
59,,-0.96563,8.97646,0.32868,0.03166,25.9,26.91562,8.13,7/20/2022 10:30
59,,-0.85158,7.81461,0.37369,0.036,25.9,26.86027,8.13,7/20/2022 10:32
59,,-0.86426,9.5454,0.0018,0.001,25.6,26.0317,8.13,7/27/2022 12:09
59,,-1.1297,10.00207,0.2976,0.0163,26.2,28.1122,8.13,8/3/2022 11:58
59,,-1.03526,8.6748,0.3016,0.017,26.2,28.04505,8.13,8/3/2022 12:00
59,,2.9015,9.57469,0.28395,0.02,21.9,22.23973,8.13,8/17/2022 10:00
59,,-2.44094,6.71084,0.28628,0.02036,21.9,22.3079,8.13,8/17/2022 10:02
58,,-0.06151,1.13682,0.00673,0,16.55333,20.79622,9.13,5/11/2022 12:11
58,,-0.08784,1.41939,0.006,0,16.77,21.09202,9.13,5/11/2022 12:12
58,,-0.23473,5.46911,0.4094,0.02907,21.1,22.53778,9.13,5/20/2022 9:41
58,,-0.21371,4.20663,0.401,0.0305,21.1,22.59025,9.13,5/20/2022 9:42
58,,-0.03304,2.25554,0.092,0.001,17.275,17.72981,9.13,5/25/2022 10:37
58,,-0.06341,3.23807,0.1025,0.00017,17.28333,17.6639,9.13,5/25/2022 10:39
58,,-0.11756,4.7085,0.25933,0.01898,22.426,25.00758,9.13,6/10/2022 12:10
58,,-0.08959,4.19371,0.361,0.026,22.6,25.12525,9.13,6/10/2022 12:12
58,,-0.12631,6.4197,0.35276,0.02292,23,23.69865,9.13,6/15/2022 9:30
58,,0.00876,5.23962,0.35527,0.02414,22.886,23.7785,9.13,6/15/2022 9:32
58,,-0.14692,5.20974,0.39853,0.02749,23.802,25.98034,9.13,6/29/2022 12:04
58,,-0.11083,4.4261,0.4,0.02756,24.068,26.10722,9.13,6/29/2022 12:06
58,,-0.12112,7.26966,0.3744,0.03356,23.872,24.61817,9.13,7/7/2022 17:41
58,,-0.11506,5.2038,0.4622,0.043,23.7,24.53669,9.13,7/7/2022 17:43
58,,-0.10779,7.4447,0.451,0.03832,23.9,25.07559,9.13,7/13/2022 10:11
58,,-0.13677,5.10229,0.451,0.038,23.874,24.98902,9.13,7/13/2022 10:13
58,,-0.27912,6.2365,0.367,0.03,25.6,26.69262,9.13,7/20/2022 10:14
58,,-0.15677,4.92436,0.36456,0.03,25.6,26.64886,9.13,7/20/2022 10:16
58,,-0.11341,5.50656,0.426,0.026,25.9,26.57401,9.13,7/27/2022 11:00
58,,-0.47865,9.00787,0.402,0.029,25.6,27.33664,9.13,8/3/2022 11:41
58,,-0.3687,6.95996,0.402,0.02959,25.6,27.38734,9.13,8/3/2022 11:43
58,,-0.99579,12.88773,0.2922,0.024,21.314,21.58296,9.13,8/17/2022 9:08
58,,-0.70181,9.22364,0.29209,0.024,21.5,21.49378,9.13,8/17/2022 9:10
57,,-0.32258,2.96086,0.02793,0,16.3,18.56466,9,5/11/2022 11:37
57,,-0.33373,3.11416,0.0213,0,16.3,18.65494,9,5/11/2022 11:38
57,,-0.33592,5.15677,0.315,0.021,20.9,23.17049,9,5/20/2022 10:17
57,,-0.30866,4.93252,0.315,0.021,20.9,23.04857,9,5/20/2022 10:18
57,,-0.17194,4.93621,0.04185,0.00052,17.7,18.46735,9,5/25/2022 11:21
57,,-0.20814,4.48838,0.0924,0.001,17.985,18.35451,9,5/25/2022 11:23
57,,-1.04009,8.46073,0.28427,0.01823,23.855,26.00786,9,6/8/2022 12:27
57,,-0.8463,6.54677,0.28357,0.019,23.7,25.87896,9,6/8/2022 12:29
57,,-0.23236,4.70882,0.24255,0.02082,22.732,24.80677,9,6/10/2022 12:51
57,,-0.22922,4.55628,0.385,0.03409,23,24.78813,9,6/10/2022 12:53
57,,-0.20729,4.94294,0.39244,0.025,22.8,24.74914,9,6/15/2022 10:31
57,,-0.20566,4.74589,0.39559,0.025,22.8,24.5378,9,6/15/2022 10:33
57,,-0.13653,4.61075,0.22996,0.02172,23,24.88041,9,6/29/2022 11:15
57,,-0.15854,4.49989,0.37004,0.03532,23,24.71328,9,6/29/2022 11:17
57,,-0.19354,5.16482,0.46894,0.0511,24.002,24.68433,9,7/7/2022 17:21
57,,-0.17192,4.78293,0.472,0.052,24.083,24.63951,9,7/7/2022 17:23
57,,-0.15355,3.96694,0.30858,0.02756,23.656,24.52259,9,7/13/2022 9:52
57,,-0.15007,3.87856,0.39272,0.03484,23.7,24.47008,9,7/13/2022 9:54
57,,-0.2342,4.66945,0.38057,0.03243,25.6,26.03582,9,7/20/2022 9:53
57,,-0.25646,4.7113,0.383,0.032,25.6,25.94655,9,7/20/2022 9:55
57,,-0.13326,4.08261,0.41498,0.0344,25.6,25.63837,9,7/27/2022 11:19
57,,-0.13613,4.10941,0.38475,0.03353,25.6,26.78431,9,8/3/2022 11:21
57,,0,0,0.435,0.03795,25.6,26.70993,9,8/3/2022 11:23
57,,-0.2952,4.52002,0.31793,0.02702,21.682,21.95751,9,8/17/2022 9:18
57,,-0.30233,4.47612,0.31368,0.01903,21.7,21.8245,9,8/17/2022 9:20
56,,-0.56474,3.60966,0.021,0,16.3,18.41614,9.38,5/11/2022 11:47
56,,-0.55848,3.52848,0.021,0,16.24333,18.50849,9.38,5/11/2022 11:48
56,,-0.37224,4.48194,0.41667,0.04283,20.9,23.12046,9.38,5/20/2022 10:08
56,,-0.32019,3.76289,0.42,0.042,20.9,23.15853,9.38,5/20/2022 10:09
56,,-0.21511,4.15182,0.10867,0.001,17.43333,18.32743,9.38,5/25/2022 11:11
56,,-0.22016,3.83545,0.13617,0.002,17.48333,18.27401,9.38,5/25/2022 11:13
56,,-0.50735,6.92469,0.41745,0.039,22.6,24.7295,9.38,6/10/2022 12:38
56,,-0.48823,6.57242,0.421,0.038,22.4,24.73661,9.38,6/10/2022 12:40
56,,-0.28957,5.92357,0.27818,0.02848,22.6,24.81436,9.38,6/15/2022 10:17
56,,-0.31063,6.00252,0.43876,0.0434,22.6,24.81808,9.38,6/15/2022 10:19
56,,-0.87119,8.02054,0.3412,0.0316,22.8,24.74923,9.38,6/29/2022 11:30
56,,-0.79562,7.3177,0.342,0.032,22.8,24.76044,9.38,6/29/2022 11:32
56,,-0.54663,8.71803,0.3836,0.042,24.14,24.69235,9.38,7/7/2022 17:00
56,,-0.58092,8.68048,0.4484,0.0483,24.08,24.64215,9.38,7/7/2022 17:03
56,,-0.66638,8.52128,0.46073,0.051,23.3,24.37435,9.38,7/13/2022 9:35
56,,-0.59959,7.74498,0.46065,0.05005,23.3,24.43587,9.38,7/13/2022 9:37
56,,-1.10858,9.25213,0.45508,0.04664,26.688,25.7055,9.38,7/20/2022 9:31
56,,-0.98151,8.69543,0.45607,0.04631,26.262,25.69616,9.38,7/20/2022 9:33
56,,-1.03132,10.03127,0.40848,0.042,25.6,25.80271,9.38,7/27/2022 11:33
56,,-2.11668,16.8473,0.35274,0.03242,25.9,26.61315,9.38,8/3/2022 10:59
56,,-1.83754,14.39427,0.3532,0.0324,25.9,26.52482,9.38,8/3/2022 11:01
56,,-3.00732,18.85073,0.33648,0.022,21.948,22.76274,9.38,8/17/2022 10:10
56,,-2.44916,15.26805,0.33829,0.022,22.042,22.6063,9.38,8/17/2022 10:12
55,,-0.26123,1.44113,0.0118,0,16.2,18.97593,7.5,5/11/2022 12:05
55,,-0.22691,1.48485,0.012,0,16.2,19.04265,7.5,5/11/2022 12:06
55,,-0.4645,6.64198,0.3724,0.0276,21.11333,22.28268,7.5,5/20/2022 9:38
55,,-0.40774,5.91593,0.33551,0.02102,21.20164,22.2026,7.5,5/20/2022 9:39
55,,-0.17419,2.85709,0.03452,0.00032,17.3,17.98158,7.5,5/25/2022 10:58
55,,-0.16645,3.13219,0.11047,0.001,17.3,17.93369,7.5,5/25/2022 10:59
55,,-0.16895,3.99186,0.3142,0.01908,23.364,25.16408,7.5,6/10/2022 13:04
55,,-0.16684,3.83224,0.31402,0.01938,23.5,25.2755,7.5,6/10/2022 13:06
55,,-0.19179,4.6645,0.46112,0.046,22.6,24.26474,7.5,6/15/2022 10:03
55,,-0.18989,4.53061,0.45986,0.04538,22.4,24.14171,7.5,6/15/2022 10:05
55,,-0.21609,4.54355,0.2106,0.01495,22.945,25.28091,7.5,6/29/2022 11:55
55,,-0.22303,4.74455,0.32968,0.023,23.442,25.20925,7.5,6/29/2022 11:58
55,,-0.15827,5.00106,0.47601,0.051,23.9,24.63991,7.5,7/7/2022 17:31
55,,-0.13886,4.65865,0.47988,0.05112,23.756,24.51493,7.5,7/7/2022 17:33
55,,-0.12055,4.1129,0.35505,0.03116,23.7,24.74747,7.5,7/13/2022 10:02
55,,-0.10844,4.18033,0.432,0.038,23.7,24.66049,7.5,7/13/2022 10:04
55,,-0.17832,4.18426,0.431,0.03619,25.6,26.3388,7.5,7/20/2022 10:04
55,,-0.17947,4.08318,0.431,0.037,25.6,26.29311,7.5,7/20/2022 10:06
55,,-0.11859,3.37898,0.43506,0.03461,25.6,26.05209,7.5,7/27/2022 11:06
55,,-0.18064,4.6265,0.45376,0.034,25.6,26.77635,7.5,8/3/2022 11:31
55,,-0.17734,4.54616,0.455,0.034,25.6,26.63699,7.5,8/3/2022 11:33
55,,-0.36034,4.74996,0.3654,0.0323,21.84,22.12169,7.5,8/17/2022 9:34
55,,-0.34099,4.70761,0.36345,0.03125,21.9,21.99648,7.5,8/17/2022 9:36
54,,-0.82157,3.92192,0.00953,0,16.2,18.79062,8.25,5/11/2022 11:51
54,,-1.00552,4.64151,0.013,0,16,18.67635,8.25,5/11/2022 11:52
54,,-1.23743,7.64718,0.32567,0.02433,20.73333,22.97311,8.25,5/20/2022 10:05
54,,0,0,0.329,0.026,20.9,22.97674,8.25,5/20/2022 10:06
54,,-1.00631,8.70621,0.0387,0.00045,17.3,18.24909,8.25,5/25/2022 11:08
54,,-0.90847,7.32554,0.08688,0.001,17.47667,18.23176,8.25,5/25/2022 11:10
54,,-1.42526,10.0608,0.27003,0.01771,22.782,24.72968,8.25,6/10/2022 12:33
54,,-1.30793,9.20354,0.255,0.016,22.728,24.65492,8.25,6/10/2022 12:35
54,,-0.99994,9.00326,0.20851,0.01567,22.6,24.51338,8.25,6/15/2022 10:12
54,,-0.92344,7.87661,0.31336,0.022,22.6,24.38932,8.25,6/15/2022 10:14
54,,-1.20601,9.05648,0.01888,0.00208,22.8,24.65145,8.25,6/29/2022 11:35
54,,-1.01698,7.46292,0,0,22.98,24.64052,8.25,6/29/2022 11:37
54,,-0.80923,9.17256,0.4438,0.04,23.9,24.56129,8.25,7/7/2022 17:10
54,,-0.75961,8.04793,0.43957,0.0406,23.9,24.53254,8.25,7/7/2022 17:12
54,,-1.11982,9.98794,0.429,0.0465,23.3,24.24218,8.25,7/13/2022 9:30
54,,-1.02007,9.23677,0.43222,0.04644,23.3,24.24333,8.25,7/13/2022 9:32
54,,-1.4151,11.03506,0.41146,0.036,25.738,26.40659,8.25,7/20/2022 9:42
54,,-1.24723,10.1427,0.414,0.035,25.747,26.29053,8.25,7/20/2022 9:44
54,,397.07567,1.38273,0.6419,0.04673,25.1,25.2835,8.25,7/22/2022 9:54
54,,260.05576,1.4176,0.643,0.046,25.1,25.20434,8.25,7/22/2022 9:55
54,,-1.3486,12.59763,0.40424,0.03566,25.6,25.70739,8.25,7/27/2022 11:41
54,,-1.85594,16.2513,0.432,0.03648,25.6,26.66001,8.25,8/3/2022 11:10
54,,-1.54985,12.76405,0.453,0.037,25.6,26.4621,8.25,8/3/2022 11:12
54,,-2.11891,11.38161,0.37025,0.02015,21.9,22.58402,8.25,8/17/2022 10:05
54,,0,0,0.3712,0.0208,21.9,22.56348,8.25,8/17/2022 10:07
53,,-0.32774,3.10406,0.0045,0,15.8,18.91433,9.25,5/11/2022 11:54
53,,-0.32991,2.99969,0.015,0,15.8,18.79518,9.25,5/11/2022 11:56
53,,-0.33526,6.06622,0.35935,0.03088,20.7,22.80917,9.25,5/20/2022 10:02
53,,-0.21463,4.11542,0.362,0.03053,20.7,22.59025,9.25,5/20/2022 10:03
53,,-0.02619,4.63728,0.09982,0.00082,17.3,17.97403,9.25,5/25/2022 10:52
53,,0.02573,3.42284,0.107,0.001,17.3,17.90694,9.25,5/25/2022 10:53
53,,-0.17381,4.15958,0.2784,0.0225,22.612,25.15961,9.25,6/10/2022 12:29
53,,-0.14047,4.12121,0.42143,0.035,22.65743,24.87722,9.25,6/10/2022 12:31
53,,-0.47205,5.64198,0.4529,0.0422,22.72,23.95302,9.25,6/15/2022 9:49
53,,-0.20591,4.82757,0.467,0.04495,22.53,23.77095,9.25,6/15/2022 9:51
53,,-0.23391,4.81864,0.37704,0.0384,23.096,24.78869,9.25,6/29/2022 11:40
53,,-0.20387,4.39803,0.38032,0.039,22.854,24.68584,9.25,6/29/2022 11:43
53,,-0.13916,5.11007,0.505,0.052,23.7,24.68012,9.25,7/7/2022 18:14
53,,-0.13008,4.46606,0.505,0.052,23.7,24.57266,9.25,7/7/2022 18:16
53,,-0.14734,4.52906,0.39605,0.03678,23,23.71645,9.25,7/13/2022 9:20
53,,-0.15798,4.10225,0.44405,0.042,23,23.64898,9.25,7/13/2022 9:22
53,,-0.28522,5.37939,0.46236,0.043,25.9,27.10019,9.25,7/20/2022 10:50
53,,0,0,0.45716,0.04346,25.9,27.0096,9.25,7/20/2022 10:52
53,,-0.2422,5.39465,0.46845,0.036,25.6,25.79584,9.25,7/27/2022 11:47
53,,-0.389,8.14181,0.3714,0.0154,26.2,27.93835,9.25,8/3/2022 12:18
53,,-0.33113,7.03491,0.37518,0.016,25.9,27.82038,9.75,8/3/2022 12:20
53,,-0.49825,6.54234,0.3247,0.01565,21.9,22.04711,9.25,8/17/2022 9:45
53,,-0.45179,5.93223,0.32741,0.016,21.9,21.96594,9.25,8/17/2022 9:47
52,,2.92939,0.6977,0.03022,0,15.03667,16.81558,7.63,5/11/2022 10:31
52,,2.81371,0.76333,0.037,0,14.9,16.61799,7.63,5/11/2022 10:32
52,,9.25026,2.11753,0.5126,0.0386,21.94,24.98628,7.63,5/20/2022 12:26
52,,4.91399,1.68966,0.51562,0.03823,22.1,24.79666,7.63,5/20/2022 12:27
52,,22.92453,1.60486,0.26533,0.00467,18.86667,20.95448,7.63,5/25/2022 13:16
52,,16.24152,1.56803,0.3981,0.007,19.12,20.86126,7.63,5/25/2022 13:18
52,,122.97168,1.85609,0.31035,0.01005,20.766,21.44569,7.63,6/10/2022 10:25
52,,47.02958,1.77082,0.46572,0.01572,20.7,21.19975,7.63,6/10/2022 10:27
52,,642.65099,1.61392,0.634,0.043,24.306,26.17714,7.63,6/17/2022 10:22
52,,72.97538,1.35376,0.635,0.045,24.044,25.73299,7.63,6/17/2022 10:24
52,,798.84133,2.03319,0.55738,0.0491,21.106,22.9956,7.63,6/29/2022 10:54
52,,269.21605,1.91017,0.574,0.05,21.1,22.79245,7.63,6/29/2022 10:56
52,,410.34832,1.2132,0.53512,0.03853,24.7,26.03373,7.63,7/6/2022 11:09
52,,578.66334,1.55068,0.538,0.038,24.7,25.809,7.63,7/6/2022 11:11
52,,1433.23184,2.17244,0.63351,0.04851,23.9,25.85868,7.63,7/15/2022 10:58
52,,420.60451,1.5639,0.634,0.049,23.9,25.75033,7.63,7/15/2022 11:00
52,,357.16287,1.22674,0.656,0.048,25.02,25.772,7.63,7/29/2022 11:04
52,,94.11822,1.42705,0.45323,0.01161,25.9,26.64533,7.63,8/5/2022 12:26
52,,88.00335,1.05201,0.44924,0.011,26.032,26.60763,7.63,8/5/2022 12:28
52,,970.55003,1.46142,0.43864,0.01663,22.6,23.64154,7.63,8/17/2022 11:13
52,,723.55573,1.50554,0.44084,0.01658,22.6,23.55541,7.63,8/17/2022 11:15
51,,0.30411,3.23976,0.00807,0,16.79833,18.27876,8,5/11/2022 11:32
51,,0.24543,2.74701,0.01373,0,16.61333,18.16046,8,5/11/2022 11:33
51,,1.71611,2.93345,0.5109,0.0334,23,26.29336,8,5/20/2022 13:27
51,,1.51591,2.73348,0.49753,0.03273,23,26.09599,8,5/20/2022 13:29
51,,1.97876,2.299,0.08675,0.00175,18.4,19.27913,8,5/25/2022 12:19
51,,2.29085,2.03368,0.34967,0.004,18.4,19.13584,8,5/25/2022 12:20
51,,37.89808,4.22752,0.42988,0.01844,22.012,23.72977,8,6/10/2022 11:39
51,,28.24232,3.89965,0.43,0.019,21.9,23.48182,8,6/10/2022 11:42
51,,1.33628,7.86196,0.46524,0.01538,23.572,22.57886,8,6/29/2022 9:13
51,,1.28105,7.99393,0.466,0.015,23.085,22.58138,8,6/29/2022 9:15
51,,2.21052,5.8262,0.454,0.01356,25.6,24.80681,8,7/6/2022 9:21
51,,2.03259,5.63157,0.45699,0.014,25.217,24.73472,8,7/6/2022 9:23
51,,0.8645,4.03747,0.4921,0.0306,25.58,24.90214,8,7/15/2022 9:12
51,,0.73775,4.24209,0.493,0.03016,25.352,24.75284,8,7/15/2022 9:14
51,,20.80393,3.57774,0.54208,0.032,28,29.09695,8,7/20/2022 11:41
51,,28.65113,3.44109,0.21197,0.0094,28,28.79002,8,7/20/2022 11:43
51,,102.06522,5.13888,0.518,0.026,24.9,24.69491,8,7/29/2022 9:56
51,,6.28425,0.27468,0.4584,0.021,26.4,25.71892,8,8/3/2022 9:36
51,,21.56957,4.85623,0.46,0.021,26.254,25.88727,8,8/3/2022 9:38
51,,-9999,-9999,0.07781,0,29.314,28.44024,8,8/10/2022 10:01
51,,-9999,-9999,0.12404,0,28.9,28.19077,8,8/10/2022 10:04
50,,1.60792,0.62624,0.0306,0,14.43,16.54056,6.25,5/11/2022 10:38
50,,1.28061,0.50755,0.031,0,14.3,16.45654,6.25,5/11/2022 10:39
50,,3.68616,0.83779,0.36975,0.02175,21.9,25.23833,6.25,5/20/2022 12:23
50,,3.42975,0.82182,0.49418,0.03,21.9,24.80279,6.25,5/20/2022 12:24
50,,28.44193,1.21423,0.50275,0.04725,19.6,20.56063,6.25,5/25/2022 13:24
50,,19.52482,1.02674,0.51902,0.04666,19.3,20.32211,6.25,5/25/2022 13:25
50,,55.20262,0.7802,0.42996,0.01188,21.9,21.65682,6.25,6/10/2022 10:15
50,,44.72478,0.70706,0.43484,0.012,21.816,21.34895,6.25,6/10/2022 10:17
50,,8.0309,0.79434,0.34484,0.02292,21.086,23.13172,6.25,6/29/2022 10:59
50,,4.84258,0.75757,0.512,0.03588,20.9,22.93109,6.25,6/29/2022 11:02
50,,0.5754,0.69626,0.4436,0.0114,24.7,26.10046,6.25,7/6/2022 10:58
50,,0.41556,0.66235,0.444,0.01095,24.7,25.88067,6.25,7/6/2022 11:00
50,,795.75839,1.3571,0.5719,0.03015,23.9,25.58807,6.25,7/15/2022 10:53
50,,441.78614,1.12078,0.573,0.031,23.9,25.21145,6.25,7/15/2022 10:55
50,,786.33308,0.78834,0.5723,0.03048,24.9,25.23152,6.25,7/22/2022 10:01
50,,319.76364,0.83555,0.5816,0.0306,24.9,24.99295,6.25,7/22/2022 10:03
50,,1251.41816,1.64598,0.56001,0.03002,24.9,25.48118,6.25,7/29/2022 10:57
50,,0.65424,0.51422,0.43358,0.011,25.594,26.35198,6.25,8/5/2022 12:15
50,,0.31107,0.49871,0.43724,0.0116,25.4,26.2049,6.25,8/5/2022 12:17
50,,49.47162,1.53233,0.39866,0.01218,22.8,23.68911,6.25,8/17/2022 11:02
50,,37.71898,1.42141,0.40366,0.0124,22.634,23.33832,6.25,8/17/2022 11:04
49,,42.54635,1.04024,0,0,14.925,18.04696,8.13,5/11/2022 11:13
49,,41.57698,1.07548,0,0,15.64167,18.20738,8.13,5/11/2022 11:15
49,,93.8758,0.25896,0.4581,0.0383,18.01,19.70405,8.13,5/25/2022 12:39
49,,22.1641,0.26916,0.422,0.006,18.2,19.60725,8.13,5/25/2022 12:40
49,,49.1952,1.37434,0.5736,0.04424,22.388,23.63732,8.13,6/10/2022 11:34
49,,36.6602,1.27452,0.525,0.0308,22.1,23.37695,8.13,6/10/2022 11:36
49,,15.38391,1.59103,0.26042,0.0145,22.568,22.713,8.13,6/29/2022 9:45
49,,53.03569,1.28722,0.47852,0.028,22.2,22.47328,8.13,6/29/2022 9:47
49,,1.66008,1.01165,0.48667,0.01421,24.4,25.06513,8.13,7/6/2022 9:52
49,,1.26513,0.99618,0.48887,0.015,24.346,24.9308,8.13,7/6/2022 9:54
49,,36.81929,1.66288,0.577,0.0411,24.535,25.33234,8.13,7/15/2022 9:43
49,,16.8207,1.43724,0.57792,0.04237,24.4,25.11651,8.13,7/15/2022 9:46
49,,638.4997,1.12828,0.59205,0.0433,28.3,30.36373,8.13,7/20/2022 11:59
49,,1876.9236,0.92491,0.5799,0.0446,28.3,30.25476,8.13,7/20/2022 12:01
49,,1280.28177,0.55147,0.63325,0.035,24.95,25.06164,8.13,7/29/2022 10:17
49,,224.74782,2.09462,0.36977,0.02555,25.1,25.60565,8.13,8/3/2022 10:07
49,,148.54121,1.97222,0.509,0.03578,25.1,25.54097,8.13,8/3/2022 10:09
49,,249.88694,1.93656,0.2979,0.0072,27.5,28.36858,8.13,8/10/2022 10:38
49,,204.44926,1.81218,0.33195,0.00835,27.5,28.29668,8.13,8/10/2022 10:40
48,,-0.09599,2.97555,0.08787,0.00177,16.65333,16.69125,9.13,5/13/2022 9:21
48,,-0.05626,2.55045,0.08818,0.00182,16.66333,16.67859,9.13,5/13/2022 9:23
48,,-0.29215,4.0064,0.321,0.028,21.1,23.41652,9.13,5/20/2022 10:27
48,,-0.19012,3.06548,0.321,0.028,21.1,23.31778,9.13,5/20/2022 10:28
48,,-0.08817,2.54149,0.2744,0.009,18.51,19.15591,9.13,5/25/2022 12:05
48,,-0.06807,2.60784,0.25583,0.009,18.6,19.09643,9.13,5/25/2022 12:07
48,,-0.30285,5.14479,0.16061,0.01107,23.5,26.01222,9.13,6/8/2022 12:00
48,,-0.28145,4.59294,0.15608,0.01,23.5,25.97062,9.13,6/8/2022 12:03
48,,-0.12298,3.96385,0.37525,0.03447,23.3,25.27145,9.13,6/15/2022 10:50
48,,-0.20013,2.19736,0.37588,0.03636,23.192,25.05738,9.13,6/15/2022 10:52
48,,-0.38016,5.21349,0.1697,0.01573,24.7,26.44271,9.13,7/1/2022 10:11
48,,-0.32656,5.16575,0.23879,0.02259,24.81881,26.53044,9.13,7/1/2022 10:13
48,,-0.23621,6.09421,0.33145,0.03435,24.7,26.47615,9.13,7/13/2022 10:49
48,,-0.15374,4.86387,0.3823,0.039,24.43,26.32116,9.13,7/13/2022 10:51
48,,-0.19411,5.1989,0.46112,0.042,23.7,23.4463,9.13,7/27/2022 9:03
48,,-0.17841,4.28793,0.464,0.042,23.68,23.42491,9.13,7/27/2022 9:05
48,,-0.06914,4.50848,0.28959,0.01882,26.4,27.63929,9.13,8/5/2022 13:40
48,,-0.06646,3.80329,0.36038,0.023,26.4,27.49801,9.13,8/5/2022 13:42
48,,-0.23831,5.37011,0.32324,0.01452,27.8,29.53858,9.13,8/10/2022 12:27
48,,-0.23219,4.76299,0.33571,0.01657,27.671,29.43451,9.13,8/10/2022 12:29
47,,-0.35871,8.5071,0.3686,0.0318,21.3,23.36479,10.25,5/20/2022 10:36
47,,-0.39989,8.76961,0.36977,0.03162,21.3,23.35925,10.25,5/20/2022 10:37
47,,-0.17146,4.75124,0.1579,0.0032,18.6,19.46884,10.25,5/25/2022 11:56
47,,-0.12921,4.05069,0.16461,0.004,18.8,19.33656,10.25,5/25/2022 11:57
47,,-0.30261,9.07085,0.37063,0.02447,23.79333,25.35584,10.25,6/8/2022 11:45
47,,-0.32502,8.5334,0.373,0.024,23.7,25.23042,10.25,6/8/2022 11:47
47,,-0.15128,7.50591,0.42134,0.03191,23,25.12146,10.25,6/15/2022 11:03
47,,0,0,0.425,0.03174,23,24.99763,10.25,6/15/2022 11:05
47,,-0.53289,11.27417,0.293,0.023,24.7,26.14728,10.25,7/1/2022 9:57
47,,-0.44459,9.27888,0.29352,0.023,24.7,26.05275,10.25,7/1/2022 9:59
47,,-0.16783,7.33704,0.433,0.04072,24.164,24.96709,10.25,7/7/2022 16:16
47,,-0.16218,6.48774,0.435,0.041,23.9,24.88943,10.25,7/7/2022 16:18
47,,0,0,0.4326,0.0446,24.2,26.03543,10.25,7/13/2022 11:06
47,,-0.20967,8.40356,0.43746,0.0452,24.2,25.89208,10.25,7/13/2022 11:08
47,,-0.28358,9.83017,0.45319,0.0374,23.5,23.95984,10.25,7/27/2022 9:18
47,,-0.26114,8.19639,0.454,0.038,23.536,23.96245,10.25,7/27/2022 9:20
47,,-0.12199,7.58714,0.35936,0.016,26.4,27.51848,10.25,8/5/2022 13:26
47,,-0.09843,6.65995,0.36622,0.017,26.4,27.33038,10.25,8/5/2022 13:28
47,,-0.34211,9.646,0.24559,0.01347,27.5,29.21814,10.25,8/10/2022 12:12
47,,-0.33424,9.15461,0.247,0.013,27.8,29.00767,10.25,8/10/2022 12:14
46,,-0.22704,3.53325,0.02947,0,16.7,16.76896,9.13,5/13/2022 9:38
46,,-0.36141,4.4657,0.0714,0,16.53,16.78324,9.13,5/13/2022 9:39
46,,-0.55028,6.79622,0.34927,0.021,21.3,24.38273,9.13,5/20/2022 10:54
46,,-0.51344,6.0991,0.35,0.021,21.3,24.45422,9.13,5/20/2022 10:55
46,,-0.27462,6.59159,0.1955,0.0046,18.2,19.22333,9.13,5/25/2022 11:45
46,,-0.30074,6.02838,0.2574,0.006,18.2,19.29652,9.13,5/25/2022 11:47
46,,-1.12498,13.11537,0.287,0.0185,23.7,26.37022,9.13,6/8/2022 12:22
46,,-1.04501,11.34749,0.28824,0.01825,23.74874,26.21473,9.13,6/8/2022 12:24
46,,-0.40689,6.92126,0.4199,0.02886,23.368,25.39358,9.13,6/15/2022 11:17
46,,-0.41053,6.88893,0.42017,0.02961,23.5,25.3342,9.13,6/15/2022 11:19
46,,-1.16543,10.83259,0.33726,0.02842,24.7,25.8072,9.13,7/1/2022 9:44
46,,-1.14865,9.9928,0.33274,0.0286,24.691,25.75851,9.13,7/1/2022 9:46
46,,-0.41878,9.08153,0.4492,0.04496,23.9,24.61476,9.13,7/7/2022 16:01
46,,-0.43588,8.43289,0.442,0.044,23.9,24.56612,9.13,7/7/2022 16:03
46,,-0.54923,9.42176,0.37978,0.03434,24.244,26.37581,9.13,7/13/2022 11:22
46,,-0.63428,8.49068,0.44744,0.04128,24.4,26.24124,9.13,7/13/2022 11:24
46,,-0.69266,10.58095,0.353,0.029,23.9,24.51735,9.13,7/27/2022 9:34
46,,-0.6356,9.07144,0.353,0.03,24.2,24.47449,9.13,7/27/2022 9:36
46,,-0.36389,7.69896,0.30416,0.014,26.308,27.30109,9.13,8/5/2022 13:10
46,,-0.35064,6.92596,0.308,0.014,26.4,27.16654,9.13,8/5/2022 13:12
46,,-1.00365,12.06966,0.2801,0.01542,27.68,29.27041,9.13,8/10/2022 11:57
46,,0,0,0.28367,0.015,27.5,29.2971,9.13,8/10/2022 11:59
45,,-0.13835,5.26345,0.02163,0,16.3,16.88438,9.13,5/13/2022 9:48
45,,-0.11528,3.39156,0.05508,0,16.3,16.86252,9.13,5/13/2022 9:49
45,,-0.22289,6.287,0.39792,0.02,20.91667,25.77198,9.13,5/20/2022 12:10
45,,-0.14598,4.80541,0.397,0.0195,21.1,25.70666,9.13,5/20/2022 12:11
45,,-0.15351,5.58934,0.1232,0.00267,18,19.11468,9.13,5/25/2022 11:35
45,,-0.09757,4.16119,0.23003,0.005,18,19.07068,9.13,5/25/2022 11:37
45,,-0.34355,8.28048,0.35359,0.03318,23.87949,26.54471,9.13,6/8/2022 12:38
45,,-0.21482,5.98876,0.35822,0.03377,23.7,26.49097,9.13,6/8/2022 12:40
45,,-0.09834,6.91102,0.51274,0.05293,23.5,25.69014,9.13,6/15/2022 11:45
45,,-0.10164,5.24697,0.523,0.055,23.308,25.55409,9.13,6/15/2022 11:47
45,,-0.26915,6.23501,0.38159,0.03941,25.277,25.61082,9.13,7/1/2022 9:29
45,,-0.25361,5.20959,0.38454,0.03946,24.9,25.6304,9.13,7/1/2022 9:31
45,,-0.11664,5.60322,0.3724,0.03666,23.7,24.37771,9.13,7/7/2022 15:56
45,,-0.06564,4.79285,0.39076,0.0396,23.778,24.37641,9.13,7/7/2022 15:58
45,,-0.03349,6.54795,0.39895,0.04735,24.4,26.21481,9.13,7/13/2022 11:37
45,,-0.11325,4.70465,0.499,0.06,24.4,26.07488,9.13,7/13/2022 11:40
45,,-0.21492,7.3534,0.39544,0.03656,24.4,24.71139,9.13,7/27/2022 9:51
45,,-0.15116,5.04669,0.399,0.036,24.4,24.74048,9.13,7/27/2022 9:53
45,,-0.00605,5.77479,0.41553,0.022,26.2,27.15995,9.13,8/5/2022 12:54
45,,-0.0077,4.1901,0.417,0.023,26.2,27.10335,9.13,8/5/2022 12:56
45,,-0.16097,7.26361,0.24298,0.01349,27.5,29.01209,9.13,8/10/2022 11:40
45,,-0.14377,5.34576,0.24708,0.013,27.5,28.98553,9.13,8/10/2022 11:42
44,,-1.00611,6.53057,0.0055,0,16.3,18.701,8.38,5/11/2022 11:43
44,,0,0,0.015,0,16.3,18.65822,8.38,5/11/2022 11:45
44,,-0.73176,7.44467,0.31217,0.01583,20.9,23.44208,8.38,5/20/2022 10:11
44,,-0.63869,6.43818,0.31358,0.01442,20.9,23.56495,8.38,5/20/2022 10:12
44,,-0.73061,8.78875,0.07833,0.00023,17.47667,18.31784,8.38,5/25/2022 11:15
44,,-0.73241,8.11141,0.0836,0,17.7,18.36785,8.38,5/25/2022 11:16
44,,-0.60838,8.04235,0.42684,0.0358,22.4,24.65453,8.38,6/10/2022 12:42
44,,-0.54722,7.14846,0.432,0.03481,22.4,24.60063,8.38,6/10/2022 12:44
44,,-0.6045,8.52389,0.456,0.03,22.68,25.21974,8.38,6/15/2022 10:22
44,,-0.57619,8.03697,0.459,0.02945,22.8,25.16865,8.38,6/15/2022 10:24
44,,-0.64114,7.49529,0.25596,0.02436,22.8,24.72827,8.38,6/29/2022 11:26
44,,-0.60031,7.08045,0.35782,0.033,22.8,24.69362,8.38,6/29/2022 11:28
44,,-0.65082,12.40453,0.35356,0.02952,23.9,24.69013,8.38,7/7/2022 17:05
44,,0,0,0.427,0.036,23.9,24.61539,8.38,7/7/2022 17:07
44,,-0.66479,9.53491,0.445,0.043,23.5,24.80914,8.38,7/13/2022 9:41
44,,-0.59583,8.40661,0.44371,0.044,23.386,24.73532,8.38,7/13/2022 9:43
44,,-0.75181,9.41381,0.40036,0.03672,25.984,26.46805,8.38,7/20/2022 9:36
44,,-0.72715,8.95859,0.403,0.037,25.849,26.63885,8.38,7/20/2022 9:39
44,,-0.76357,10.60705,0.42066,0.042,25.6,25.7787,8.38,7/27/2022 11:29
44,,-0.90876,11.59823,0.43888,0.0296,25.876,26.68899,8.38,8/3/2022 11:04
44,,-0.79054,9.76815,0.441,0.029,25.6,26.7311,8.38,8/3/2022 11:06
44,,-1.03619,8.37253,0.29355,0.018,22.1,22.64921,8.38,8/17/2022 10:15
44,,-0.91662,7.49448,0.31815,0.01901,22.022,22.55097,8.38,8/17/2022 10:17
43,,-0.58047,2.6122,0.01057,0,16.22167,19.63681,7.75,5/11/2022 12:08
43,,-0.61209,2.72148,0.009,0,16.3,19.43367,7.75,5/11/2022 12:09
43,,-0.75636,7.55234,0.3171,0.01697,21.49333,22.1773,7.75,5/20/2022 9:35
43,,-0.61413,6.54834,0.31953,0.016,21.3,22.13937,7.75,5/20/2022 9:36
43,,-0.38159,3.76592,0.0448,0,17.3,18.00227,7.75,5/25/2022 11:01
43,,-0.44757,3.98449,0.09688,0,17.3,18.10401,7.75,5/25/2022 11:03
43,,-0.33954,7.68525,0.36159,0.02051,23.5,27.24148,7.75,6/10/2022 13:09
43,,-0.31834,7.35853,0.3541,0.01955,23.81,27.6155,7.75,6/10/2022 13:11
43,,-0.5493,8.84078,0.4359,0.03265,22.4,24.55307,7.75,6/15/2022 10:08
43,,0,0,0.435,0.0324,22.52,24.51644,7.75,6/15/2022 10:10
43,,-0.54004,7.88756,0.38732,0.02888,23.548,25.34049,7.75,6/29/2022 12:00
43,,-0.51415,7.37105,0.4003,0.03,23.64,25.38222,7.75,6/29/2022 12:02
43,,0,0,0.38468,0.0317,23.862,24.71941,7.75,7/7/2022 17:36
43,,-0.51208,9.03719,0.44646,0.03827,23.846,24.68408,7.75,7/7/2022 17:39
43,,-0.59098,10.48247,0.3648,0.03137,23.9,25.00627,7.75,7/13/2022 10:07
43,,-0.52328,8.98405,0.447,0.039,23.9,25.03244,7.75,7/13/2022 10:09
43,,-0.64748,10.28499,0.38307,0.03634,25.6,26.71239,7.75,7/20/2022 10:09
43,,-0.6124,9.45057,0.411,0.039,25.6,26.71025,7.75,7/20/2022 10:11
43,,-0.51216,9.51054,0.3951,0.0339,25.9,26.24808,7.75,7/27/2022 11:03
43,,-0.83605,14.60651,0.445,0.038,25.6,27.0388,7.75,8/3/2022 11:36
43,,-0.6072,11.02832,0.445,0.039,25.6,27.07157,7.75,8/3/2022 11:38
43,,-0.66346,9.3652,0.25554,0.015,21.5,21.72119,7.75,8/17/2022 9:12
43,,-0.62327,8.29268,0.2584,0.0166,21.5,21.64412,7.75,8/17/2022 9:15
42,,-0.95783,5.91219,0.01,0,16,18.94052,10.5,5/11/2022 11:58
42,,-0.74637,4.12346,0.01,0,16,18.89384,10.5,5/11/2022 11:59
42,,-1.27108,8.10759,0.32653,0.02213,20.9,22.94468,10.5,5/20/2022 9:59
42,,-1.07404,6.7524,0.33,0.02355,20.79,22.9726,10.5,5/20/2022 10:00
42,,-1.01862,7.22012,0.09347,0.001,17.3,17.98944,10.5,5/25/2022 10:55
42,,-0.83401,5.85986,0.09755,0.001,17.3,17.94139,10.5,5/25/2022 10:56
42,,-1.37452,10.61131,0.3033,0.02,23.015,25.76086,10.5,6/10/2022 13:00
42,,-1.23961,9.05475,0.30531,0.02,23.3,25.69843,10.5,6/10/2022 13:02
42,,-1.26362,10.27405,0.30662,0.02172,22.4,24.1272,10.5,6/15/2022 9:53
42,,-1.00623,9.92827,0.2707,0.017,22.51881,24.07687,10.5,6/15/2022 9:56
42,,-1.20404,10.99646,0.3393,0.023,22.6,24.97165,10.5,6/29/2022 11:46
42,,-1.10923,9.92125,0.34474,0.023,22.6,24.93334,10.5,6/29/2022 11:48
42,,-0.74495,12.56344,0.47372,0.04372,23.7,24.59869,10.5,7/7/2022 18:19
42,,-0.55767,11.22065,0.471,0.043,23.7,24.54463,10.5,7/7/2022 18:21
42,,-1.06,15.62045,0.32163,0.02627,22.966,23.80395,10.5,7/13/2022 9:25
42,,-0.90919,12.91432,0.38276,0.03028,23,23.83068,10.5,7/13/2022 9:27
42,,-1.09263,12.92768,0.291,0.02,25.9,27.14501,10.5,7/20/2022 10:45
42,,-0.90678,11.78693,0.29171,0.02,25.9,27.14004,10.5,7/20/2022 10:47
42,,-1.13628,13.74569,0.37253,0.02756,25.566,25.68038,10.5,7/27/2022 11:54
42,,-1.56558,17.82176,0.31386,0.017,26.2,28.01032,10.5,8/3/2022 12:13
42,,-1.3379,14.3724,0.31498,0.017,26.2,27.75947,10.5,8/3/2022 12:15
42,,-1.62899,13.21534,0.2752,0.014,21.9,22.1587,10.5,8/17/2022 9:39
42,,-1.48595,11.65054,0.2782,0.014,21.9,22.03454,10.5,8/17/2022 9:42
41,,-0.40271,3.78056,0.012,0,17,20.72388,9.88,5/11/2022 12:27
41,,-0.43306,3.81514,0.01313,0,17.11333,20.45203,9.88,5/11/2022 12:28
41,,-0.67901,6.53884,0.3363,0.02,20.9,22.84959,9.88,5/20/2022 9:56
41,,-0.66001,5.71953,0.33975,0.02,20.9,22.77464,9.88,5/20/2022 9:57
41,,-0.60923,6.97593,0.0943,0,17.24333,17.86555,9.88,5/25/2022 10:41
41,,-0.5452,5.84175,0.09427,0,17.3,17.9114,9.88,5/25/2022 10:43
41,,-0.64482,6.77014,0.32508,0.01659,22.6,24.76369,9.88,6/10/2022 12:15
41,,-0.62232,6.37424,0.33208,0.01764,22.592,24.70546,9.88,6/10/2022 12:17
41,,-0.55583,7.65068,0.3512,0.02012,22.722,23.97897,9.88,6/15/2022 9:44
41,,-0.47932,6.30629,0.35355,0.02,22.6,23.90156,9.88,6/15/2022 9:46
41,,0,0,0.3603,0.01948,24.086,26.16086,9.88,6/29/2022 12:27
41,,-0.60177,6.41922,0.36188,0.01956,23.9,26.21543,9.88,6/29/2022 12:29
41,,-0.52577,8.33225,0.43492,0.0336,23.7,24.59315,9.88,7/7/2022 18:08
41,,0,0,0.437,0.03368,23.7,24.52472,9.88,7/7/2022 18:10
41,,-0.08338,2.11019,0.3668,0.023,23.3,23.89523,9.88,7/13/2022 9:14
41,,0.02697,1.56767,0.368,0.024,23.3,23.86588,9.88,7/13/2022 9:16
41,,-0.73036,8.81892,0.422,0.027,25.9,27.09271,9.88,7/20/2022 10:40
41,,-0.71142,8.24989,0.42359,0.027,25.9,27.05353,9.88,7/20/2022 10:42
41,,-0.73069,9.74925,0.449,0.03453,25.741,25.69601,9.88,7/27/2022 12:01
41,,-1.16409,13.94115,0.2952,0.0126,26.2,27.93647,9.88,8/3/2022 12:07
41,,0,0,0.29669,0.01231,26.2,27.80109,9.88,8/3/2022 12:10
41,,-1.56036,11.23706,0.2096,0.0106,21.9,22.26584,9.88,8/17/2022 9:50
41,,0,0,0.26424,0.01314,21.9,22.20361,9.88,8/17/2022 9:52
40,,-0.78907,7.80714,0.01575,0,16.335,16.88127,8.5,5/13/2022 9:51
40,,-0.65538,6.8594,0.04737,0,16.5,16.8431,8.5,5/13/2022 9:52
40,,-0.67209,9.45688,0.32053,0.01793,21.31333,25.78595,8.5,5/20/2022 12:13
40,,0,0,0.31255,0.01555,21.5,25.79065,8.5,5/20/2022 12:14
40,,-0.3289,5.60339,0.05537,0.0011,18,19.15635,8.5,5/25/2022 11:32
40,,-0.22289,4.49786,0.15648,0.003,18,19.26307,8.5,5/25/2022 11:33
40,,-1.03879,17.86549,0.26322,0.02867,23.835,27.20442,8.5,6/8/2022 12:43
40,,-0.92403,15.70484,0.38739,0.041,24.0175,27.37006,8.5,6/8/2022 12:45
40,,-0.8252,19.51579,0.25707,0.02016,23.426,25.71056,8.5,6/15/2022 11:40
40,,-0.6801,15.81098,0.409,0.032,23.5,25.6691,8.5,6/15/2022 11:42
40,,-2.77904,44.27042,0.29756,0.03262,25.524,25.33411,8.5,7/1/2022 9:25
40,,-1.60119,27.58431,0.30181,0.0324,25.466,25.23798,8.5,7/1/2022 9:27
40,,-1.87077,50.51272,0.4276,0.04525,23.7,24.24241,8.5,7/7/2022 15:51
40,,0,0,0.4672,0.052,23.7,24.17993,8.5,7/7/2022 15:53
40,,-2.28741,57.70355,0.51773,0.06043,24.571,26.20902,8.5,7/13/2022 11:43
40,,-1.19262,31.23165,0.52192,0.06104,24.556,26.03958,8.5,7/13/2022 11:45
40,,-2.63265,58.43702,0.39961,0.04283,24.4,24.76208,8.5,7/27/2022 9:56
40,,-1.38052,32.41458,0.449,0.04835,24.4,24.63081,8.5,7/27/2022 9:58
40,,-2.91683,80.25407,0.3987,0.02235,26.2,27.3539,8.5,8/5/2022 12:49
40,,0,0,0.40407,0.02409,26.2,27.24178,8.5,8/5/2022 12:51
40,,-2.70262,63.72864,0.26554,0.01662,27.8,28.67219,8.5,8/10/2022 11:35
40,,-1.58574,41.31989,0.27276,0.016,27.5,28.49724,8.5,8/10/2022 11:37
39,,-0.40609,4.77938,0.04727,0,16.7,16.65425,8.5,5/13/2022 9:35
39,,-0.34913,3.85904,0.0593,0,16.7,16.5862,8.5,5/13/2022 9:36
39,,-0.41143,6.07801,0.32013,0.01647,21.3,24.23,8.5,5/20/2022 10:48
39,,0,0,0.3033,0.0157,21.3,23.9971,8.5,5/20/2022 10:49
39,,-0.32061,8.16893,0.15447,0.003,18.26333,19.42319,8.5,5/25/2022 11:49
39,,-0.18625,5.19883,0.152,0.00225,18.4,19.25193,8.5,5/25/2022 11:50
39,,-0.33468,7.27775,0.35821,0.01679,24.582,24.65906,8.5,6/8/2022 11:33
39,,-0.40858,6.70567,0.358,0.017,24.32667,24.53227,8.5,6/8/2022 11:36
39,,-0.30687,7.1052,0.29308,0.01428,23.204,25.05642,8.5,6/15/2022 11:12
39,,-0.27912,5.98669,0.43319,0.021,23.3,24.85209,8.5,6/15/2022 11:14
39,,-0.60969,8.3042,0.05696,0.00272,24.4,26.07141,8.5,7/1/2022 9:53
39,,-0.58318,7.70603,0.08468,0.004,24.622,25.96381,8.5,7/1/2022 9:55
39,,-0.31809,7.29857,0.44506,0.0381,23.9,25.00587,8.5,7/7/2022 16:32
39,,0,0,0.45435,0.0381,23.9,24.87244,8.5,7/7/2022 16:34
39,,-0.33357,7.7926,0.47486,0.04799,24.2,26.08183,8.5,7/13/2022 11:17
39,,0,0,0.515,0.053,24.2,25.89458,8.5,7/13/2022 11:19
39,,-0.33866,7.52931,0.47858,0.042,23.9,24.4246,8.5,7/27/2022 9:29
39,,0,0,0.479,0.042,23.9,24.326,8.5,7/27/2022 9:31
39,,-0.18961,6.63799,0.37452,0.0147,26.396,27.51151,8.5,8/5/2022 13:21
39,,-0.17787,6.01643,0.38686,0.015,26.4,27.37059,8.5,8/5/2022 13:23
39,,-0.44475,9.31693,0.2766,0.0127,27.5,29.01303,8.5,8/10/2022 12:07
39,,0,0,0.35366,0.01623,27.5,28.87984,8.5,8/10/2022 12:09
38,,-0.36401,4.38403,0.09357,0,16.5,16.67497,9.25,5/13/2022 9:28
38,,0,0,0.09715,0,16.5,16.62252,9.25,5/13/2022 9:29
38,,-0.47208,6.15308,0.26237,0.012,21.13667,23.53723,9.25,5/20/2022 10:33
38,,-0.39834,5.43681,0.26462,0.01138,21.3,23.45682,9.25,5/20/2022 10:34
38,,-0.27579,4.69519,0.10573,0.00217,18.8,19.40728,9.25,5/25/2022 11:59
38,,-0.25579,4.395,0.25353,0.005,18.8,19.28665,9.25,5/25/2022 12:01
38,,-0.40406,6.65552,0.31138,0.01562,23.5,25.37712,9.25,6/8/2022 11:50
38,,-0.40564,5.85026,0.31035,0.016,23.5,25.21005,9.25,6/8/2022 11:52
38,,-0.22008,5.58724,0.48368,0.03184,23,25.02069,9.25,6/15/2022 10:59
38,,-0.22908,4.9319,0.4968,0.032,23,24.83996,9.25,6/15/2022 11:01
38,,-0.53715,7.50497,0.32916,0.02839,24.469,26.11397,9.25,7/1/2022 10:02
38,,-0.50721,6.74197,0.34154,0.03023,24.4,26.01008,9.25,7/1/2022 10:04
38,,-0.24627,7.80429,0.426,0.0341,24.11,24.85211,9.25,7/7/2022 16:11
38,,0,0,0.42645,0.03485,24.155,24.73705,9.25,7/7/2022 16:13
38,,-0.29127,6.9134,0.4523,0.03905,24.2,25.89402,9.25,7/13/2022 11:01
38,,-0.28117,6.11633,0.454,0.04,24.2,25.63778,9.25,7/13/2022 11:03
38,,-0.31269,6.39771,0.474,0.045,23.5,23.72594,9.25,7/27/2022 9:13
38,,-0.26667,5.61694,0.47712,0.04344,23.5,23.72236,9.25,7/27/2022 9:15
38,,-0.11115,5.59356,0.3349,0.019,26.4,27.63924,9.25,8/5/2022 13:31
38,,0,0,0.339,0.019,26.3,27.48394,9.25,8/5/2022 13:33
38,,-0.33243,6.58525,0.27953,0.009,27.8,29.21305,9.25,8/10/2022 12:17
38,,-0.32481,6.28995,0.28316,0.009,27.8,29.06223,9.25,8/10/2022 12:19
37,,-32.93117,-3.1381,0.35143,0.01023,18.30667,16.99941,9,5/13/2022 8:59
37,,-37.46165,-6.82147,0.36145,0.011,17.935,16.97985,9,5/13/2022 9:00
37,,-0.57708,5.47198,0.33925,0.01875,21.3,24.29248,9,5/20/2022 10:45
37,,-0.63862,6.01939,0.35367,0.02167,21.3,24.23974,9,5/20/2022 10:46
37,,-0.17779,2.30341,0.38913,0.03343,18.4,19.25701,9,5/25/2022 12:15
37,,-0.49552,2.22453,0.39147,0.034,18.4,19.28582,9,5/25/2022 12:17
37,,-0.86903,8.58172,0.21483,0.01029,23.7,26.39422,9,6/8/2022 12:16
37,,-0.74495,7.95257,0.2735,0.0125,23.5,26.33509,9,6/8/2022 12:19
37,,-0.42124,5.95677,0.3717,0.018,23.3,25.13944,9,6/15/2022 10:45
37,,0,0,0.377,0.0185,23.3,25.08195,9,6/15/2022 10:47
37,,-0.90475,9.88202,0.29504,0.017,25.004,26.87115,9,7/1/2022 10:25
37,,-0.77775,7.90338,0.29442,0.018,25.1,26.79383,9,7/1/2022 10:28
37,,-0.46175,7.27177,0.35796,0.02544,24.2,24.8836,9,7/7/2022 16:55
37,,-0.65282,7.75124,0.36549,0.027,24.2,24.84566,9,7/7/2022 16:57
37,,-0.52582,8.70984,0.42286,0.03309,24.9,27.31684,9,7/13/2022 10:39
37,,-0.4818,7.61409,0.427,0.033,24.9,26.66023,9,7/13/2022 10:41
37,,-0.54232,13.1635,0.22716,0.02166,23.9,23.32345,9,7/27/2022 8:52
37,,-0.39872,10.3727,0.292,0.027,23.732,23.35857,9,7/27/2022 8:54
37,,-0.39158,8.42356,0.26602,0.01051,26.7,28.1854,9,8/5/2022 13:55
37,,-0.44024,8.29151,0.27012,0.01,26.7,28.12715,9,8/5/2022 13:57
37,,-0.63644,10.0311,0.2245,0.0227,28,30.55395,9,8/10/2022 12:43
37,,-0.60862,8.85308,0.228,0.024,28,30.68219,9,8/10/2022 12:45
32,,0.93682,3.39944,0.00353,0,14.3,17.42246,5.25,5/11/2022 11:00
32,,0.51002,2.08445,0.005,0,14.24,17.29794,5.25,5/11/2022 11:01
32,,2.40028,9.19728,0.16533,0.01267,22.8,25.5413,5.25,5/20/2022 12:53
32,,3.07784,7.09378,0.51736,0.03876,22.8,25.43979,5.25,5/20/2022 12:55
32,,5.88689,4.12396,0.3645,0.00423,19.5,20.71155,5.25,5/25/2022 13:40
32,,5.00611,3.87196,0.3799,0.005,19.5,20.53378,5.25,5/25/2022 13:41
32,,0.46965,3.82311,0.20118,0.0067,21.528,23.54973,5.25,6/10/2022 10:51
32,,0.53519,4.02845,0.269,0.005,21.7,23.46449,5.25,6/10/2022 10:53
32,,0.26287,7.26333,0.47762,0.025,21.9,22.81681,5.25,6/29/2022 9:55
32,,0.29254,7.95175,0.476,0.026,21.9,22.60046,5.25,6/29/2022 9:57
32,,0.27382,4.82932,0.456,0.013,24.4,25.43857,5.25,7/6/2022 10:08
32,,0.26323,4.71891,0.45688,0.01388,24.4,25.29951,5.25,7/6/2022 10:10
32,,-1.57806,4.71476,0.46032,0.03306,24.4,25.51581,5.25,7/15/2022 9:54
32,,0.01539,5.01758,0.53275,0.03405,24.4,25.23991,5.25,7/15/2022 9:56
32,,3.91781,4.71476,0.33757,0.019,25.4,26.03672,5.25,7/22/2022 10:21
32,,2.65482,4.39971,0.533,0.03,25.1,25.98151,5.25,7/22/2022 10:22
32,,2.19433,4.81601,0.491,0.023,24.9,25.31799,5.25,7/29/2022 10:25
32,,0,0,0.51105,0.02786,24.9,25.93849,5.25,8/3/2022 10:18
32,,13.21765,16.30168,0.51228,0.029,24.9,25.66915,5.25,8/3/2022 10:20
32,,25.30907,18.41219,0.3518,0.008,27.2,28.4164,5.25,8/10/2022 10:49
32,,25.50287,17.19629,0.35714,0.008,27.2,28.12682,5.25,8/10/2022 10:51
31,,-0.21693,1.61598,0,0,16.89,20.26283,8.38,5/11/2022 11:24
31,,-0.24314,1.80543,0,0,17,20.46343,8.38,5/11/2022 11:26
31,,-0.49006,5.08133,0.31,0.01125,23,26.77239,8.38,5/20/2022 13:21
31,,-0.52418,5.64777,0.31133,0.012,23,26.7355,8.38,5/20/2022 13:22
31,,-0.56934,4.39309,0.23895,0.00427,18.53667,20.24709,8.38,5/25/2022 12:25
31,,0,0,0.20335,0.004,18.8,20.21321,8.38,5/25/2022 12:27
31,,-0.40519,5.93125,0.2553,0.0126,22.4,25.5717,8.38,6/10/2022 11:49
31,,-0.38711,5.57148,0.3432,0.0168,22.44,25.53805,8.38,6/10/2022 11:51
31,,-0.54809,7.83593,0.18343,0.01039,24.31919,25.52143,8.38,6/29/2022 9:25
31,,-0.52589,6.60453,0.18772,0.01,24.2,24.75209,8.38,6/29/2022 9:27
31,,-0.54581,15.03047,0.24614,0.008,25.4,25.83513,8.38,7/6/2022 9:31
31,,-0.41037,10.95013,0.24923,0.008,25.391,25.65838,8.38,7/6/2022 9:33
31,,-0.58409,7.73675,0.164,0.009,25.4,26.69749,8.38,7/15/2022 9:22
31,,-0.47061,6.89944,0.16735,0.00865,25.53,26.80688,8.38,7/15/2022 9:25
31,,0,0,0.21534,0.01067,27.791,30.0405,8.38,7/20/2022 11:26
31,,0,0,0.222,0.011,27.8,29.97411,8.38,7/20/2022 11:28
31,,-0.50438,11.83214,0.12132,0.00542,24.9,25.10589,8.38,7/29/2022 10:03
31,,-0.60538,9.60263,0.128,0.006,25.6,26.12493,8.38,8/3/2022 9:46
31,,-0.5927,7.90666,0.1268,0.006,25.6,26.08756,8.38,8/3/2022 9:48
31,,-0.61305,9.65088,0.11652,0.00306,28,28.5959,8.38,8/10/2022 10:17
31,,-0.50842,8.57551,0.10602,0.003,27.88,28.7996,8.38,8/10/2022 10:19
30,,-9999,-9999,0.09592,0,17.34333,17.27949,6.88,5/11/2022 9:54
30,,-9999,-9999,0.0966,0,16.96,17.19194,6.88,5/11/2022 9:55
30,,-0.09692,1.49715,0.12907,0.0077,21.97333,25.42313,6.88,5/20/2022 12:47
30,,-0.03876,2.32994,0.3445,0.02025,22.1,25.52557,6.88,5/20/2022 12:49
30,,-0.00047,4.2247,0.09,0.00075,19.3,20.97034,6.88,5/25/2022 13:32
30,,0.0712,3.95463,0.122,0.001,19.3,20.96414,6.88,5/25/2022 13:34
30,,-0.03983,4.87706,0.33721,0.01969,20.9,22.83608,6.88,6/10/2022 10:41
30,,-0.05783,4.65041,0.4076,0.023,20.9,22.55678,6.88,6/10/2022 10:43
30,,-0.17465,6.28425,0.35482,0.0084,26.91,26.64499,6.88,6/17/2022 9:57
30,,-0.17407,5.90491,0.35556,0.00872,26.38,26.36934,6.88,6/17/2022 10:00
30,,-0.09062,5.77452,0.38128,0.01744,21.988,25.67231,6.88,6/29/2022 11:10
30,,-0.05776,5.75681,0.3832,0.016,22.64,25.97442,6.88,6/29/2022 11:12
30,,0.14292,6.41822,0.39606,0.015,24.7,25.91838,6.88,7/6/2022 11:16
30,,0.15708,6.07686,0.40072,0.0156,24.7,25.81236,6.88,7/6/2022 11:18
30,,0,0,0.482,0.024,24.288,26.88675,6.88,7/15/2022 11:11
30,,0.18669,6.4372,0.4805,0.0245,24.55,26.75325,6.88,7/15/2022 11:13
30,,0.12875,7.54648,0.517,0.026,27.5,29.01416,6.88,7/20/2022 12:16
30,,0.09657,7.11746,0.51496,0.02549,27.5,28.87556,6.88,7/20/2022 12:18
30,,0,0,0.41181,0.017,25.343,25.84311,6.88,7/29/2022 11:08
30,,0.03051,4.36528,0.362,0.008,25.9,26.54729,6.88,8/5/2022 10:45
30,,0.08842,4.43913,0.362,0.008,25.9,26.45893,6.88,8/5/2022 10:47
30,,-0.14066,6.00161,0.36306,0.00789,22.8,23.5334,6.88,8/17/2022 10:30
30,,-0.15135,5.64357,0.36632,0.00776,22.8,23.51421,6.88,8/17/2022 10:32
29,,3.48091,0.61218,0.03567,0,14.7,16.87258,8.88,5/11/2022 10:34
29,,3.23532,0.559,0.039,0,14.7,16.52112,8.88,5/11/2022 10:36
29,,33.79806,1.61034,0.544,0.033,22.1,24.92625,8.88,5/20/2022 12:29
29,,22.77718,1.45087,0.544,0.033,22.1,24.87752,8.88,5/20/2022 12:30
29,,26.8363,0.87663,0.42842,0.00408,19.51667,20.88919,8.88,5/25/2022 13:20
29,,20.76984,0.8089,0.50327,0.0329,19.7,20.80307,8.88,5/25/2022 13:21
29,,29.30932,1.01371,0.3956,0.01204,21.276,21.48574,8.88,6/10/2022 10:20
29,,9.84706,0.93996,0.46,0.014,21.038,21.26978,8.88,6/10/2022 10:22
29,,132.42178,0.87377,0.4035,0.03225,21.47,23.10013,8.88,6/29/2022 10:49
29,,70.43356,0.85792,0.538,0.043,21.3,22.63638,8.88,6/29/2022 10:51
29,,165.84059,0.5654,0.4536,0.0159,24.72,26.23252,8.88,7/6/2022 11:04
29,,1.28214,0.59256,0.50696,0.01832,24.7,25.87411,8.88,7/6/2022 11:06
29,,75.04842,1.1633,0.634,0.042,23.9,25.75143,8.88,7/15/2022 11:04
29,,-6.93018,0.81934,0.6328,0.0414,23.9,25.43369,8.88,7/15/2022 11:06
29,,196.17569,0.60417,0.644,0.031,25.03667,25.25393,8.88,7/22/2022 9:58
29,,196.55699,0.95663,0.64107,0.03173,24.9,25.11372,8.88,7/22/2022 9:59
29,,6493.67483,-0.39696,0.571,0.034,24.9,25.63267,8.88,7/29/2022 11:01
29,,57.96275,0.29917,0.43701,0.01227,25.598,26.45656,8.88,8/5/2022 12:21
29,,27.24521,0.26233,0.43756,0.012,25.6,26.4074,8.88,8/5/2022 12:23
29,,1527.69938,0.49464,0.448,0.011,22.546,23.23282,8.88,8/17/2022 11:08
29,,211.70485,0.88861,0.448,0.011,22.6,23.07432,8.88,8/17/2022 11:10
20,,-0.11946,2.75375,0.00257,0,14.14333,17.99049,11,5/11/2022 11:03
20,,-0.1067,2.79582,0.001,0,14.36333,18.20463,11,5/11/2022 11:04
20,,-0.08892,4.66739,0.37395,0.02268,22.46333,25.72664,11,5/20/2022 12:50
20,,-0.14399,5.04067,0.37453,0.02273,22.74667,25.75846,11,5/20/2022 12:52
20,,-0.09514,4.46574,0.2109,0.00443,19.5,21.17064,11,5/25/2022 13:36
20,,-0.01554,4.60966,0.33313,0.007,19.5,21.05945,11,5/25/2022 13:38
20,,-0.03389,4.44762,0.21891,0.01296,21.062,23.40872,11,6/10/2022 10:46
20,,-0.04187,4.34094,0.27358,0.016,21.272,23.47632,11,6/10/2022 10:48
20,,0.0772,4.73799,0.38186,0.02357,21.214,24.95316,11,6/29/2022 11:05
20,,0.07433,4.51233,0.3838,0.02426,21.506,25.01596,11,6/29/2022 11:07
20,,0.09395,5.3015,0.2196,0.0186,24.7,26.07303,11,7/6/2022 11:21
20,,0.08771,5.35455,0.29376,0.02422,24.7,26.04972,11,7/6/2022 11:23
20,,0.43914,5.00321,0.2911,0.023,24.73,27.26532,11,7/15/2022 11:17
20,,0.27483,4.66502,0.37943,0.03,24.9,27.13222,11,7/15/2022 11:19
20,,0.25397,4.37495,0.47754,0.03119,27.8,29.44234,11,7/20/2022 12:10
20,,0.24246,4.14458,0.47548,0.03143,27.563,29.25323,11,7/20/2022 12:13
20,,0.63225,3.09306,0.3059,0.01836,25.6,25.78971,11,7/29/2022 11:14
20,,-102.29698,-99.69579,0.345,0.011,25.9,26.26026,11,8/5/2022 10:35
20,,-476.71491,-966.36841,0.34456,0.01144,25.9,25.977,11,8/5/2022 10:37
20,,-0.12784,4.52929,0.31536,0.01238,22.47,23.94011,11,8/17/2022 10:24
20,,-0.04116,4.41666,0.32243,0.01243,22.686,23.65256,11,8/17/2022 10:26
19,,0.01102,0.77012,0.0387,0,15.34,17.26028,8.13,5/11/2022 10:23
19,,0.01099,0.85346,0.03585,0,15.2,17.31264,8.13,5/11/2022 10:25
19,,0.37216,3.51732,0.154,0.0049,21.9,25.59134,8.13,5/20/2022 12:38
19,,0.19104,3.68679,0.44,0.014,21.9,25.51614,8.13,5/20/2022 12:40
19,,-0.50171,2.85123,0.30087,0.005,18.8,20.73513,8.13,5/25/2022 13:05
19,,0.30383,2.42249,0.3077,0.0059,18.8,20.51289,8.13,5/25/2022 13:07
19,,0.03646,3.61339,0.36678,0.008,20.718,22.31426,8.13,6/10/2022 10:35
19,,0.66893,3.06489,0.3662,0.008,20.78,22.29282,8.13,6/10/2022 10:37
19,,2.90798,5.35465,0.47554,0.02363,24.197,26.62767,8.13,6/17/2022 10:33
19,,2.02772,4.43254,0.475,0.023,23.9,26.37973,8.13,6/17/2022 10:35
19,,0.03701,4.5087,0.45347,0.025,21.7,23.05556,8.13,6/29/2022 10:26
19,,0.31348,3.68321,0.452,0.026,21.7,23.05815,8.13,6/29/2022 10:28
19,,0.53375,5.14624,0.4167,0.014,24.2,25.88884,8.13,7/6/2022 10:36
19,,0.474,4.26604,0.4185,0.01415,23.975,25.72246,8.13,7/6/2022 10:38
19,,1.48379,5.5534,0.419,0.027,23.9,25.73435,8.13,7/15/2022 10:31
19,,2.01051,4.49917,0.419,0.027,23.9,25.62681,8.13,7/15/2022 10:33
19,,3.20234,6.20871,0.46257,0.019,25.1,25.37589,8.13,7/22/2022 9:46
19,,2.19462,4.55343,0.46398,0.02097,25.1,25.24904,8.13,7/22/2022 9:47
19,,20.96029,6.6472,0.427,0.019,24.862,25.39099,8.13,7/29/2022 10:41
19,,3.96245,6.27867,0.37517,0.007,26.059,26.97033,8.13,8/5/2022 12:32
19,,1.77727,4.93905,0.38908,0.008,25.9,26.8131,8.13,8/5/2022 12:34
19,,3.24205,6.35706,0.38021,0.008,22.8,23.45084,8.13,8/17/2022 10:46
19,,2.74381,5.6139,0.38495,0.00875,22.65,23.45664,8.13,8/17/2022 10:48
18,,2.4201,1.77278,0,0,14.51667,19.01523,7.63,5/11/2022 11:06
18,,0.92155,1.53009,0,0,14.7,18.91017,7.63,5/11/2022 11:08
18,,1.24464,3.90611,0.3834,0.0142,23,26.71797,7.63,5/20/2022 13:18
18,,1.66264,4.47845,0.388,0.015,23,26.52784,7.63,5/20/2022 13:19
18,,0.26581,4.22525,0.1727,0.0091,18.2,20.15442,7.63,5/25/2022 12:42
18,,0.79235,4.26104,0.3656,0.019,18.2,20.14685,7.63,5/25/2022 12:44
18,,0.10438,4.19968,0.362,0.012,22.4,24.96923,7.63,6/10/2022 11:18
18,,0.10681,3.44747,0.364,0.011,22.6,24.93436,7.63,6/10/2022 11:20
18,,-0.02255,3.98681,0.2569,0.0091,21.9,22.93957,7.63,6/29/2022 9:51
18,,-0.01304,4.29061,0.367,0.01374,21.9,22.98709,7.63,6/29/2022 9:53
18,,-0.03612,5.81622,0.37,0.009,24.535,25.43265,7.63,7/6/2022 9:58
18,,-0.02512,5.53591,0.3685,0.01,24.7,25.2921,7.63,7/6/2022 10:00
18,,-0.76871,6.0656,0.4128,0.015,24.4,25.65894,7.63,7/15/2022 9:49
18,,0.00723,5.78228,0.4148,0.0146,24.4,25.51913,7.63,7/15/2022 9:51
18,,0.5741,5.27241,0.48,0.025,28.3,29.31528,7.63,7/20/2022 12:05
18,,0.55201,5.7934,0.481,0.024,28,28.96087,7.63,7/20/2022 12:07
18,,0.45276,6.15028,0.42784,0.01616,24.9,25.26706,7.63,7/29/2022 10:21
18,,0.38636,7.36265,0.38,0.01344,25.1,25.93379,7.63,8/3/2022 10:13
18,,0.37632,8.00627,0.38,0.014,24.9,25.89606,7.63,8/3/2022 10:15
18,,0.34196,7.74223,0.28395,0.004,27.5,28.71832,7.63,8/10/2022 10:43
18,,0.1055,7.94952,0.29064,0.00464,27.308,28.58518,7.63,8/10/2022 10:46
17,,0.48768,1.12605,0.0061,0,14.4,17.38956,8.88,5/11/2022 10:48
17,,0.34966,0.9025,0.012,0,14.30667,17.22878,8.88,5/11/2022 10:50
17,,0.87935,1.69254,0.31908,0.01658,22.4,25.94627,8.88,5/20/2022 13:02
17,,0.91902,2.59423,0.4865,0.03083,22.15,25.98274,8.88,5/20/2022 13:04
17,,1.71509,2.18592,0.09848,0.00195,18.46333,20.54094,8.88,5/25/2022 12:57
17,,1.26649,1.86212,0.31325,0.004,18.6,20.48838,8.88,5/25/2022 12:58
17,,1.72912,2.85762,0.3671,0.00763,22.4,24.25556,8.88,6/10/2022 11:08
17,,1.58295,2.78939,0.37347,0.00965,22.4,24.17909,8.88,6/10/2022 11:10
17,,1.0546,3.25096,0.39691,0.0156,21.622,23.00071,8.88,6/29/2022 10:16
17,,1.05895,3.10214,0.403,0.015,21.7,23.01212,8.88,6/29/2022 10:18
17,,0.9408,3.99121,0.32973,0.00783,24.346,25.70302,8.88,7/6/2022 10:24
17,,0.84015,3.72969,0.37964,0.00868,24.2,25.63157,8.88,7/6/2022 10:27
17,,3.88871,3.73684,0.39675,0.01901,23.9,25.68226,8.88,7/15/2022 10:19
17,,1.41984,3.28154,0.487,0.023,23.9,25.56679,8.88,7/15/2022 10:21
17,,1.50391,3.50574,0.4361,0.01552,24.86333,25.46462,8.88,7/22/2022 10:05
17,,1.26513,2.81215,0.534,0.019,24.9,25.3888,8.88,7/22/2022 10:07
17,,12.32089,3.408,0.523,0.024,25.1,25.36259,8.88,7/29/2022 10:38
17,,9.5763,4.7907,0.46,0.022,25.008,26.15776,8.88,8/3/2022 10:40
17,,10.59533,4.4918,0.46,0.022,24.9,25.98527,8.88,8/3/2022 10:42
17,,6.7574,4.74948,0.3364,0.007,26.9,28.4585,8.88,8/10/2022 11:10
17,,4.90126,4.26436,0.3415,0.0079,26.84,28.30087,8.88,8/10/2022 11:12
4,,0.13735,1.49041,0.02738,0,15.2,17.57907,9,5/11/2022 10:27
4,,0.08469,1.41879,0.02815,0,15.2,17.46699,9,5/11/2022 10:28
4,,0.79197,5.87141,0.393,0.0142,22.1,25.20926,9,5/20/2022 12:32
4,,0.59487,4.65018,0.393,0.01162,22.1,25.21576,9,5/20/2022 12:33
4,,0.31815,5.52495,0.38147,0.022,18.8,20.86211,9,5/25/2022 13:12
4,,0.27703,4.59044,0.3447,0.006,18.8,20.78996,9,5/25/2022 13:14
4,,-0.43695,6.81472,0.32345,0.00805,21.97,21.87933,9,6/10/2022 10:10
4,,0.07666,4.90063,0.322,0.00841,22.018,21.84879,9,6/10/2022 10:12
4,,0.79992,9.17663,0.36972,0.02172,21.5,23.54615,9,6/29/2022 10:43
4,,-0.25128,6.48362,0.41118,0.024,21.5,23.50888,9,6/29/2022 10:45
4,,0.00998,9.01057,0.34212,0.01245,24.515,26.18063,9,7/6/2022 10:53
4,,-0.06661,7.15072,0.34856,0.013,24.4,26.02231,9,7/6/2022 10:55
4,,-0.82282,9.81274,0.38684,0.01846,24.16436,26.16662,9,7/15/2022 10:47
4,,0.20507,6.9367,0.43927,0.02033,24.2,26.06107,9,7/15/2022 10:49
4,,0.18879,9.71345,0.419,0.023,25.1,25.24289,9,7/22/2022 9:50
4,,0.05648,6.86748,0.419,0.023,25.1,25.14229,9,7/22/2022 9:51
4,,0.20697,8.86634,0.521,0.031,24.796,25.43345,9,7/29/2022 10:53
4,,1.01325,11.64971,0.35505,0.01175,25.9,26.59912,9,8/5/2022 12:10
4,,0.64186,8.41952,0.37882,0.01259,25.6,26.45344,9,8/5/2022 12:12
4,,0.62383,8.99431,0.36906,0.01029,22.8,23.75792,9,8/17/2022 10:56
4,,-1.82094,7.85599,0.3769,0.011,22.8,23.658,9,8/17/2022 10:58
3,,-0.0882,1.49366,0,0,16.7,19.79893,8.75,5/11/2022 11:21
3,,-0.05198,1.90622,0,0,16.745,19.87849,8.75,5/11/2022 11:22
3,,0,0,0.39717,0.02103,22.79333,26.90798,8.75,5/20/2022 13:15
3,,0.17201,6.19753,0.3956,0.0206,23,26.9942,8.75,5/20/2022 13:16
3,,0,0,0.29107,0.00497,18.8,20.40319,8.75,5/25/2022 12:29
3,,-0.05742,4.76532,0.2972,0.006,18.8,20.4911,8.75,5/25/2022 12:30
3,,-0.24478,5.79742,0.18836,0.00884,22.616,25.43221,8.75,6/10/2022 11:54
3,,-0.32051,6.0407,0.2752,0.0136,22.8,25.48105,8.75,6/10/2022 11:56
3,,-0.37628,6.7518,0.26116,0.013,23.9,23.8278,8.75,6/29/2022 9:30
3,,-0.31293,6.3961,0.24886,0.01147,23.9,23.69285,8.75,6/29/2022 9:32
3,,-0.42024,12.4648,0.22184,0.00902,25.1,25.55089,8.75,7/6/2022 9:36
3,,-0.31565,9.13575,0.27374,0.011,25.1,25.45371,8.75,7/6/2022 9:38
3,,-0.35678,10.70745,0.30546,0.017,25.6,26.2651,8.75,7/15/2022 9:28
3,,-0.37148,9.61806,0.306,0.017,25.562,25.95729,8.75,7/15/2022 9:30
3,,-0.24324,12.31845,0,0,25.09,25.25119,8.75,7/29/2022 10:07
3,,-0.2952,10.0015,0.40826,0.025,25.6,26.02589,8.75,8/3/2022 9:51
3,,0,0,0.409,0.025,25.6,26.08426,8.75,8/3/2022 9:53
3,,-1.20301,10.91411,0.20882,0.006,28,29.06937,8.75,8/10/2022 10:22
3,,-0.82795,10.13043,0.214,0.006,28,29.00955,8.75,8/10/2022 10:24
2,,-9999,-9999,0,0,16.57667,17.19415,9.38,5/11/2022 9:57
2,,-9999,-9999,0,0,16.5,16.9355,9.38,5/11/2022 9:59
2,,-0.34213,3.55231,0.08727,0.0033,21.77333,25.25757,9.38,5/20/2022 12:44
2,,0.75867,2.75923,0.23875,0.009,21.9,25.06863,9.38,5/20/2022 12:46
2,,2.17164,4.57476,0.3406,0.0264,19.1,20.84284,9.38,5/25/2022 13:28
2,,1.54908,4.21827,0.468,0.03717,19.13333,20.73054,9.38,5/25/2022 13:30
2,,0.22609,3.17595,0.3065,0.00724,22.4,21.92735,9.38,6/10/2022 10:01
2,,0.04659,3.06635,0.37,0.00889,22.075,21.59523,9.38,6/10/2022 10:03
2,,-0.06014,6.37938,0.48222,0.0176,25.187,26.23775,9.38,6/17/2022 10:08
2,,-0.06006,5.73324,0.484,0.017,24.916,25.82623,9.38,6/17/2022 10:10
2,,-0.09752,5.42695,0.40423,0.01973,21.7,22.96021,9.38,6/29/2022 10:32
2,,-0.0875,4.56531,0.40142,0.02,21.7,22.73652,9.38,6/29/2022 10:34
2,,0.06598,8.533,0.43686,0.015,24.2,25.90629,9.38,7/6/2022 10:47
2,,0.12092,7.45727,0.43764,0.01404,24.2,25.61428,9.38,7/6/2022 10:49
2,,0.00762,7.61885,0.50271,0.025,23.9,25.70791,9.38,7/15/2022 10:41
2,,-0.08533,6.57019,0.50406,0.02498,23.9,25.46231,9.38,7/15/2022 10:44
2,,0.1397,6.64032,0.45682,0.02366,24.7,25.31221,9.38,7/29/2022 10:47
2,,0.10967,5.08311,0.40076,0.00784,25.9,26.38305,9.38,8/5/2022 10:50
2,,-0.09087,4.55291,0.40378,0.008,25.633,26.08821,9.38,8/5/2022 10:52
2,,-0.25133,4.78782,0.38608,0.0096,22.992,23.49711,9.38,8/17/2022 10:36
2,,-0.34681,4.43076,0.3887,0.0097,22.8,23.15936,9.38,8/17/2022 10:38
