"","Collar","Reps","date","Origin","Location","Experiment","timestamp","FCH4","FCO2","SWC","TA","TS"
"1","17",1,2022-05-11,"midstream","g_low","Salinity transplant",2022-05-11 10:49:00,0.41867,1.014275,0.00905,17.30917,14.353335
"2","18",1,2022-05-11,"midstream","g_low","Salinity transplant",2022-05-11 11:07:00,1.670825,1.651435,0,18.9627,14.608335
"3","19",1,2022-05-11,"midstream","g_low","Salinity transplant",2022-05-11 10:24:00,0.011005,0.81179,0.037275,17.28646,15.27
"4","2",3,2022-05-11,"g_low","g_low","Salinity transplant",2022-05-11 10:13:30,-0.0555,1.30473,0.04306,16.901955,15.8
"5","20",1,2022-05-11,"midstream","g_low","Salinity transplant",2022-05-11 11:03:30,-0.11308,2.774785,0.001785,18.09756,14.25333
"6","29",1,2022-05-11,"upstream","g_low","Salinity transplant",2022-05-11 10:35:00,3.358115,0.58559,0.037335,16.69685,14.7
"7","3",1,2022-05-11,"g_low","g_low","Salinity transplant",2022-05-11 11:21:30,-0.07009,1.69994,0,19.83871,16.7225
"8","30",2,2022-05-11,"upstream","g_low","Salinity transplant",2022-05-11 10:42:00,-0.04205,1.77191,0.01037,18.433185,14.356665
"9","31",1,2022-05-11,"upstream","g_low","Salinity transplant",2022-05-11 11:25:00,-0.230035,1.710705,0,20.36313,16.945
"10","32",1,2022-05-11,"upstream","g_low","Salinity transplant",2022-05-11 11:00:30,0.72342,2.741945,0.004265,17.3602,14.27
"11","4",1,2022-05-11,"g_low","g_low","Salinity transplant",2022-05-11 10:27:30,0.11102,1.4546,0.027765,17.52303,15.2
"12","41",1,2022-05-11,"g_low","g_up","Elevation transplant",2022-05-11 12:27:30,-0.417885,3.79785,0.012565,20.587955,17.056665
"13","42",1,2022-05-11,"g_low","g_up","Elevation transplant",2022-05-11 11:58:30,-0.8521,5.017825,0.01,18.91718,16
"14","43",1,2022-05-11,"g_low","g_up","Elevation transplant",2022-05-11 12:08:30,-0.59628,2.66684,0.009785,19.53524,16.260835
"15","44",1,2022-05-11,"g_low","g_up","Elevation transplant",2022-05-11 11:43:00,-1.00611,6.53057,0.0055,18.701,16.3
"16","49",1,2022-05-11,"g_mid","g_low","Elevation transplant",2022-05-11 11:14:00,42.061665,1.05786,0,18.12717,15.283335
"17","50",1,2022-05-11,"g_mid","g_low","Elevation transplant",2022-05-11 10:38:30,1.444265,0.566895,0.0308,16.49855,14.365
"18","51",1,2022-05-11,"g_mid","g_low","Elevation transplant",2022-05-11 11:32:30,0.27477,2.993385,0.0109,18.21961,16.70583
"19","52",1,2022-05-11,"g_mid","g_low","Elevation transplant",2022-05-11 10:31:30,2.87155,0.730515,0.03361,16.716785,14.968335
"20","53",1,2022-05-11,"g_mid","g_up","Elevation transplant",2022-05-11 11:55:00,-0.328825,3.051875,0.00975,18.854755,15.8
"21","54",1,2022-05-11,"g_mid","g_up","Elevation transplant",2022-05-11 11:51:30,-0.913545,4.281715,0.011265,18.733485,16.1
"22","55",1,2022-05-11,"g_mid","g_up","Elevation transplant",2022-05-11 12:05:30,-0.24407,1.46299,0.0119,19.00929,16.2
"23","56",1,2022-05-11,"g_mid","g_up","Elevation transplant",2022-05-11 11:47:30,-0.56161,3.56907,0.021,18.462315,16.271665
"24","57",1,2022-05-11,"g_up","g_up","Elevation transplant",2022-05-11 11:37:30,-0.328155,3.03751,0.024615,18.6098,16.3
"25","58",1,2022-05-11,"g_up","g_up","Elevation transplant",2022-05-11 12:11:30,-0.074675,1.278105,0.006365,20.94412,16.661665
"26","59",1,2022-05-11,"g_up","g_up","Elevation transplant",2022-05-11 11:55:00,-0.197765,1.77341,0.00756,19.9335125,17.0091675
"27","60",1,2022-05-11,"g_up","g_up","Elevation transplant",2022-05-11 12:18:00,-0.370355,2.06931,0.00822,19.54619,17.2
"28","62",1,2022-05-11,"g_up","g_low","Elevation transplant",2022-05-11 10:57:00,1.762295,1.51026,0.004275,17.05908,14.3
"29","63",1,2022-05-11,"g_up","g_low","Elevation transplant",2022-05-11 10:53:30,1.134105,1.446965,0.004785,17.427455,14.3
"30","64",1,2022-05-11,"g_up","g_low","Elevation transplant",2022-05-11 10:16:30,0.057425,0.82856,0.024375,17.64383,15.765835
"31","69",1,2022-05-11,"g_low","g_low","Control",2022-05-11 11:10:30,17.997925,1.285475,0.00099,17.848875,14.795
"32","70",1,2022-05-11,"g_low","g_low","Control",2022-05-11 11:17:00,-0.18894,2.09839,0,19.93081,15.93667
"33","71",1,2022-05-11,"g_low","g_low","Control",2022-05-11 10:45:30,7.50418,1.66552,0.013565,17.059515,14.5
"34","72",1,2022-05-11,"g_low","g_low","Control",2022-05-11 10:20:30,0.214605,1.297915,0.0342,17.229895,15.588335
"35","85",1,2022-05-11,"g_up","g_up","Control",2022-05-11 12:15:00,-0.487485,2.594605,0.002565,20.19921,17.085
"36","86",1,2022-05-11,"g_up","g_up","Control",2022-05-11 12:24:30,-0.422355,3.160395,0.01626,19.839555,16.973335
"37","87",1,2022-05-11,"g_up","g_up","Control",2022-05-11 12:02:00,-0.19864,1.15211,0.00544,19.263965,16.1
"38","88",1,2022-05-11,"g_up","g_up","Control",2022-05-11 11:40:30,-0.36419,2.307875,0.017415,18.83007,16.3
"39","37",2,2022-05-13,"g_low","g_mid","Elevation transplant",2022-05-13 09:12:00,-0.713815,6.015805,0.206515,16.83064,17.286665
"40","38",1,2022-05-13,"g_low","g_mid","Elevation transplant",2022-05-13 09:28:00,-0.36401,4.38403,0.09357,16.67497,16.5
"41","39",1,2022-05-13,"g_low","g_mid","Elevation transplant",2022-05-13 09:35:30,-0.37761,4.31921,0.053285,16.620225,16.7
"42","40",1,2022-05-13,"g_low","g_mid","Elevation transplant",2022-05-13 09:51:30,-0.722225,7.33327,0.03156,16.862185,16.4175
"43","45",1,2022-05-13,"g_mid","g_mid","Elevation transplant",2022-05-13 09:48:30,-0.126815,4.327505,0.038355,16.87345,16.3
"44","46",1,2022-05-13,"g_mid","g_mid","Elevation transplant",2022-05-13 09:38:30,-0.294225,3.999475,0.050435,16.7761,16.615
"45","48",1,2022-05-13,"g_mid","g_mid","Elevation transplant",2022-05-13 09:22:00,-0.076125,2.763,0.088025,16.68492,16.65833
"46","65",1,2022-05-13,"g_up","g_mid","Elevation transplant",2022-05-13 09:45:00,-0.1022,3.084875,0.05971,16.879845,16.4
"47","66",1,2022-05-13,"g_up","g_mid","Elevation transplant",2022-05-13 08:56:00,-2.91251,4.904425,0.350515,17.26431,19.351665
"48","66",2,2022-05-13,"g_up","g_mid","Elevation transplant",2022-05-13 09:15:30,-0.21538,3.415045,0.25134,16.69786,16.918335
"49","67",1,2022-05-13,"g_up","g_mid","Elevation transplant",2022-05-13 09:42:00,-0.290635,3.52562,0.050785,16.80157,16.5
"50","68",1,2022-05-13,"g_up","g_mid","Elevation transplant",2022-05-13 09:57:30,-0.122815,2.30877,0.042525,16.92414,16.345
"51","81",1,2022-05-13,"g_mid","g_mid","Control",2022-05-13 09:31:30,-0.325505,3.561125,0.054385,16.59646,16.408335
"52","82",1,2022-05-13,"g_mid","g_mid","Control",2022-05-13 09:18:30,-0.96386,6.58497,0.188365,16.671055,16.725
"53","83",1,2022-05-13,"g_mid","g_mid","Control",2022-05-13 09:25:30,-0.45807,4.486025,0.07125,16.71526,16.61
"54","84",1,2022-05-13,"g_mid","g_mid","Control",2022-05-13 09:54:30,-0.851675,5.639095,0.043055,16.86983,16.5
"55","17",1,2022-05-20,"midstream","g_low","Salinity transplant",2022-05-20 13:03:00,0.899185,2.143385,0.40279,25.964505,22.275
"56","18",1,2022-05-20,"midstream","g_low","Salinity transplant",2022-05-20 13:18:30,1.45364,4.19228,0.3857,26.622905,23
"57","19",1,2022-05-20,"midstream","g_low","Salinity transplant",2022-05-20 12:39:00,0.2816,3.602055,0.297,25.55374,21.9
"58","2",1,2022-05-20,"g_low","g_low","Salinity transplant",2022-05-20 12:45:00,0.20827,3.15577,0.16301,25.1631,21.836665
"59","20",1,2022-05-20,"midstream","g_low","Salinity transplant",2022-05-20 12:51:00,-0.116455,4.85403,0.37424,25.74255,22.605
"60","29",1,2022-05-20,"upstream","g_low","Salinity transplant",2022-05-20 12:29:30,28.28762,1.530605,0.544,24.901885,22.1
"61","3",1,2022-05-20,"g_low","g_low","Salinity transplant",2022-05-20 13:16:00,0.17201,6.19753,0.3956,26.9942,23
"62","30",1,2022-05-20,"upstream","g_low","Salinity transplant",2022-05-20 12:48:00,-0.06784,1.913545,0.236785,25.47435,22.036665
"63","31",1,2022-05-20,"upstream","g_low","Salinity transplant",2022-05-20 13:21:30,-0.50712,5.36455,0.310665,26.753945,23
"64","32",1,2022-05-20,"upstream","g_low","Salinity transplant",2022-05-20 12:54:00,2.73906,8.14553,0.341345,25.490545,22.8
"65","37",1,2022-05-20,"g_low","g_mid","Elevation transplant",2022-05-20 10:45:30,-0.60785,5.745685,0.34646,24.26611,21.3
"66","38",1,2022-05-20,"g_low","g_mid","Elevation transplant",2022-05-20 10:33:30,-0.43521,5.794945,0.263495,23.497025,21.218335
"67","39",1,2022-05-20,"g_low","g_mid","Elevation transplant",2022-05-20 10:48:00,-0.41143,6.07801,0.32013,24.23,21.3
"68","4",1,2022-05-20,"g_low","g_low","Salinity transplant",2022-05-20 12:32:30,0.69342,5.260795,0.393,25.21251,22.1
"69","40",1,2022-05-20,"g_low","g_mid","Elevation transplant",2022-05-20 12:13:00,-0.67209,9.45688,0.32053,25.78595,21.31333
"70","41",1,2022-05-20,"g_low","g_up","Elevation transplant",2022-05-20 09:56:30,-0.66951,6.129185,0.338025,22.812115,20.9
"71","42",1,2022-05-20,"g_low","g_up","Elevation transplant",2022-05-20 09:59:30,-1.17256,7.429995,0.328265,22.95864,20.845
"72","43",1,2022-05-20,"g_low","g_up","Elevation transplant",2022-05-20 09:35:30,-0.685245,7.05034,0.318315,22.158335,21.396665
"73","44",1,2022-05-20,"g_low","g_up","Elevation transplant",2022-05-20 10:11:30,-0.685225,6.941425,0.312875,23.503515,20.9
"74","45",1,2022-05-20,"g_mid","g_mid","Elevation transplant",2022-05-20 12:10:30,-0.184435,5.546205,0.39746,25.73932,21.008335
"75","46",1,2022-05-20,"g_mid","g_mid","Elevation transplant",2022-05-20 10:54:30,-0.53186,6.44766,0.349635,24.418475,21.3
"76","47",1,2022-05-20,"g_mid","g_mid","Elevation transplant",2022-05-20 10:36:30,-0.3793,8.638355,0.369185,23.36202,21.3
"77","48",1,2022-05-20,"g_mid","g_mid","Elevation transplant",2022-05-20 10:27:30,-0.241135,3.53594,0.321,23.36715,21.1
"78","50",1,2022-05-20,"g_mid","g_low","Elevation transplant",2022-05-20 12:23:30,3.557955,0.829805,0.431965,25.02056,21.9
"79","51",1,2022-05-20,"g_mid","g_low","Elevation transplant",2022-05-20 13:28:00,1.61601,2.833465,0.504215,26.194675,23
"80","52",1,2022-05-20,"g_mid","g_low","Elevation transplant",2022-05-20 12:26:30,7.082125,1.903595,0.51411,24.89147,22.02
"81","53",1,2022-05-20,"g_mid","g_up","Elevation transplant",2022-05-20 10:02:30,-0.274945,5.09082,0.360675,22.69971,20.7
"82","54",1,2022-05-20,"g_mid","g_up","Elevation transplant",2022-05-20 10:05:00,-1.23743,7.64718,0.32567,22.97311,20.73333
"83","55",1,2022-05-20,"g_mid","g_up","Elevation transplant",2022-05-20 09:38:30,-0.43612,6.278955,0.353955,22.24264,21.157485
"84","56",1,2022-05-20,"g_mid","g_up","Elevation transplant",2022-05-20 10:08:30,-0.346215,4.122415,0.418335,23.139495,20.9
"85","57",1,2022-05-20,"g_up","g_up","Elevation transplant",2022-05-20 10:17:30,-0.32229,5.044645,0.315,23.10953,20.9
"86","58",1,2022-05-20,"g_up","g_up","Elevation transplant",2022-05-20 09:41:30,-0.22422,4.83787,0.4052,22.564015,21.1
"87","59",1,2022-05-20,"g_up","g_up","Elevation transplant",2022-05-20 09:50:30,-0.41297,5.014455,0.39861,22.658025,20.978335
"88","60",1,2022-05-20,"g_up","g_up","Elevation transplant",2022-05-20 09:47:30,-0.39033,4.46552,0.29936,22.517175,21.021665
"89","61",1,2022-05-20,"g_up","g_low","Elevation transplant",2022-05-20 13:25:00,-0.12459,4.38007,0.34337,26.52727,23
"90","62",1,2022-05-20,"g_up","g_low","Elevation transplant",2022-05-20 12:57:00,43.286895,6.70125,0.30955,25.453325,22.8
"91","63",1,2022-05-20,"g_up","g_low","Elevation transplant",2022-05-20 13:00:00,3.469035,3.72144,0.379965,25.71432,22.66
"92","64",1,2022-05-20,"g_up","g_low","Elevation transplant",2022-05-20 12:35:30,1.72589,2.254605,0.262135,25.34185,22.028815
"93","65",1,2022-05-20,"g_up","g_mid","Elevation transplant",2022-05-20 10:25:00,-0.22881,5.23805,0.379,23.42784,21.3
"94","66",1,2022-05-20,"g_up","g_mid","Elevation transplant",2022-05-20 10:42:30,-0.183635,2.843045,0.319225,24.47515,21.226665
"95","67",1,2022-05-20,"g_up","g_mid","Elevation transplant",2022-05-20 10:57:30,-0.366435,4.27472,0.35334,24.376535,21.675
"96","68",1,2022-05-20,"g_up","g_mid","Elevation transplant",2022-05-20 12:19:30,-0.150355,3.105575,0.38755,25.89313,21.9
"97","69",1,2022-05-20,"g_low","g_low","Control",2022-05-20 13:09:30,153.722935,2.556995,0.535235,26.616815,22.768335
"98","70",1,2022-05-20,"g_low","g_low","Control",2022-05-20 13:12:30,0.526155,4.507875,0.436335,26.846005,22.6
"99","71",1,2022-05-20,"g_low","g_low","Control",2022-05-20 13:06:00,21.53287,5.88417,0.32875,26.41566,22.248335
"100","72",1,2022-05-20,"g_low","g_low","Control",2022-05-20 12:42:00,1.508015,4.03931,0.32274,25.51443,21.823335
"101","81",1,2022-05-20,"g_mid","g_mid","Control",2022-05-20 10:51:30,-0.463605,4.93094,0.37444,23.98991,21.375
"102","82",1,2022-05-20,"g_mid","g_mid","Control",2022-05-20 10:39:30,-0.86446,7.478715,0.37489,23.96073,21.3
"103","83",1,2022-05-20,"g_mid","g_mid","Control",2022-05-20 10:30:30,-0.48732,5.49304,0.374725,23.449295,21.1
"104","84",1,2022-05-20,"g_mid","g_mid","Control",2022-05-20 12:16:30,-0.734525,6.40581,0.37851,25.690765,21.7
"105","85",1,2022-05-20,"g_up","g_up","Control",2022-05-20 09:44:30,-0.69052,5.02167,0.332035,22.645855,21.043335
"106","86",1,2022-05-20,"g_up","g_up","Control",2022-05-20 10:20:30,-0.517185,5.474605,0.36759,23.359985,21.025
"107","87",1,2022-05-20,"g_up","g_up","Control",2022-05-20 09:53:30,-0.69698,5.935665,0.32142,22.73077,20.9
"108","88",1,2022-05-20,"g_up","g_up","Control",2022-05-20 10:14:30,-0.46109,5.541225,0.37516,23.283795,20.9
"109","17",1,2022-05-25,"midstream","g_low","Salinity transplant",2022-05-25 12:57:30,1.49079,2.02402,0.205865,20.51466,18.531665
"110","18",1,2022-05-25,"midstream","g_low","Salinity transplant",2022-05-25 12:43:00,0.52908,4.243145,0.26915,20.150635,18.2
"111","19",1,2022-05-25,"midstream","g_low","Salinity transplant",2022-05-25 13:06:00,-0.09894,2.63686,0.304285,20.62401,18.8
"112","2",1,2022-05-25,"g_low","g_low","Salinity transplant",2022-05-25 13:29:00,1.86036,4.396515,0.4043,20.78669,19.116665
"113","20",1,2022-05-25,"midstream","g_low","Salinity transplant",2022-05-25 13:37:00,-0.05534,4.5377,0.272015,21.115045,19.5
"114","29",1,2022-05-25,"upstream","g_low","Salinity transplant",2022-05-25 13:20:30,23.80307,0.842765,0.465845,20.84613,19.608335
"115","3",1,2022-05-25,"g_low","g_low","Salinity transplant",2022-05-25 12:30:00,-0.05742,4.76532,0.2972,20.4911,18.8
"116","30",1,2022-05-25,"upstream","g_low","Salinity transplant",2022-05-25 13:33:00,0.035365,4.089665,0.106,20.96724,19.3
"117","31",1,2022-05-25,"upstream","g_low","Salinity transplant",2022-05-25 12:25:00,-0.56934,4.39309,0.23895,20.24709,18.53667
"118","32",1,2022-05-25,"upstream","g_low","Salinity transplant",2022-05-25 13:40:30,5.4465,3.99796,0.3722,20.622665,19.5
"119","37",1,2022-05-25,"g_low","g_mid","Elevation transplant",2022-05-25 12:16:00,-0.336655,2.26397,0.3903,19.271415,18.4
"120","38",1,2022-05-25,"g_low","g_mid","Elevation transplant",2022-05-25 12:00:00,-0.26579,4.545095,0.17963,19.346965,18.8
"121","39",1,2022-05-25,"g_low","g_mid","Elevation transplant",2022-05-25 11:49:30,-0.25343,6.68388,0.153235,19.33756,18.331665
"122","4",1,2022-05-25,"g_low","g_low","Salinity transplant",2022-05-25 13:13:00,0.29759,5.057695,0.363085,20.826035,18.8
"123","40",1,2022-05-25,"g_low","g_mid","Elevation transplant",2022-05-25 11:32:30,-0.275895,5.050625,0.105925,19.20971,18
"124","41",1,2022-05-25,"g_low","g_up","Elevation transplant",2022-05-25 10:42:00,-0.577215,6.40884,0.094285,17.888475,17.271665
"125","42",1,2022-05-25,"g_low","g_up","Elevation transplant",2022-05-25 10:55:30,-0.926315,6.53999,0.09551,17.965415,17.3
"126","43",1,2022-05-25,"g_low","g_up","Elevation transplant",2022-05-25 11:02:00,-0.41458,3.875205,0.07084,18.05314,17.3
"127","44",1,2022-05-25,"g_low","g_up","Elevation transplant",2022-05-25 11:15:30,-0.73151,8.45008,0.080965,18.342845,17.588335
"128","45",1,2022-05-25,"g_mid","g_mid","Elevation transplant",2022-05-25 11:36:00,-0.12554,4.875265,0.176615,19.09268,18
"129","46",1,2022-05-25,"g_mid","g_mid","Elevation transplant",2022-05-25 11:46:00,-0.28768,6.309985,0.22645,19.259925,18.2
"130","47",1,2022-05-25,"g_mid","g_mid","Elevation transplant",2022-05-25 11:56:30,-0.150335,4.400965,0.161255,19.4027,18.7
"131","48",1,2022-05-25,"g_mid","g_mid","Elevation transplant",2022-05-25 12:06:00,-0.07812,2.574665,0.265115,19.12617,18.555
"132","49",1,2022-05-25,"g_mid","g_low","Elevation transplant",2022-05-25 12:39:30,58.01995,0.26406,0.44005,19.65565,18.105
"133","50",1,2022-05-25,"g_mid","g_low","Elevation transplant",2022-05-25 13:24:30,23.983375,1.120485,0.510885,20.44137,19.45
"134","51",1,2022-05-25,"g_mid","g_low","Elevation transplant",2022-05-25 12:19:30,2.134805,2.16634,0.21821,19.207485,18.4
"135","52",1,2022-05-25,"g_mid","g_low","Elevation transplant",2022-05-25 13:17:00,19.583025,1.586445,0.331715,20.90787,18.993335
"136","53",1,2022-05-25,"g_mid","g_up","Elevation transplant",2022-05-25 10:52:30,-0.000230000000000001,4.03006,0.10341,17.940485,17.3
"137","54",1,2022-05-25,"g_mid","g_up","Elevation transplant",2022-05-25 11:09:00,-0.95739,8.015875,0.06279,18.240425,17.388335
"138","55",1,2022-05-25,"g_mid","g_up","Elevation transplant",2022-05-25 10:58:30,-0.17032,2.99464,0.072495,17.957635,17.3
"139","56",1,2022-05-25,"g_mid","g_up","Elevation transplant",2022-05-25 11:12:00,-0.217635,3.993635,0.12242,18.30072,17.45833
"140","57",1,2022-05-25,"g_up","g_up","Elevation transplant",2022-05-25 11:22:00,-0.19004,4.712295,0.067125,18.41093,17.8425
"141","58",1,2022-05-25,"g_up","g_up","Elevation transplant",2022-05-25 10:38:00,-0.048225,2.746805,0.09725,17.696855,17.279165
"142","59",1,2022-05-25,"g_up","g_up","Elevation transplant",2022-05-25 10:48:00,-0.22964,4.34378,0.1048,17.99778,17.24667
"143","60",3,2022-05-25,"g_up","g_up","Elevation transplant",2022-05-25 10:28:30,-2.99211,2.5956,0.119025,17.492905,17.3
"144","60",4,2022-05-25,"g_up","g_up","Elevation transplant",2022-05-25 10:31:30,-0.2204,3.286335,0.107525,17.402,17.2425
"145","61",1,2022-05-25,"g_up","g_low","Elevation transplant",2022-05-25 12:23:00,-0.09783,3.341655,0.265825,19.70789,18.4
"146","62",1,2022-05-25,"g_up","g_low","Elevation transplant",2022-05-25 12:46:00,30.616125,4.15961,0.389775,19.83379,18.2
"147","63",1,2022-05-25,"g_up","g_low","Elevation transplant",2022-05-25 12:54:30,10.921445,2.034105,0.352385,20.30223,18.56
"148","64",1,2022-05-25,"g_up","g_low","Elevation transplant",2022-05-25 13:09:00,0.96474,1.95653,0.353915,20.660085,18.8
"149","65",1,2022-05-25,"g_up","g_mid","Elevation transplant",2022-05-25 11:42:30,-0.10344,2.739875,0.209365,18.70936,18.2
"150","66",1,2022-05-25,"g_up","g_mid","Elevation transplant",2022-05-25 12:08:00,0.01768,1.56882,0.28215,19.08477,18.55667
"151","67",1,2022-05-25,"g_up","g_mid","Elevation transplant",2022-05-25 11:39:30,-0.253755,4.428785,0.190115,18.8836,18.2
"152","68",1,2022-05-25,"g_up","g_mid","Elevation transplant",2022-05-25 11:25:30,-0.058795,2.518475,0.155585,18.606545,18
"153","69",1,2022-05-25,"g_low","g_low","Control",2022-05-25 12:36:00,914.73023,1.598425,0.33325,19.732875,18.541665
"154","70",1,2022-05-25,"g_low","g_low","Control",2022-05-25 12:32:30,0.52972,4.87572,0.325085,20.19586,18.8625
"155","71",1,2022-05-25,"g_low","g_low","Control",2022-05-25 12:50:30,17.33954,4.682555,0.35904,20.269395,18.325
"156","72",1,2022-05-25,"g_low","g_low","Control",2022-05-25 13:01:30,1.50458,3.085145,0.31315,20.51426,18.715
"157","81",1,2022-05-25,"g_mid","g_mid","Control",2022-05-25 11:53:00,-0.30869,4.233655,0.175475,19.471195,18.6
"158","82",1,2022-05-25,"g_mid","g_mid","Control",2022-05-25 12:13:00,-0.50207,6.01814,0.28162,19.12774,18.4
"159","83",1,2022-05-25,"g_mid","g_mid","Control",2022-05-25 12:03:00,-0.24099,3.667345,0.28641,19.16451,18.646665
"160","84",1,2022-05-25,"g_mid","g_mid","Control",2022-05-25 11:28:30,-0.51142,5.86688,0.155395,18.61837,18
"161","85",1,2022-05-25,"g_up","g_up","Control",2022-05-25 10:35:00,-0.40117,4.09116,0.0825,17.67181,17.3
"162","86",1,2022-05-25,"g_up","g_up","Control",2022-05-25 11:05:30,-0.247125,3.148685,0.102735,18.295055,17.3
"163","87",1,2022-05-25,"g_up","g_up","Control",2022-05-25 10:46:00,-0.43357,4.42341,0.10415,17.95158,17.2
"164","88",1,2022-05-25,"g_up","g_up","Control",2022-05-25 11:18:30,-0.2691,4.926925,0.111275,18.42183,17.7
"165","37",1,2022-06-08,"g_low","g_mid","Elevation transplant",2022-06-08 12:17:30,-0.80699,8.267145,0.244165,26.364655,23.6
"166","38",1,2022-06-08,"g_low","g_mid","Elevation transplant",2022-06-08 11:51:00,-0.40485,6.25289,0.310865,25.293585,23.5
"167","39",1,2022-06-08,"g_low","g_mid","Elevation transplant",2022-06-08 11:34:30,-0.37163,6.99171,0.358105,24.595665,24.454335
"168","40",1,2022-06-08,"g_low","g_mid","Elevation transplant",2022-06-08 12:44:00,-0.98141,16.785165,0.325305,27.28724,23.92625
"169","45",1,2022-06-08,"g_mid","g_mid","Elevation transplant",2022-06-08 12:39:00,-0.279185,7.13462,0.355905,26.51784,23.789745
"170","46",1,2022-06-08,"g_mid","g_mid","Elevation transplant",2022-06-08 12:23:00,-1.084995,12.23143,0.28762,26.292475,23.72437
"171","47",1,2022-06-08,"g_mid","g_mid","Elevation transplant",2022-06-08 11:46:00,-0.313815,8.802125,0.371815,25.29313,23.746665
"172","48",1,2022-06-08,"g_mid","g_mid","Elevation transplant",2022-06-08 12:01:30,-0.29215,4.868865,0.158345,25.99142,23.5
"173","57",1,2022-06-08,"g_up","g_up","Elevation transplant",2022-06-08 12:28:00,-0.943195,7.50375,0.28392,25.94341,23.7775
"174","60",1,2022-06-08,"g_up","g_up","Elevation transplant",2022-06-08 12:06:30,-0.43703,5.232305,0.24968,26.19977,23.6
"175","65",1,2022-06-08,"g_up","g_mid","Elevation transplant",2022-06-08 12:33:30,-0.48404,7.74204,0.303925,26.049225,23.7
"176","68",1,2022-06-08,"g_up","g_mid","Elevation transplant",2022-06-08 12:54:30,-0.35413,5.998585,0.38767,27.748325,24.889165
"177","81",1,2022-06-08,"g_mid","g_mid","Control",2022-06-08 11:41:00,-0.714685,7.108035,0.29739,25.35562,24.0925
"178","82",1,2022-06-08,"g_mid","g_mid","Control",2022-06-08 12:11:00,-1.16955,9.39807,0.35604,26.37064,23.8
"179","83",1,2022-06-08,"g_mid","g_mid","Control",2022-06-08 11:56:00,-0.8566,8.06517,0.183115,25.75514,23.5
"180","84",1,2022-06-08,"g_mid","g_mid","Control",2022-06-08 12:48:00,-1.03096,10.73894,0.2829,28.02585,24.63
"181","17",1,2022-06-10,"midstream","g_low","Salinity transplant",2022-06-10 11:09:00,1.656035,2.823505,0.370285,24.217325,22.4
"182","18",1,2022-06-10,"midstream","g_low","Salinity transplant",2022-06-10 11:19:00,0.105595,3.823575,0.363,24.951795,22.5
"183","19",1,2022-06-10,"midstream","g_low","Salinity transplant",2022-06-10 10:36:00,0.352695,3.33914,0.36649,22.30354,20.749
"184","2",1,2022-06-10,"g_low","g_low","Salinity transplant",2022-06-10 10:02:00,0.13634,3.12115,0.33825,21.76129,22.2375
"185","20",1,2022-06-10,"midstream","g_low","Salinity transplant",2022-06-10 10:47:00,-0.03788,4.39428,0.246245,23.44252,21.167
"186","29",1,2022-06-10,"upstream","g_low","Salinity transplant",2022-06-10 10:21:00,19.57819,0.976835,0.4278,21.37776,21.157
"187","3",1,2022-06-10,"g_low","g_low","Salinity transplant",2022-06-10 11:55:00,-0.282645,5.91906,0.23178,25.45663,22.708
"188","30",1,2022-06-10,"upstream","g_low","Salinity transplant",2022-06-10 10:42:00,-0.04883,4.763735,0.372405,22.69643,20.9
"189","31",1,2022-06-10,"upstream","g_low","Salinity transplant",2022-06-10 11:50:00,-0.39615,5.751365,0.29925,25.554875,22.42
"190","32",1,2022-06-10,"upstream","g_low","Salinity transplant",2022-06-10 10:52:00,0.50242,3.92578,0.23509,23.50711,21.614
"191","4",1,2022-06-10,"g_low","g_low","Salinity transplant",2022-06-10 10:11:00,-0.180145,5.857675,0.322725,21.86406,21.994
"192","41",1,2022-06-10,"g_low","g_up","Elevation transplant",2022-06-10 12:16:00,-0.63357,6.57219,0.32858,24.734575,22.596
"193","42",1,2022-06-10,"g_low","g_up","Elevation transplant",2022-06-10 13:01:00,-1.307065,9.83303,0.304305,25.729645,23.1575
"194","43",1,2022-06-10,"g_low","g_up","Elevation transplant",2022-06-10 13:10:00,-0.32894,7.52189,0.357845,27.42849,23.655
"195","44",1,2022-06-10,"g_low","g_up","Elevation transplant",2022-06-10 12:43:00,-0.5778,7.595405,0.42942,24.62758,22.4
"196","49",1,2022-06-10,"g_mid","g_low","Elevation transplant",2022-06-10 11:35:00,42.9277,1.32443,0.5493,23.507135,22.244
"197","50",1,2022-06-10,"g_mid","g_low","Elevation transplant",2022-06-10 10:16:00,49.9637,0.74363,0.4324,21.502885,21.858
"198","51",1,2022-06-10,"g_mid","g_low","Elevation transplant",2022-06-10 11:40:30,33.0702,4.063585,0.42994,23.605795,21.956
"199","52",1,2022-06-10,"g_mid","g_low","Elevation transplant",2022-06-10 10:26:00,85.00063,1.813455,0.388035,21.32272,20.733
"200","53",1,2022-06-10,"g_mid","g_up","Elevation transplant",2022-06-10 12:30:00,-0.15714,4.140395,0.349915,25.018415,22.634715
"201","54",1,2022-06-10,"g_mid","g_up","Elevation transplant",2022-06-10 12:34:00,-1.366595,9.63217,0.262515,24.6923,22.755
"202","55",1,2022-06-10,"g_mid","g_up","Elevation transplant",2022-06-10 13:05:00,-0.167895,3.91205,0.31411,25.21979,23.432
"203","56",1,2022-06-10,"g_mid","g_up","Elevation transplant",2022-06-10 12:39:00,-0.49779,6.748555,0.419225,24.733055,22.5
"204","57",1,2022-06-10,"g_up","g_up","Elevation transplant",2022-06-10 12:52:00,-0.23079,4.63255,0.313775,24.79745,22.866
"205","58",1,2022-06-10,"g_up","g_up","Elevation transplant",2022-06-10 12:11:00,-0.103575,4.451105,0.310165,25.066415,22.513
"206","59",1,2022-06-10,"g_up","g_up","Elevation transplant",2022-06-10 12:25:00,-0.39507,5.571105,0.40603,25.324795,22.487
"207","60",1,2022-06-10,"g_up","g_up","Elevation transplant",2022-06-10 12:02:00,-0.37051,4.982245,0.312765,24.519405,22.7
"208","61",1,2022-06-10,"g_up","g_low","Elevation transplant",2022-06-10 11:45:00,-0.13295,3.53904,0.348255,24.66085,21.999
"209","62",1,2022-06-10,"g_up","g_low","Elevation transplant",2022-06-10 10:58:00,29.5951,8.423655,0.44278,23.51184,22.1745
"210","63",1,2022-06-10,"g_up","g_low","Elevation transplant",2022-06-10 11:14:00,7.60023,3.857815,0.45853,24.012605,22.494
"211","64",1,2022-06-10,"g_up","g_low","Elevation transplant",2022-06-10 10:07:00,0.2415,2.84443,0.311285,21.464515,22.054
"212","69",1,2022-06-10,"g_low","g_low","Control",2022-06-10 11:30:00,1139.66102,1.683935,0.38898,23.81245,22.566
"213","70",1,2022-06-10,"g_low","g_low","Control",2022-06-10 11:25:00,0.977885,7.78145,0.461285,25.007365,22.592
"214","71",1,2022-06-10,"g_low","g_low","Control",2022-06-10 11:03:00,293.9781,6.05367,0.378795,23.75918,22.4
"215","72",1,2022-06-10,"g_low","g_low","Control",2022-06-10 10:31:00,1.37445,3.947365,0.331385,22.02603,20.7
"216","85",1,2022-06-10,"g_up","g_up","Control",2022-06-10 12:06:30,-0.66573,6.2718,0.303995,24.53517,22.5
"217","86",1,2022-06-10,"g_up","g_up","Control",2022-06-10 12:56:00,-0.388765,4.90964,0.406015,25.491505,23
"218","87",1,2022-06-10,"g_up","g_up","Control",2022-06-10 12:19:00,-0.51127,5.64932,0.37355,24.62488,22.4
"219","88",1,2022-06-10,"g_up","g_up","Control",2022-06-10 12:46:00,-0.33461,5.70561,0.41889,24.70867,22.478
"220","37",1,2022-06-15,"g_low","g_mid","Elevation transplant",2022-06-15 10:45:00,-0.42124,5.95677,0.3717,25.13944,23.3
"221","38",1,2022-06-15,"g_low","g_mid","Elevation transplant",2022-06-15 11:00:00,-0.22458,5.25957,0.49024,24.930325,23
"222","39",1,2022-06-15,"g_low","g_mid","Elevation transplant",2022-06-15 11:13:00,-0.292995,6.545945,0.363135,24.954255,23.252
"223","40",1,2022-06-15,"g_low","g_mid","Elevation transplant",2022-06-15 11:41:00,-0.75265,17.663385,0.333035,25.68983,23.463
"224","41",1,2022-06-15,"g_low","g_up","Elevation transplant",2022-06-15 09:45:00,-0.517575,6.978485,0.352375,23.940265,22.661
"225","42",1,2022-06-15,"g_low","g_up","Elevation transplant",2022-06-15 09:54:30,-1.134925,10.10116,0.28866,24.102035,22.459405
"226","43",1,2022-06-15,"g_low","g_up","Elevation transplant",2022-06-15 10:08:00,-0.5493,8.84078,0.4359,24.55307,22.4
"227","44",1,2022-06-15,"g_low","g_up","Elevation transplant",2022-06-15 10:23:00,-0.590345,8.28043,0.4575,25.194195,22.74
"228","45",1,2022-06-15,"g_mid","g_mid","Elevation transplant",2022-06-15 11:46:00,-0.09999,6.078995,0.51787,25.622115,23.404
"229","46",1,2022-06-15,"g_mid","g_mid","Elevation transplant",2022-06-15 11:18:00,-0.40871,6.905095,0.420035,25.36389,23.434
"230","47",1,2022-06-15,"g_mid","g_mid","Elevation transplant",2022-06-15 11:03:00,-0.15128,7.50591,0.42134,25.12146,23
"231","48",1,2022-06-15,"g_mid","g_mid","Elevation transplant",2022-06-15 10:51:00,-0.161555,3.080605,0.375565,25.164415,23.246
"232","53",1,2022-06-15,"g_mid","g_up","Elevation transplant",2022-06-15 09:50:00,-0.33898,5.234775,0.45995,23.861985,22.625
"233","54",1,2022-06-15,"g_mid","g_up","Elevation transplant",2022-06-15 10:13:00,-0.96169,8.439935,0.260935,24.45135,22.6
"234","55",1,2022-06-15,"g_mid","g_up","Elevation transplant",2022-06-15 10:04:00,-0.19084,4.597555,0.46049,24.203225,22.5
"235","56",1,2022-06-15,"g_mid","g_up","Elevation transplant",2022-06-15 10:18:00,-0.3001,5.963045,0.35847,24.81622,22.6
"236","57",1,2022-06-15,"g_up","g_up","Elevation transplant",2022-06-15 10:32:00,-0.206475,4.844415,0.394015,24.64347,22.8
"237","58",1,2022-06-15,"g_up","g_up","Elevation transplant",2022-06-15 09:31:00,-0.058775,5.82966,0.354015,23.738575,22.943
"238","59",1,2022-06-15,"g_up","g_up","Elevation transplant",2022-06-15 09:36:00,-0.33224,6.80293,0.33048,23.70027,22.8
"239","60",2,2022-06-15,"g_up","g_up","Elevation transplant",2022-06-15 09:21:30,-0.177945,5.299385,0.28985,23.77658,24.0115
"240","65",1,2022-06-15,"g_up","g_mid","Elevation transplant",2022-06-15 11:27:00,-0.09769,6.56196,0.469375,25.371345,23.4
"241","66",1,2022-06-15,"g_up","g_mid","Elevation transplant",2022-06-15 10:37:00,-0.147265,4.620755,0.4241,26.3257,22.94
"242","67",1,2022-06-15,"g_up","g_mid","Elevation transplant",2022-06-15 11:22:00,-0.438745,6.109685,0.340615,25.513735,23.5
"243","68",1,2022-06-15,"g_up","g_mid","Elevation transplant",2022-06-15 11:32:00,-0.06107,3.65034,0.42706,25.70218,23
"244","81",1,2022-06-15,"g_mid","g_mid","Control",2022-06-15 11:09:00,-0.34353,5.363195,0.464115,25.1645,23.231
"245","82",1,2022-06-15,"g_mid","g_mid","Control",2022-06-15 10:40:00,-0.48944,7.78994,0.30675,25.30151,23.219
"246","83",1,2022-06-15,"g_mid","g_mid","Control",2022-06-15 10:55:00,-0.01355,4.67423,0.414975,25.11,23.072
"247","84",1,2022-06-15,"g_mid","g_mid","Control",2022-06-15 11:37:00,-0.57981,9.132725,0.50728,25.639745,23.291
"248","85",1,2022-06-15,"g_up","g_up","Control",2022-06-15 09:26:00,-0.587915,6.89305,0.344595,23.6409,23.304
"249","86",1,2022-06-15,"g_up","g_up","Control",2022-06-15 09:59:00,-0.398095,6.207265,0.323485,24.131045,22.413
"250","87",1,2022-06-15,"g_up","g_up","Control",2022-06-15 09:40:00,-0.518525,6.65623,0.34434,23.870765,22.8
"251","88",1,2022-06-15,"g_up","g_up","Control",2022-06-15 10:27:00,-0.053045,3.352725,0.38388,24.85592,22.8
"252","19",1,2022-06-17,"midstream","g_low","Salinity transplant",2022-06-17 10:34:00,2.46785,4.893595,0.47527,26.5037,24.0485
"253","2",1,2022-06-17,"g_low","g_low","Salinity transplant",2022-06-17 10:09:00,-0.0601,6.05631,0.48311,26.03199,25.0515
"254","30",1,2022-06-17,"upstream","g_low","Salinity transplant",2022-06-17 09:58:30,-0.17436,6.09458,0.35519,26.507165,26.645
"255","52",1,2022-06-17,"g_mid","g_low","Elevation transplant",2022-06-17 10:23:00,357.813185,1.48384,0.6345,25.955065,24.175
"256","64",1,2022-06-17,"g_up","g_low","Elevation transplant",2022-06-17 10:16:00,0.324255,4.164895,0.417705,26.527505,24.4885
"257","64",2,2022-06-17,"g_up","g_low","Elevation transplant",2022-06-17 10:40:00,0.486655,4.062205,0.49226,26.37203,23.978
"258","72",1,2022-06-17,"g_low","g_low","Control",2022-06-17 10:29:00,3.086145,5.366605,0.51911,26.496275,23.99
"259","17",1,2022-06-29,"midstream","g_low","Salinity transplant",2022-06-29 10:17:00,1.056775,3.17655,0.399955,23.006415,21.661
"260","18",1,2022-06-29,"midstream","g_low","Salinity transplant",2022-06-29 09:52:00,-0.017795,4.13871,0.31195,22.96333,21.9
"261","19",1,2022-06-29,"midstream","g_low","Salinity transplant",2022-06-29 10:27:00,0.175245,4.095955,0.452735,23.056855,21.7
"262","2",1,2022-06-29,"g_low","g_low","Salinity transplant",2022-06-29 10:33:00,-0.09251,4.99613,0.402825,22.848365,21.7
"263","20",1,2022-06-29,"midstream","g_low","Salinity transplant",2022-06-29 11:06:00,0.075765,4.62516,0.38283,24.98456,21.36
"264","29",1,2022-06-29,"upstream","g_low","Salinity transplant",2022-06-29 10:50:00,101.42767,0.865845,0.47075,22.868255,21.385
"265","3",1,2022-06-29,"g_low","g_low","Salinity transplant",2022-06-29 09:31:00,-0.344605,6.57395,0.25501,23.760325,23.9
"266","30",1,2022-06-29,"upstream","g_low","Salinity transplant",2022-06-29 11:11:00,-0.07419,5.765665,0.38224,25.823365,22.314
"267","31",1,2022-06-29,"upstream","g_low","Salinity transplant",2022-06-29 09:26:00,-0.53699,7.22023,0.185575,25.13676,24.259595
"268","32",1,2022-06-29,"upstream","g_low","Salinity transplant",2022-06-29 09:56:00,0.277705,7.60754,0.47681,22.708635,21.9
"269","4",1,2022-06-29,"g_low","g_low","Salinity transplant",2022-06-29 10:44:00,0.27432,7.830125,0.39045,23.527515,21.5
"270","41",1,2022-06-29,"g_low","g_up","Elevation transplant",2022-06-29 12:29:00,-0.60177,6.41922,0.36188,26.21543,23.9
"271","42",1,2022-06-29,"g_low","g_up","Elevation transplant",2022-06-29 11:47:00,-1.156635,10.458855,0.34202,24.952495,22.6
"272","43",1,2022-06-29,"g_low","g_up","Elevation transplant",2022-06-29 12:01:00,-0.527095,7.629305,0.39381,25.361355,23.594
"273","44",1,2022-06-29,"g_low","g_up","Elevation transplant",2022-06-29 11:27:00,-0.620725,7.28787,0.30689,24.710945,22.8
"274","49",1,2022-06-29,"g_mid","g_low","Elevation transplant",2022-06-29 09:46:00,34.2098,1.439125,0.36947,22.59314,22.384
"275","50",1,2022-06-29,"g_mid","g_low","Elevation transplant",2022-06-29 11:00:30,6.43674,0.775955,0.42842,23.031405,20.993
"276","51",1,2022-06-29,"g_mid","g_low","Elevation transplant",2022-06-29 09:14:00,1.308665,7.927945,0.46562,22.58012,23.3285
"277","52",1,2022-06-29,"g_mid","g_low","Elevation transplant",2022-06-29 10:55:00,534.02869,1.97168,0.56569,22.894025,21.103
"278","53",1,2022-06-29,"g_mid","g_up","Elevation transplant",2022-06-29 11:41:30,-0.21889,4.608335,0.37868,24.737265,22.975
"279","54",1,2022-06-29,"g_mid","g_up","Elevation transplant",2022-06-29 11:36:00,-1.111495,8.2597,0.00944,24.645985,22.89
"280","55",1,2022-06-29,"g_mid","g_up","Elevation transplant",2022-06-29 11:56:30,-0.21956,4.64405,0.27014,25.24508,23.1935
"281","56",1,2022-06-29,"g_mid","g_up","Elevation transplant",2022-06-29 11:31:00,-0.833405,7.66912,0.3416,24.754835,22.8
"282","57",1,2022-06-29,"g_up","g_up","Elevation transplant",2022-06-29 11:16:00,-0.147535,4.55532,0.3,24.796845,23
"283","58",1,2022-06-29,"g_up","g_up","Elevation transplant",2022-06-29 12:05:00,-0.128875,4.81792,0.399265,26.04378,23.935
"284","59",1,2022-06-29,"g_up","g_up","Elevation transplant",2022-06-29 12:19:00,-0.525115,6.15916,0.39903,26.429745,24.252
"285","60",1,2022-06-29,"g_up","g_up","Elevation transplant",2022-06-29 12:14:00,-0.70992,5.5356,0.2651,25.8526,24.246
"286","61",1,2022-06-29,"g_up","g_low","Elevation transplant",2022-06-29 09:21:00,-0.15767,3.80015,0.300405,26.59942,23.3085
"287","62",1,2022-06-29,"g_up","g_low","Elevation transplant",2022-06-29 10:02:00,2.37623,6.56246,0.439375,22.64006,21.9
"288","63",1,2022-06-29,"g_up","g_low","Elevation transplant",2022-06-29 10:13:00,3.93899,4.420255,0.467565,22.794925,21.74923
"289","64",1,2022-06-29,"g_up","g_low","Elevation transplant",2022-06-29 10:38:00,-0.056335,3.68216,0.40494,23.16566,21.541
"290","69",1,2022-06-29,"g_low","g_low","Control",2022-06-29 09:41:00,534.397375,4.5534,0.54016,23.22751,23.131
"291","70",1,2022-06-29,"g_low","g_low","Control",2022-06-29 09:36:00,0.000939999999999996,5.66157,0.40818,24.245655,23.654
"292","71",1,2022-06-29,"g_low","g_low","Control",2022-06-29 10:07:00,8.99702,7.957565,0.45146,22.991035,21.857
"293","72",1,2022-06-29,"g_low","g_low","Control",2022-06-29 10:22:00,2.061585,4.311095,0.423045,22.910445,21.7
"294","85",1,2022-06-29,"g_up","g_up","Control",2022-06-29 12:10:00,-1.055245,7.75706,0.34114,26.157415,24.2
"295","86",1,2022-06-29,"g_up","g_up","Control",2022-06-29 11:52:00,-0.379905,4.870545,0.36142,25.26611,22.754
"296","87",1,2022-06-29,"g_up","g_up","Control",2022-06-29 12:24:00,-0.65731,6.399475,0.33492,26.29479,24.149
"297","88",1,2022-06-29,"g_up","g_up","Control",2022-06-29 11:21:00,-0.345515,5.30229,0.403,24.68977,22.9
"298","37",1,2022-07-01,"g_low","g_mid","Elevation transplant",2022-07-01 10:26:30,-0.84125,8.8927,0.29473,26.83249,25.052
"299","38",1,2022-07-01,"g_low","g_mid","Elevation transplant",2022-07-01 10:03:00,-0.52218,7.12347,0.33535,26.062025,24.4345
"300","39",1,2022-07-01,"g_low","g_mid","Elevation transplant",2022-07-01 09:54:00,-0.596435,8.005115,0.07082,26.01761,24.511
"301","40",1,2022-07-01,"g_low","g_mid","Elevation transplant",2022-07-01 09:26:00,-2.190115,35.927365,0.299685,25.286045,25.495
"302","45",1,2022-07-01,"g_mid","g_mid","Elevation transplant",2022-07-01 09:30:00,-0.26138,5.7223,0.383065,25.62061,25.0885
"303","46",1,2022-07-01,"g_mid","g_mid","Elevation transplant",2022-07-01 09:45:00,-1.15704,10.412695,0.335,25.782855,24.6955
"304","47",1,2022-07-01,"g_mid","g_mid","Elevation transplant",2022-07-01 09:58:00,-0.48874,10.276525,0.29326,26.100015,24.7
"305","48",1,2022-07-01,"g_mid","g_mid","Elevation transplant",2022-07-01 10:12:00,-0.35336,5.18962,0.204245,26.486575,24.759405
"306","65",1,2022-07-01,"g_up","g_mid","Elevation transplant",2022-07-01 09:40:00,-0.66293,8.71276,0.273185,25.55806,24.7
"307","66",1,2022-07-01,"g_up","g_mid","Elevation transplant",2022-07-01 10:17:00,-0.75312,5.927775,0.24917,27.22476,25.028
"308","67",1,2022-07-01,"g_up","g_mid","Elevation transplant",2022-07-01 09:35:00,-1.00657,6.941115,0.25739,25.4586,24.76
"309","68",1,2022-07-01,"g_up","g_mid","Elevation transplant",2022-07-01 09:16:00,-0.4497,5.94147,0.32822,25.41639,26.75
"310","81",1,2022-07-01,"g_mid","g_mid","Control",2022-07-01 09:49:00,-0.90276,8.065185,0.318005,25.845975,24.544
"311","82",1,2022-07-01,"g_mid","g_mid","Control",2022-07-01 10:22:00,-1.652845,9.10091,0.303325,26.690625,24.939
"312","83",1,2022-07-01,"g_mid","g_mid","Control",2022-07-01 10:07:00,-1.15867,8.384665,0.25214,26.30596,24.6085
"313","84",1,2022-07-01,"g_mid","g_mid","Control",2022-07-01 09:21:00,-1.37177,9.49154,0.334595,25.37959,25.7295
"314","17",1,2022-07-06,"midstream","g_low","Salinity transplant",2022-07-06 10:25:30,0.890475,3.86045,0.354685,25.667295,24.273
"315","18",1,2022-07-06,"midstream","g_low","Salinity transplant",2022-07-06 09:59:00,-0.03062,5.676065,0.36925,25.362375,24.6175
"316","19",1,2022-07-06,"midstream","g_low","Salinity transplant",2022-07-06 10:37:00,0.503875,4.70614,0.4176,25.80565,24.0875
"317","2",1,2022-07-06,"g_low","g_low","Salinity transplant",2022-07-06 10:48:00,0.09345,7.995135,0.43725,25.760285,24.2
"318","20",1,2022-07-06,"midstream","g_low","Salinity transplant",2022-07-06 11:22:00,0.09083,5.328025,0.25668,26.061375,24.7
"319","29",1,2022-07-06,"upstream","g_low","Salinity transplant",2022-07-06 11:05:00,83.561365,0.57898,0.48028,26.053315,24.71
"320","3",1,2022-07-06,"g_low","g_low","Salinity transplant",2022-07-06 09:37:00,-0.367945,10.800275,0.24779,25.5023,25.1
"321","30",1,2022-07-06,"upstream","g_low","Salinity transplant",2022-07-06 11:17:00,0.15,6.24754,0.39839,25.86537,24.7
"322","31",1,2022-07-06,"upstream","g_low","Salinity transplant",2022-07-06 09:32:00,-0.47809,12.9903,0.247685,25.746755,25.3955
"323","32",1,2022-07-06,"upstream","g_low","Salinity transplant",2022-07-06 10:09:00,0.268525,4.774115,0.45644,25.36904,24.4
"324","4",1,2022-07-06,"g_low","g_low","Salinity transplant",2022-07-06 10:54:00,-0.028315,8.080645,0.34534,26.10147,24.4575
"325","49",1,2022-07-06,"g_mid","g_low","Elevation transplant",2022-07-06 09:53:00,1.462605,1.003915,0.48777,24.997965,24.373
"326","50",1,2022-07-06,"g_mid","g_low","Elevation transplant",2022-07-06 10:59:00,0.49548,0.679305,0.4438,25.990565,24.7
"327","51",1,2022-07-06,"g_mid","g_low","Elevation transplant",2022-07-06 09:22:00,2.121555,5.728885,0.455495,24.770765,25.4085
"328","52",1,2022-07-06,"g_mid","g_low","Elevation transplant",2022-07-06 11:10:00,494.50583,1.38194,0.53656,25.921365,24.7
"329","61",1,2022-07-06,"g_up","g_low","Elevation transplant",2022-07-06 09:27:00,-0.11849,5.19417,0.34265,26.84429,25.352
"330","62",1,2022-07-06,"g_up","g_low","Elevation transplant",2022-07-06 10:04:00,0.82474,4.37788,0.486365,25.42076,24.592
"331","63",1,2022-07-06,"g_up","g_low","Elevation transplant",2022-07-06 10:20:00,1.978835,4.877365,0.47193,25.560375,24.7175
"332","64",1,2022-07-06,"g_up","g_low","Elevation transplant",2022-07-06 10:43:00,-0.0087,3.894415,0.431155,25.80258,23.99
"333","69",1,2022-07-06,"g_low","g_low","Control",2022-07-06 09:48:00,359.650875,2.02875,0.421315,25.12156,24.658
"334","70",1,2022-07-06,"g_low","g_low","Control",2022-07-06 09:43:00,0.09077,7.2936,0.40465,25.302825,24.869
"335","71",1,2022-07-06,"g_low","g_low","Control",2022-07-06 10:15:00,4.09805,8.946225,0.4511,25.767475,24.656
"336","72",1,2022-07-06,"g_low","g_low","Control",2022-07-06 10:31:00,4.89369,5.326945,0.449,25.80561,24.2
"337","37",1,2022-07-07,"g_low","g_mid","Elevation transplant",2022-07-07 16:56:00,-0.557285,7.511505,0.361725,24.86463,24.2
"338","38",1,2022-07-07,"g_low","g_mid","Elevation transplant",2022-07-07 16:11:00,-0.24627,7.80429,0.426,24.85211,24.11
"339","39",1,2022-07-07,"g_low","g_mid","Elevation transplant",2022-07-07 16:32:00,-0.31809,7.29857,0.44506,25.00587,23.9
"340","40",1,2022-07-07,"g_low","g_mid","Elevation transplant",2022-07-07 15:51:00,-1.87077,50.51272,0.4276,24.24241,23.7
"341","41",1,2022-07-07,"g_low","g_up","Elevation transplant",2022-07-07 18:08:00,-0.52577,8.33225,0.43492,24.59315,23.7
"342","42",1,2022-07-07,"g_low","g_up","Elevation transplant",2022-07-07 18:20:00,-0.65131,11.892045,0.47236,24.57166,23.7
"343","43",1,2022-07-07,"g_low","g_up","Elevation transplant",2022-07-07 17:39:00,-0.51208,9.03719,0.44646,24.68408,23.846
"344","44",1,2022-07-07,"g_low","g_up","Elevation transplant",2022-07-07 17:05:00,-0.65082,12.40453,0.35356,24.69013,23.9
"345","45",1,2022-07-07,"g_mid","g_mid","Elevation transplant",2022-07-07 15:57:00,-0.09114,5.198035,0.38158,24.37706,23.739
"346","46",1,2022-07-07,"g_mid","g_mid","Elevation transplant",2022-07-07 16:02:00,-0.42733,8.75721,0.4456,24.59044,23.9
"347","47",1,2022-07-07,"g_mid","g_mid","Elevation transplant",2022-07-07 16:17:00,-0.165005,6.91239,0.434,24.92826,24.032
"348","53",1,2022-07-07,"g_mid","g_up","Elevation transplant",2022-07-07 18:15:00,-0.13462,4.788065,0.505,24.62639,23.7
"349","54",1,2022-07-07,"g_mid","g_up","Elevation transplant",2022-07-07 17:11:00,-0.78442,8.610245,0.441685,24.546915,23.9
"350","55",1,2022-07-07,"g_mid","g_up","Elevation transplant",2022-07-07 17:32:00,-0.148565,4.829855,0.477945,24.57742,23.828
"351","56",1,2022-07-07,"g_mid","g_up","Elevation transplant",2022-07-07 17:01:30,-0.563775,8.699255,0.416,24.66725,24.11
"352","57",1,2022-07-07,"g_up","g_up","Elevation transplant",2022-07-07 17:22:00,-0.18273,4.973875,0.47047,24.66192,24.0425
"353","58",1,2022-07-07,"g_up","g_up","Elevation transplant",2022-07-07 17:42:00,-0.11809,6.23673,0.4183,24.57743,23.786
"354","59",1,2022-07-07,"g_up","g_up","Elevation transplant",2022-07-07 18:00:00,-0.40777,7.42102,0.43533,24.6648,23.7
"355","60",1,2022-07-07,"g_up","g_up","Elevation transplant",2022-07-07 17:54:00,-0.65735,7.237505,0.3305,24.57776,23.7
"356","65",1,2022-07-07,"g_up","g_mid","Elevation transplant",2022-07-07 16:27:30,-0.108925,5.00984,0.409775,24.96639,24.02
"357","66",1,2022-07-07,"g_up","g_mid","Elevation transplant",2022-07-07 16:51:00,-0.253745,5.1971,0.36861,24.91126,24.2
"358","67",1,2022-07-07,"g_up","g_mid","Elevation transplant",2022-07-07 16:07:00,-0.343875,6.700235,0.393815,24.68012,23.9
"359","68",1,2022-07-07,"g_up","g_mid","Elevation transplant",2022-07-07 15:42:00,-0.05875,3.365995,0.451055,24.226725,23.672
"360","81",1,2022-07-07,"g_mid","g_mid","Control",2022-07-07 16:22:00,-0.29534,6.155265,0.417875,25.058725,23.9525
"361","82",1,2022-07-07,"g_mid","g_mid","Control",2022-07-07 16:46:30,-0.72898,8.92346,0.36004,24.94654,24.2
"362","83",1,2022-07-07,"g_mid","g_mid","Control",2022-07-07 16:37:00,-0.53324,6.9682,0.38547,25.02785,23.9
"363","84",1,2022-07-07,"g_mid","g_mid","Control",2022-07-07 15:47:00,-0.688045,9.74025,0.42538,24.196415,23.7
"364","85",1,2022-07-07,"g_up","g_up","Control",2022-07-07 17:46:00,-0.80576,4.16699,0.44483,24.58703,23.7
"365","86",1,2022-07-07,"g_up","g_up","Control",2022-07-07 17:27:00,-0.415565,7.063185,0.426865,24.685235,23.9
"366","87",1,2022-07-07,"g_up","g_up","Control",2022-07-07 18:04:00,-0.512195,7.219925,0.433475,24.57559,23.784
"367","88",1,2022-07-07,"g_up","g_up","Control",2022-07-07 17:17:00,-0.27809,6.17027,0.449,24.65045,23.9
"368","37",1,2022-07-13,"g_low","g_mid","Elevation transplant",2022-07-13 10:40:00,-0.50381,8.161965,0.42493,26.988535,24.9
"369","38",1,2022-07-13,"g_low","g_mid","Elevation transplant",2022-07-13 11:02:00,-0.28622,6.514865,0.45315,25.7659,24.2
"370","39",1,2022-07-13,"g_low","g_mid","Elevation transplant",2022-07-13 11:17:00,-0.33357,7.7926,0.47486,26.08183,24.2
"371","40",1,2022-07-13,"g_low","g_mid","Elevation transplant",2022-07-13 11:44:00,-1.740015,44.4676,0.519825,26.1243,24.5635
"372","41",1,2022-07-13,"g_low","g_up","Elevation transplant",2022-07-13 09:15:00,-0.028205,1.83893,0.3674,23.880555,23.3
"373","42",1,2022-07-13,"g_low","g_up","Elevation transplant",2022-07-13 09:26:00,-0.984595,14.267385,0.352195,23.817315,22.983
"374","43",1,2022-07-13,"g_low","g_up","Elevation transplant",2022-07-13 10:08:00,-0.55713,9.73326,0.4059,25.019355,23.9
"375","44",1,2022-07-13,"g_low","g_up","Elevation transplant",2022-07-13 09:42:00,-0.63031,8.97076,0.444355,24.77223,23.443
"376","45",1,2022-07-13,"g_mid","g_mid","Elevation transplant",2022-07-13 11:38:30,-0.07337,5.6263,0.448975,26.144845,24.4
"377","46",1,2022-07-13,"g_mid","g_mid","Elevation transplant",2022-07-13 11:23:00,-0.591755,8.95622,0.41361,26.308525,24.322
"378","47",1,2022-07-13,"g_mid","g_mid","Elevation transplant",2022-07-13 11:08:00,-0.20967,8.40356,0.43746,25.89208,24.2
"379","48",1,2022-07-13,"g_mid","g_mid","Elevation transplant",2022-07-13 10:50:00,-0.194975,5.47904,0.356875,26.398655,24.565
"380","53",1,2022-07-13,"g_mid","g_up","Elevation transplant",2022-07-13 09:21:00,-0.15266,4.315655,0.42005,23.682715,23
"381","54",1,2022-07-13,"g_mid","g_up","Elevation transplant",2022-07-13 09:31:00,-1.069945,9.612355,0.43061,24.242755,23.3
"382","55",1,2022-07-13,"g_mid","g_up","Elevation transplant",2022-07-13 10:03:00,-0.114495,4.146615,0.393525,24.70398,23.7
"383","56",1,2022-07-13,"g_mid","g_up","Elevation transplant",2022-07-13 09:36:00,-0.632985,8.13313,0.46069,24.40511,23.3
"384","57",1,2022-07-13,"g_up","g_up","Elevation transplant",2022-07-13 09:53:00,-0.15181,3.92275,0.35065,24.496335,23.678
"385","58",1,2022-07-13,"g_up","g_up","Elevation transplant",2022-07-13 10:12:00,-0.12228,6.273495,0.451,25.032305,23.887
"386","59",1,2022-07-13,"g_up","g_up","Elevation transplant",2022-07-13 09:03:00,-0.455215,7.10717,0.348285,23.86908,24.394445
"387","60",1,2022-07-13,"g_up","g_up","Elevation transplant",2022-07-13 10:22:00,-0.764765,7.12942,0.34182,25.1109,23.9
"388","65",1,2022-07-13,"g_up","g_mid","Elevation transplant",2022-07-13 11:28:00,-0.32501,8.007865,0.36764,26.17206,24.4
"389","66",1,2022-07-13,"g_up","g_mid","Elevation transplant",2022-07-13 10:29:00,-0.20486,4.10909,0.375415,27.640715,24.658
"390","67",1,2022-07-13,"g_up","g_mid","Elevation transplant",2022-07-13 11:33:00,-0.566475,7.554315,0.48675,26.007955,24.4
"391","68",1,2022-07-13,"g_up","g_mid","Elevation transplant",2022-07-13 11:55:00,-0.09731,3.50739,0.4206,26.64186,24.9
"392","81",1,2022-07-13,"g_mid","g_mid","Control",2022-07-13 11:13:00,-0.46351,8.76807,0.43598,26.128035,24.2
"393","82",1,2022-07-13,"g_mid","g_mid","Control",2022-07-13 10:43:00,-1.15352,12.12924,0.35277,26.8149,24.9
"394","83",1,2022-07-13,"g_mid","g_mid","Control",2022-07-13 10:54:00,-0.644775,7.78522,0.416495,26.12768,24.328
"395","84",1,2022-07-13,"g_mid","g_mid","Control",2022-07-13 11:49:00,-0.80186,9.53484,0.46832,26.18972,24.7
"396","85",1,2022-07-13,"g_up","g_up","Control",2022-07-13 10:17:00,-0.98814,9.986625,0.415575,25.02155,23.7
"397","86",1,2022-07-13,"g_up","g_up","Control",2022-07-13 09:58:00,-0.52168,9.411665,0.42693,24.834305,23.7
"398","87",1,2022-07-13,"g_up","g_up","Control",2022-07-13 09:09:00,-0.702405,7.288425,0.39492,23.71563,23.61
"399","88",1,2022-07-13,"g_up","g_up","Control",2022-07-13 09:47:30,-0.32743,5.83563,0.44025,24.554125,23.5
"400","17",1,2022-07-15,"midstream","g_low","Salinity transplant",2022-07-15 10:20:00,2.654275,3.50919,0.441875,25.624525,23.9
"401","18",1,2022-07-15,"midstream","g_low","Salinity transplant",2022-07-15 09:50:00,-0.38074,5.92394,0.4138,25.589035,24.4
"402","19",1,2022-07-15,"midstream","g_low","Salinity transplant",2022-07-15 10:32:00,1.74715,5.026285,0.419,25.68058,23.9
"403","2",1,2022-07-15,"g_low","g_low","Salinity transplant",2022-07-15 10:42:30,-0.038855,7.09452,0.503385,25.58511,23.9
"404","20",1,2022-07-15,"midstream","g_low","Salinity transplant",2022-07-15 11:18:00,0.356985,4.834115,0.335265,27.19877,24.815
"405","29",1,2022-07-15,"upstream","g_low","Salinity transplant",2022-07-15 11:05:00,34.05912,0.99132,0.6334,25.59256,23.9
"406","3",1,2022-07-15,"g_low","g_low","Salinity transplant",2022-07-15 09:29:00,-0.36413,10.162755,0.30573,26.111195,25.581
"407","30",1,2022-07-15,"upstream","g_low","Salinity transplant",2022-07-15 11:13:00,0.18669,6.4372,0.4805,26.75325,24.55
"408","31",1,2022-07-15,"upstream","g_low","Salinity transplant",2022-07-15 09:23:30,-0.52735,7.318095,0.165675,26.752185,25.465
"409","32",1,2022-07-15,"upstream","g_low","Salinity transplant",2022-07-15 09:55:00,-0.781335,4.86617,0.496535,25.37786,24.4
"410","4",1,2022-07-15,"g_low","g_low","Salinity transplant",2022-07-15 10:48:00,-0.308875,8.37472,0.413055,26.113845,24.18218
"411","49",1,2022-07-15,"g_mid","g_low","Elevation transplant",2022-07-15 09:44:30,26.819995,1.55006,0.57746,25.224425,24.4675
"412","50",1,2022-07-15,"g_mid","g_low","Elevation transplant",2022-07-15 10:54:00,618.772265,1.23894,0.57245,25.39976,23.9
"413","51",1,2022-07-15,"g_mid","g_low","Elevation transplant",2022-07-15 09:13:00,0.801125,4.13978,0.49255,24.82749,25.466
"414","52",1,2022-07-15,"g_mid","g_low","Elevation transplant",2022-07-15 10:59:00,926.918175,1.86817,0.633755,25.804505,23.9
"415","61",1,2022-07-15,"g_up","g_low","Elevation transplant",2022-07-15 09:18:30,-0.114385,4.49808,0.14668,25.86244,25.106
"416","62",1,2022-07-15,"g_up","g_low","Elevation transplant",2022-07-15 10:00:00,6.826775,6.237735,0.48294,25.10882,24.4
"417","63",1,2022-07-15,"g_up","g_low","Elevation transplant",2022-07-15 10:10:30,2.88206,4.43302,0.50591,25.69214,24.398
"418","64",1,2022-07-15,"g_up","g_low","Elevation transplant",2022-07-15 10:37:00,0.528065,4.537055,0.512275,25.720895,23.9
"419","69",1,2022-07-15,"g_low","g_low","Control",2022-07-15 09:40:00,857.11484,2.41649,0.421715,25.39852,24.831
"420","70",1,2022-07-15,"g_low","g_low","Control",2022-07-15 09:34:30,0.32522,7.390315,0.44284,25.78056,25.25
"421","71",1,2022-07-15,"g_low","g_low","Control",2022-07-15 10:05:00,14.44304,12.310635,0.45068,25.680205,24.34
"422","72",1,2022-07-15,"g_low","g_low","Control",2022-07-15 10:26:00,6.489585,4.995135,0.55945,25.713955,23.9
"423","18",1,2022-07-20,"midstream","g_low","Salinity transplant",2022-07-20 12:06:00,0.563055,5.532905,0.4805,29.138075,28.15
"424","20",1,2022-07-20,"midstream","g_low","Salinity transplant",2022-07-20 12:11:30,0.248215,4.259765,0.47651,29.347785,27.6815
"425","3",3,2022-07-20,"g_low","g_low","Salinity transplant",2022-07-20 11:21:30,1.25527,8.082545,0.376,30.435765,27.5
"426","30",1,2022-07-20,"upstream","g_low","Salinity transplant",2022-07-20 12:17:00,0.11266,7.33197,0.51598,28.94486,27.5
"427","31",2,2022-07-20,"upstream","g_low","Salinity transplant",2022-07-20 11:31:30,-0.598395,8.325545,0.131935,29.70147,27.877
"428","41",1,2022-07-20,"g_low","g_up","Elevation transplant",2022-07-20 10:41:00,-0.72089,8.534405,0.422795,27.07312,25.9
"429","42",1,2022-07-20,"g_low","g_up","Elevation transplant",2022-07-20 10:46:00,-0.999705,12.357305,0.291355,27.142525,25.9
"430","43",1,2022-07-20,"g_low","g_up","Elevation transplant",2022-07-20 10:10:00,-0.62994,9.86778,0.397035,26.71132,25.6
"431","44",1,2022-07-20,"g_low","g_up","Elevation transplant",2022-07-20 09:37:30,-0.73948,9.1862,0.40168,26.55345,25.9165
"432","49",1,2022-07-20,"g_mid","g_low","Elevation transplant",2022-07-20 12:00:00,1257.71165,1.026595,0.585975,30.309245,28.3
"433","51",1,2022-07-20,"g_mid","g_low","Elevation transplant",2022-07-20 11:42:00,24.72753,3.509415,0.377025,28.943485,28
"434","53",1,2022-07-20,"g_mid","g_up","Elevation transplant",2022-07-20 10:50:00,-0.28522,5.37939,0.46236,27.10019,25.9
"435","54",1,2022-07-20,"g_mid","g_up","Elevation transplant",2022-07-20 09:43:00,-1.331165,10.58888,0.41273,26.34856,25.7425
"436","55",1,2022-07-20,"g_mid","g_up","Elevation transplant",2022-07-20 10:05:00,-0.178895,4.13372,0.431,26.315955,25.6
"437","56",1,2022-07-20,"g_mid","g_up","Elevation transplant",2022-07-20 09:32:00,-1.045045,8.97378,0.455575,25.70083,26.475
"438","57",1,2022-07-20,"g_up","g_up","Elevation transplant",2022-07-20 09:54:00,-0.24533,4.690375,0.381785,25.991185,25.6
"439","58",1,2022-07-20,"g_up","g_up","Elevation transplant",2022-07-20 10:15:00,-0.217945,5.58043,0.36578,26.67074,25.6
"440","59",1,2022-07-20,"g_up","g_up","Elevation transplant",2022-07-20 10:31:00,-0.908605,8.395535,0.351185,26.887945,25.9
"441","60",1,2022-07-20,"g_up","g_up","Elevation transplant",2022-07-20 10:25:00,-0.87709,7.151425,0.338295,26.74844,25.8325
"442","61",1,2022-07-20,"g_up","g_low","Elevation transplant",2022-07-20 11:36:00,-0.107845,6.238985,0.3381,29.495985,28
"443","69",1,2022-07-20,"g_low","g_low","Control",2022-07-20 11:55:00,456.06698,2.423035,0.58463,29.6902,28.2655
"444","70",1,2022-07-20,"g_low","g_low","Control",2022-07-20 11:48:00,5.64567,7.94072,0.15872,29.49295,28.3
"445","85",1,2022-07-20,"g_up","g_up","Control",2022-07-20 10:20:00,-1.090595,8.534355,0.384535,26.724495,25.6
"446","86",1,2022-07-20,"g_up","g_up","Control",2022-07-20 09:59:30,-0.558075,8.07884,0.357175,26.19856,25.6
"447","87",1,2022-07-20,"g_up","g_up","Control",2022-07-20 10:36:00,-0.901085,7.83289,0.40389,26.92475,25.9
"448","88",1,2022-07-20,"g_up","g_up","Control",2022-07-20 09:49:00,-0.551045,6.23399,0.39766,26.024535,25.6
"449","17",1,2022-07-22,"midstream","g_low","Salinity transplant",2022-07-22 10:06:00,1.38452,3.158945,0.48505,25.42671,24.881665
"450","19",1,2022-07-22,"midstream","g_low","Salinity transplant",2022-07-22 09:46:30,2.69848,5.38107,0.463275,25.312465,25.1
"451","2",3,2022-07-22,"g_low","g_low","Salinity transplant",2022-07-22 09:36:00,0.063295,5.74051,0.49021,25.14619,25.1375
"452","29",1,2022-07-22,"upstream","g_low","Salinity transplant",2022-07-22 09:58:30,196.36634,0.7804,0.642535,25.183825,24.968335
"453","32",1,2022-07-22,"upstream","g_low","Salinity transplant",2022-07-22 10:21:30,3.286315,4.557235,0.435285,26.009115,25.25
"454","4",1,2022-07-22,"g_low","g_low","Salinity transplant",2022-07-22 09:50:30,0.122635,8.290465,0.419,25.19259,25.1
"455","50",1,2022-07-22,"g_mid","g_low","Elevation transplant",2022-07-22 10:02:00,553.04836,0.811945,0.57695,25.112235,24.9
"456","54",1,2022-07-22,"g_mid","g_up","Elevation transplant",2022-07-22 09:54:30,328.565715,1.400165,0.64245,25.24392,25.1
"457","62",1,2022-07-22,"g_up","g_low","Elevation transplant",2022-07-22 10:18:00,1059.64607,8.049415,0.5645,25.812015,25.406665
"458","63",1,2022-07-22,"g_up","g_low","Elevation transplant",2022-07-22 10:09:30,26.043415,4.84461,0.597965,25.628535,24.988335
"459","64",1,2022-07-22,"g_up","g_low","Elevation transplant",2022-07-22 09:39:30,0.06643,3.55042,0.496,25.12638,25.1
"460","71",1,2022-07-22,"g_low","g_low","Control",2022-07-22 10:13:30,16.758905,10.18198,0.572215,25.944755,25.335
"461","72",1,2022-07-22,"g_low","g_low","Control",2022-07-22 09:43:00,13.173495,4.379685,0.468015,25.312065,25.1
"462","41",1,2022-07-27,"g_low","g_up","Elevation transplant",2022-07-27 12:01:00,-0.73069,9.74925,0.449,25.69601,25.741
"463","42",1,2022-07-27,"g_low","g_up","Elevation transplant",2022-07-27 11:54:00,-1.13628,13.74569,0.37253,25.68038,25.566
"464","43",1,2022-07-27,"g_low","g_up","Elevation transplant",2022-07-27 11:03:00,-0.51216,9.51054,0.3951,26.24808,25.9
"465","44",1,2022-07-27,"g_low","g_up","Elevation transplant",2022-07-27 11:29:00,-0.76357,10.60705,0.42066,25.7787,25.6
"466","53",1,2022-07-27,"g_mid","g_up","Elevation transplant",2022-07-27 11:47:00,-0.2422,5.39465,0.46845,25.79584,25.6
"467","54",1,2022-07-27,"g_mid","g_up","Elevation transplant",2022-07-27 11:41:00,-1.3486,12.59763,0.40424,25.70739,25.6
"468","55",1,2022-07-27,"g_mid","g_up","Elevation transplant",2022-07-27 11:06:00,-0.11859,3.37898,0.43506,26.05209,25.6
"469","56",1,2022-07-27,"g_mid","g_up","Elevation transplant",2022-07-27 11:33:00,-1.03132,10.03127,0.40848,25.80271,25.6
"470","57",1,2022-07-27,"g_up","g_up","Elevation transplant",2022-07-27 11:19:00,-0.13326,4.08261,0.41498,25.63837,25.6
"471","58",1,2022-07-27,"g_up","g_up","Elevation transplant",2022-07-27 11:00:00,-0.11341,5.50656,0.426,26.57401,25.9
"472","59",1,2022-07-27,"g_up","g_up","Elevation transplant",2022-07-27 12:09:00,-0.86426,9.5454,0.0018,26.0317,25.6
"473","60",1,2022-07-27,"g_up","g_up","Elevation transplant",2022-07-27 10:42:00,-1.07578,8.41811,0.003,25.80752,25.9
"474","85",1,2022-07-27,"g_up","g_up","Control",2022-07-27 10:49:00,-1.205,9.39754,0.38604,26.48924,25.75
"475","86",1,2022-07-27,"g_up","g_up","Control",2022-07-27 11:15:00,-0.60295,10.21855,0.46318,25.72398,25.52
"476","87",1,2022-07-27,"g_up","g_up","Control",2022-07-27 12:03:00,-0.71066,9.31871,0.467,25.7768,25.6
"477","88",1,2022-07-27,"g_up","g_up","Control",2022-07-27 11:26:00,-0.40273,6.34764,0.43527,25.74539,25.6
"478","17",1,2022-07-29,"midstream","g_low","Salinity transplant",2022-07-29 10:38:00,12.32089,3.408,0.523,25.36259,25.1
"479","18",1,2022-07-29,"midstream","g_low","Salinity transplant",2022-07-29 10:21:00,0.45276,6.15028,0.42784,25.26706,24.9
"480","19",1,2022-07-29,"midstream","g_low","Salinity transplant",2022-07-29 10:41:00,20.96029,6.6472,0.427,25.39099,24.862
"481","2",1,2022-07-29,"g_low","g_low","Salinity transplant",2022-07-29 10:47:00,0.1397,6.64032,0.45682,25.31221,24.7
"482","20",1,2022-07-29,"midstream","g_low","Salinity transplant",2022-07-29 11:14:00,0.63225,3.09306,0.3059,25.78971,25.6
"483","29",2,2022-07-29,"upstream","g_low","Salinity transplant",2022-07-29 12:21:00,2349.96552,1.67677,0.62106,27.35029,26.32475
"484","3",1,2022-07-29,"g_low","g_low","Salinity transplant",2022-07-29 10:07:00,-0.24324,12.31845,0,25.25119,25.09
"485","30",2,2022-07-29,"upstream","g_low","Salinity transplant",2022-07-29 11:11:00,0.72547,5.65384,0.38064,25.78832,25.4
"486","31",1,2022-07-29,"upstream","g_low","Salinity transplant",2022-07-29 10:03:00,-0.50438,11.83214,0.12132,25.10589,24.9
"487","32",1,2022-07-29,"upstream","g_low","Salinity transplant",2022-07-29 10:25:00,2.19433,4.81601,0.491,25.31799,24.9
"488","4",1,2022-07-29,"g_low","g_low","Salinity transplant",2022-07-29 10:53:00,0.20697,8.86634,0.521,25.43345,24.796
"489","49",1,2022-07-29,"g_mid","g_low","Elevation transplant",2022-07-29 10:17:00,1280.28177,0.55147,0.63325,25.06164,24.95
"490","50",1,2022-07-29,"g_mid","g_low","Elevation transplant",2022-07-29 10:57:00,1251.41816,1.64598,0.56001,25.48118,24.9
"491","51",1,2022-07-29,"g_mid","g_low","Elevation transplant",2022-07-29 09:56:00,102.06522,5.13888,0.518,24.69491,24.9
"492","52",1,2022-07-29,"g_mid","g_low","Elevation transplant",2022-07-29 11:04:00,357.16287,1.22674,0.656,25.772,25.02
"493","61",1,2022-07-29,"g_up","g_low","Elevation transplant",2022-07-29 10:00:00,0.24296,4.79691,0.45832,24.81954,24.9
"494","62",1,2022-07-29,"g_up","g_low","Elevation transplant",2022-07-29 10:28:00,17.38663,5.20392,0,25.30515,25.048
"495","63",1,2022-07-29,"g_up","g_low","Elevation transplant",2022-07-29 10:34:00,25.26865,5.37308,0.53899,25.44532,25.1
"496","64",1,2022-07-29,"g_up","g_low","Elevation transplant",2022-07-29 10:51:00,0.18169,3.64223,0.55773,25.37673,24.7
"497","69",1,2022-07-29,"g_low","g_low","Control",2022-07-29 10:14:00,211.32776,1.40212,0,25.06167,25.024
"498","70",1,2022-07-29,"g_low","g_low","Control",2022-07-29 10:10:00,-11.97949,6.58661,0.47948,25.10107,25.1
"499","71",1,2022-07-29,"g_low","g_low","Control",2022-07-29 10:31:00,5.50061,6.21511,0.46492,25.50489,25.1
"500","72",1,2022-07-29,"g_low","g_low","Control",2022-07-29 10:44:00,15.67666,4.64697,0.52153,25.44311,24.7
"501","17",1,2022-08-03,"midstream","g_low","Salinity transplant",2022-08-03 10:41:00,10.085815,4.64125,0.46,26.071515,24.954
"502","18",1,2022-08-03,"midstream","g_low","Salinity transplant",2022-08-03 10:14:00,0.38134,7.68446,0.38,25.914925,25
"503","3",1,2022-08-03,"g_low","g_low","Salinity transplant",2022-08-03 09:51:00,-0.2952,10.0015,0.40826,26.02589,25.6
"504","31",1,2022-08-03,"upstream","g_low","Salinity transplant",2022-08-03 09:47:00,-0.59904,8.754645,0.1274,26.106245,25.6
"505","32",1,2022-08-03,"upstream","g_low","Salinity transplant",2022-08-03 10:20:00,13.21765,16.30168,0.51228,25.66915,24.9
"506","41",1,2022-08-03,"g_low","g_up","Elevation transplant",2022-08-03 12:07:00,-1.16409,13.94115,0.2952,27.93647,26.2
"507","42",1,2022-08-03,"g_low","g_up","Elevation transplant",2022-08-03 12:14:00,-1.45174,16.09708,0.31442,27.884895,26.2
"508","43",1,2022-08-03,"g_low","g_up","Elevation transplant",2022-08-03 11:37:00,-0.721625,12.817415,0.445,27.055185,25.6
"509","44",1,2022-08-03,"g_low","g_up","Elevation transplant",2022-08-03 11:05:00,-0.84965,10.68319,0.43994,26.710045,25.738
"510","49",1,2022-08-03,"g_mid","g_low","Elevation transplant",2022-08-03 10:08:00,186.644515,2.03342,0.439385,25.57331,25.1
"511","51",1,2022-08-03,"g_mid","g_low","Elevation transplant",2022-08-03 09:37:00,13.92691,2.565455,0.4592,25.803095,26.327
"512","53",1,2022-08-03,"g_mid","g_up","Elevation transplant",2022-08-03 12:19:00,-0.3565,7.512695,0.37329,27.879365,26.05
"513","54",1,2022-08-03,"g_mid","g_up","Elevation transplant",2022-08-03 11:11:00,-1.702895,14.507675,0.4425,26.561055,25.6
"514","55",1,2022-08-03,"g_mid","g_up","Elevation transplant",2022-08-03 11:32:00,-0.17899,4.58633,0.45438,26.70667,25.6
"515","56",1,2022-08-03,"g_mid","g_up","Elevation transplant",2022-08-03 11:00:00,-1.97711,15.620785,0.35297,26.568985,25.9
"516","57",1,2022-08-03,"g_up","g_up","Elevation transplant",2022-08-03 11:21:00,-0.13613,4.10941,0.38475,26.78431,25.6
"517","58",1,2022-08-03,"g_up","g_up","Elevation transplant",2022-08-03 11:42:00,-0.423675,7.983915,0.402,27.36199,25.6
"518","59",1,2022-08-03,"g_up","g_up","Elevation transplant",2022-08-03 11:59:00,-1.08248,9.338435,0.2996,28.078625,26.2
"519","60",1,2022-08-03,"g_up","g_up","Elevation transplant",2022-08-03 11:52:00,-2.257345,15.10707,0.20151,27.6804,25.9
"520","61",1,2022-08-03,"g_up","g_low","Elevation transplant",2022-08-03 09:42:00,0.088815,6.63243,0.432775,26.097415,25.8025
"521","62",1,2022-08-03,"g_up","g_low","Elevation transplant",2022-08-03 10:25:00,14.073895,5.56149,0.5365,25.68141,24.9
"522","63",1,2022-08-03,"g_up","g_low","Elevation transplant",2022-08-03 10:35:00,10.250405,6.372495,0.559085,26.273075,25.1
"523","69",1,2022-08-03,"g_low","g_low","Control",2022-08-03 10:04:00,3727.130365,6.454925,0.53011,25.690395,25.3355
"524","70",1,2022-08-03,"g_low","g_low","Control",2022-08-03 09:57:00,1.188685,8.183585,0.433805,25.69265,25.477
"525","71",1,2022-08-03,"g_low","g_low","Control",2022-08-03 10:30:00,13.55647,14.90892,0.34451,26.044575,25.048
"526","85",1,2022-08-03,"g_up","g_up","Control",2022-08-03 11:46:00,-1.87688,10.92193,0.28093,27.87905,25.711
"527","86",1,2022-08-03,"g_up","g_up","Control",2022-08-03 11:26:00,-0.64225,10.33992,0.41799,26.96562,25.6
"528","87",1,2022-08-03,"g_up","g_up","Control",2022-08-03 12:03:00,-0.866935,8.88422,0.32959,27.73968,26.2
"529","88",1,2022-08-03,"g_up","g_up","Control",2022-08-03 11:17:00,-0.598945,7.26565,0.435,26.87372,25.6
"530","19",1,2022-08-05,"midstream","g_low","Salinity transplant",2022-08-05 12:33:00,2.86986,5.60886,0.382125,26.891715,25.9795
"531","2",1,2022-08-05,"g_low","g_low","Salinity transplant",2022-08-05 10:51:00,0.0094,4.81801,0.40227,26.23563,25.7665
"532","20",2,2022-08-05,"midstream","g_low","Salinity transplant",2022-08-05 10:41:00,0.6307,2.30053,0.346255,26.189275,25.9
"533","29",1,2022-08-05,"upstream","g_low","Salinity transplant",2022-08-05 12:22:00,42.60398,0.28075,0.437285,26.43198,25.599
"534","30",1,2022-08-05,"upstream","g_low","Salinity transplant",2022-08-05 10:46:00,0.059465,4.402205,0.362,26.50311,25.9
"535","37",1,2022-08-05,"g_low","g_mid","Elevation transplant",2022-08-05 13:56:00,-0.41591,8.357535,0.26807,28.156275,26.7
"536","38",1,2022-08-05,"g_low","g_mid","Elevation transplant",2022-08-05 13:31:00,-0.11115,5.59356,0.3349,27.63924,26.4
"537","39",1,2022-08-05,"g_low","g_mid","Elevation transplant",2022-08-05 13:22:00,-0.18374,6.32721,0.38069,27.44105,26.398
"538","4",1,2022-08-05,"g_low","g_low","Salinity transplant",2022-08-05 12:11:00,0.827555,10.034615,0.366935,26.52628,25.75
"539","40",1,2022-08-05,"g_low","g_mid","Elevation transplant",2022-08-05 12:49:00,-2.91683,80.25407,0.3987,27.3539,26.2
"540","45",1,2022-08-05,"g_mid","g_mid","Elevation transplant",2022-08-05 12:55:00,-0.006875,4.982445,0.416265,27.13165,26.2
"541","46",1,2022-08-05,"g_mid","g_mid","Elevation transplant",2022-08-05 13:11:00,-0.357265,7.31246,0.30608,27.233815,26.354
"542","47",1,2022-08-05,"g_mid","g_mid","Elevation transplant",2022-08-05 13:27:00,-0.11021,7.123545,0.36279,27.42443,26.4
"543","48",1,2022-08-05,"g_mid","g_mid","Elevation transplant",2022-08-05 13:41:00,-0.0678,4.155885,0.324985,27.56865,26.4
"544","50",1,2022-08-05,"g_mid","g_low","Elevation transplant",2022-08-05 12:16:00,0.482655,0.506465,0.43541,26.27844,25.497
"545","52",1,2022-08-05,"g_mid","g_low","Elevation transplant",2022-08-05 12:27:00,91.060785,1.23953,0.451235,26.62648,25.966
"546","64",1,2022-08-05,"g_up","g_low","Elevation transplant",2022-08-05 12:05:00,0.23917,3.212005,0.35487,26.58289,26.0755
"547","65",1,2022-08-05,"g_up","g_mid","Elevation transplant",2022-08-05 13:05:00,-0.1957,7.24039,0.27328,26.97711,26.2
"548","66",1,2022-08-05,"g_up","g_mid","Elevation transplant",2022-08-05 13:46:00,-0.14114,4.211835,0.173675,27.76727,26.673
"549","67",1,2022-08-05,"g_up","g_mid","Elevation transplant",2022-08-05 13:00:00,-0.27781,8.03685,0.320275,27.12,26.2
"550","68",1,2022-08-05,"g_up","g_mid","Elevation transplant",2022-08-05 12:40:00,0.04714,3.0894,0.4113,27.677225,26.155
"551","72",2,2022-08-05,"g_low","g_low","Control",2022-08-05 12:00:00,14.86066,4.381575,0.336535,26.73837,26.34
"552","81",1,2022-08-05,"g_mid","g_mid","Control",2022-08-05 13:16:00,-0.224165,5.491655,0.33802,27.2911,26.394
"553","82",1,2022-08-05,"g_mid","g_mid","Control",2022-08-05 13:51:00,-0.97404,10.923675,0.3311,27.991205,26.7
"554","83",1,2022-08-05,"g_mid","g_mid","Control",2022-08-05 13:35:00,-0.14774,6.76692,0.34604,27.67139,26.376
"555","84",1,2022-08-05,"g_mid","g_mid","Control",2022-08-05 12:45:00,-0.6792,9.04954,0.401875,27.4144,26.2
"556","17",1,2022-08-10,"midstream","g_low","Salinity transplant",2022-08-10 11:11:00,5.82933,4.50692,0.33895,28.379685,26.87
"557","18",1,2022-08-10,"midstream","g_low","Salinity transplant",2022-08-10 10:44:30,0.22373,7.845875,0.287295,28.65175,27.404
"558","3",1,2022-08-10,"g_low","g_low","Salinity transplant",2022-08-10 10:23:00,-1.01548,10.52227,0.21141,29.03946,28
"559","31",1,2022-08-10,"upstream","g_low","Salinity transplant",2022-08-10 10:18:00,-0.560735,9.113195,0.11127,28.69775,27.94
"560","32",1,2022-08-10,"upstream","g_low","Salinity transplant",2022-08-10 10:50:00,25.40597,17.80424,0.35447,28.27161,27.2
"561","37",1,2022-08-10,"g_low","g_mid","Elevation transplant",2022-08-10 12:44:00,-0.62253,9.44209,0.22625,30.61807,28
"562","38",1,2022-08-10,"g_low","g_mid","Elevation transplant",2022-08-10 12:18:00,-0.32862,6.4376,0.281345,29.13764,27.8
"563","39",1,2022-08-10,"g_low","g_mid","Elevation transplant",2022-08-10 12:07:00,-0.44475,9.31693,0.2766,29.01303,27.5
"564","40",1,2022-08-10,"g_low","g_mid","Elevation transplant",2022-08-10 11:36:00,-2.14418,52.524265,0.26915,28.584715,27.65
"565","45",1,2022-08-10,"g_mid","g_mid","Elevation transplant",2022-08-10 11:41:00,-0.15237,6.304685,0.24503,28.99881,27.5
"566","46",1,2022-08-10,"g_mid","g_mid","Elevation transplant",2022-08-10 11:57:00,-1.00365,12.06966,0.2801,29.27041,27.68
"567","47",1,2022-08-10,"g_mid","g_mid","Elevation transplant",2022-08-10 12:13:00,-0.338175,9.400305,0.246295,29.112905,27.65
"568","48",1,2022-08-10,"g_mid","g_mid","Elevation transplant",2022-08-10 12:28:00,-0.23525,5.06655,0.329475,29.486545,27.7355
"569","49",1,2022-08-10,"g_mid","g_low","Elevation transplant",2022-08-10 10:39:00,227.1681,1.87437,0.314925,28.33263,27.5
"570","51",2,2022-08-10,"g_mid","g_low","Elevation transplant",2022-08-10 10:08:00,46.233205,4.91162,0.18687,28.113015,28.381
"571","61",1,2022-08-10,"g_up","g_low","Elevation transplant",2022-08-10 10:13:00,0.16895,6.860935,0.23314,28.26345,28
"572","62",1,2022-08-10,"g_up","g_low","Elevation transplant",2022-08-10 10:55:00,6.654335,3.52765,0.36349,27.831625,26.912
"573","63",1,2022-08-10,"g_up","g_low","Elevation transplant",2022-08-10 11:06:00,11.047315,6.049845,0.35492,28.48071,26.951
"574","65",1,2022-08-10,"g_up","g_mid","Elevation transplant",2022-08-10 11:52:00,-0.6433,8.20686,0.208765,29.05126,27.5705
"575","66",1,2022-08-10,"g_up","g_mid","Elevation transplant",2022-08-10 12:34:00,-0.555035,5.40922,0.222775,30.10051,27.785
"576","67",1,2022-08-10,"g_up","g_mid","Elevation transplant",2022-08-10 11:47:00,-0.721675,7.86974,0.268405,29.129125,27.5
"577","68",1,2022-08-10,"g_up","g_mid","Elevation transplant",2022-08-10 11:26:00,-0.291955,5.618785,0.302795,28.68948,27.8
"578","69",1,2022-08-10,"g_low","g_low","Control",2022-08-10 10:34:00,5495.456105,3.895545,0.34522,28.26565,27.6095
"579","70",1,2022-08-10,"g_low","g_low","Control",2022-08-10 10:28:00,1.62976,9.930145,0.29405,28.46208,27.9
"580","71",1,2022-08-10,"g_low","g_low","Control",2022-08-10 11:00:00,19.82063,17.518465,0.303655,28.38492,26.9
"581","81",1,2022-08-10,"g_mid","g_mid","Control",2022-08-10 12:02:00,-0.8118,10.0133,0.31992,29.20245,27.5
"582","82",1,2022-08-10,"g_mid","g_mid","Control",2022-08-10 12:39:00,-1.76492,12.006535,0.24475,30.135625,27.969
"583","83",1,2022-08-10,"g_mid","g_mid","Control",2022-08-10 12:23:00,-1.01916,9.47628,0.2456,29.453475,27.7115
"584","84",1,2022-08-10,"g_mid","g_mid","Control",2022-08-10 11:30:00,-1.61446,11.12799,0.33732,28.79892,27.8
"585","19",1,2022-08-17,"midstream","g_low","Salinity transplant",2022-08-17 10:47:00,2.99293,5.98548,0.38258,23.45374,22.725
"586","2",1,2022-08-17,"g_low","g_low","Salinity transplant",2022-08-17 10:37:00,-0.29907,4.60929,0.38739,23.328235,22.896
"587","20",1,2022-08-17,"midstream","g_low","Salinity transplant",2022-08-17 10:25:00,-0.0845,4.472975,0.318895,23.796335,22.578
"588","29",1,2022-08-17,"upstream","g_low","Salinity transplant",2022-08-17 11:09:00,869.702115,0.691625,0.448,23.15357,22.573
"589","30",1,2022-08-17,"upstream","g_low","Salinity transplant",2022-08-17 10:31:00,-0.146005,5.82259,0.36469,23.523805,22.8
"590","4",1,2022-08-17,"g_low","g_low","Salinity transplant",2022-08-17 10:57:00,-0.598555,8.42515,0.37298,23.70796,22.8
"591","41",1,2022-08-17,"g_low","g_up","Elevation transplant",2022-08-17 09:50:00,-1.56036,11.23706,0.2096,22.26584,21.9
"592","42",1,2022-08-17,"g_low","g_up","Elevation transplant",2022-08-17 09:40:30,-1.55747,12.43294,0.2767,22.09662,21.9
"593","43",1,2022-08-17,"g_low","g_up","Elevation transplant",2022-08-17 09:13:30,-0.643365,8.82894,0.25697,21.682655,21.5
"594","44",1,2022-08-17,"g_low","g_up","Elevation transplant",2022-08-17 10:16:00,-0.976405,7.933505,0.30585,22.60009,22.061
"595","50",1,2022-08-17,"g_mid","g_low","Elevation transplant",2022-08-17 11:03:00,43.5953,1.47687,0.40116,23.513715,22.717
"596","52",1,2022-08-17,"g_mid","g_low","Elevation transplant",2022-08-17 11:14:00,847.05288,1.48348,0.43974,23.598475,22.6
"597","53",1,2022-08-17,"g_mid","g_up","Elevation transplant",2022-08-17 09:46:00,-0.47502,6.237285,0.326055,22.006525,21.9
"598","54",1,2022-08-17,"g_mid","g_up","Elevation transplant",2022-08-17 10:05:00,-2.11891,11.38161,0.37025,22.58402,21.9
"599","55",1,2022-08-17,"g_mid","g_up","Elevation transplant",2022-08-17 09:35:00,-0.350665,4.728785,0.364425,22.059085,21.87
"600","56",1,2022-08-17,"g_mid","g_up","Elevation transplant",2022-08-17 10:11:00,-2.72824,17.05939,0.337385,22.68452,21.995
"601","57",1,2022-08-17,"g_up","g_up","Elevation transplant",2022-08-17 09:19:00,-0.298765,4.49807,0.315805,21.891005,21.691
"602","58",1,2022-08-17,"g_up","g_up","Elevation transplant",2022-08-17 09:09:00,-0.8488,11.055685,0.292145,21.53837,21.407
"603","59",1,2022-08-17,"g_up","g_up","Elevation transplant",2022-08-17 10:01:00,0.23028,8.142765,0.285115,22.273815,21.9
"604","60",2,2022-08-17,"g_up","g_up","Elevation transplant",2022-08-17 09:03:00,-2.632975,12.775745,0.202605,21.066335,21.3
"605","64",1,2022-08-17,"g_up","g_low","Elevation transplant",2022-08-17 10:52:00,0.101505,3.883785,0.34923,23.64133,22.783
"606","72",1,2022-08-17,"g_low","g_low","Control",2022-08-17 10:42:00,9.23278,4.400915,0.3731,23.369745,22.8
"607","85",1,2022-08-17,"g_up","g_up","Control",2022-08-17 09:00:00,-2.54329,10.45969,0.27477,21.00153,21.3
"608","86",1,2022-08-17,"g_up","g_up","Control",2022-08-17 09:29:30,-0.598895,6.57598,0.33875,21.999875,21.7
"609","87",1,2022-08-17,"g_up","g_up","Control",2022-08-17 09:56:00,-1.297565,6.789975,0.291345,22.160265,21.9
"610","88",1,2022-08-17,"g_up","g_up","Control",2022-08-17 09:24:00,-0.858,5.633165,0.267835,21.858035,21.7
