Collar,Salinity_Transect,Elevation_Transect,Treatment,Home_Salinity,Home_Elevation,Local_Salinity,Local_Elevation,Depth,TotalN,TotalC,CtoN,LBC,LBCeq,pH,BaseSat,CEC,Ca,Cd,Cr,Cu,Fe,K,Mg,Mn,Mo,Na,Ni,P,Pb,Zn,meanCO2,meanSM,meanT5
2,Y,Y,Trenched,High,Low,High,Low,5,0.426,6.631,15.5657277,2706,7847.4,4.73,17.62894177,43.25207999,593.6081,0.1648,0.3022,1.2271,1387.8755,171.7033,488.0678,19.4872,<0.07,34.3498,4.6245,28.1868,2.0879,8.7363,7.609285714,0.384091065,23.91485146
3,Y,Y,Trenched,High,Low,High,Low,5,0.213,3.841,18.03286385,1654,4796.6,4.35,20.90176099,32.13975471,656.4524,0.1508,0.1429,0.746,517.8571,148.6587,353.3651,11.4444,<0.06,25.2143,2.7619,29.0397,1,6.8968,13.82553673,0.242464455,24.23195523
4,Y,Y,Trenched,High,Low,High,Low,5,0.435,7.116,16.35862069,2014,5840.6,4.35,18.97667495,38.20526988,454.0538,0.1042,0.2431,1.2326,1397.4653,237.7691,477.3264,12.0139,<0.07,90.2604,4.3924,26.8663,3.0816,5.7205,14.22715556,0.34154459,24.11982679
5,Y,N,Trenched,High,Low,Mid,Low,5,0.461,7.291,15.81561822,1194,3462.6,4.46,20.53583671,22.13577451,359.4838,0.0911,0.1417,0.4555,699.5749,219.7874,235.8502,9.1498,<0.08,50.4555,2.1457,18.168,1.6498,4.0992,13.19417419,0.10651103,22.18423428
6,Y,N,Trenched,High,Low,Mid,Low,5,0.343,5.629,16.41107872,844,2447.6,4.84,50.7411202,21.46543332,877.0351,0.1667,0.2368,0.6228,585.7105,323.1316,564.0702,28.0614,<0.07,224.8246,2.4298,27.7895,2.2018,6.6754,9.406189583,0.091367339,22.31301044
7,Y,N,Trenched,High,Low,Mid,Low,5,0.707,12.777,18.07213579,949,2752.1,4.9,51.28802524,23.72890866,517.5812,<0.07,0.138,0.6088,809.2451,234.2451,761.7532,6.4448,<0.07,605.7305,3.9286,20.1218,4.7078,3.4821,7.296376667,0.419623351,21.85673544
8,Y,N,Trenched,High,Low,Mid,Low,5,0.192,2.568,13.375,1146,3323.4,4.59,31.51962304,23.39179297,273.4959,<0.06,0.1923,0.4052,285.3159,169.1415,443.4547,3.3585,<0.06,431.5659,3.4341,26.7033,1.25,2.6923,16.28393715,0.506187665,22.65684712
9,Y,N,Trenched,High,Low,Low,Low,5,0.42,8.614,20.50952381,2360,6844,4.4,10.12781963,39.59935083,311.0962,<0.08,0.1346,0.6154,1159.7692,165.0288,210.8654,7.7788,<0.08,63.1827,2.125,33.7212,1.4038,2.5865,7.10203,0.177858301,21.99465481
10,Y,N,Trenched,High,Low,Low,Low,5,,,,1550,4495,4.82,27.76595176,27.13152658,468.0693,<0.10,0.2228,0.5941,1102.2153,179.2574,428.8366,8.3045,<0.10,266.7327,3.4035,29.7153,1.0149,3.0817,4.805151481,0.342894826,22.42666758
11,Y,N,Trenched,High,Low,Low,Low,5,0.33,6.71,20.33333333,1635,4741.5,4.51,17.40196873,28.58744892,510.6102,0.1017,0.1441,0.5169,743.1186,142.6186,232.8898,20.0508,<0.07,26.5169,5.2373,24.2034,2.2627,6.9831,9.480483333,0.199829577,21.99809563
12,Y,N,Trenched,High,Low,Low,Low,5,,,,1285,3726.5,4.83,37.25996695,25.77781556,496.4583,0.0721,0.2965,0.6571,883.8061,225.4888,584.0705,9.2548,<0.06,385.7292,3.109,17.3638,1.6667,2.9647,3.816509444,0.203441804,22.97101209
13,Y,N,Trenched,Mid,Low,Mid,Low,5,0.342,5.74,16.78362573,1146,3323.4,4.46,28.13061416,23.49104811,351.8814,0.146,0.1976,0.6357,1059.8625,172.8952,509.1065,8.7371,<0.07,37.4656,3.4278,23.3333,1.744,6.323,8.138582222,0.28458289,22.32115345
14,Y,N,Trenched,Mid,Low,Mid,Low,5,0.481,8.967,18.64241164,1451,4207.9,4.66,33.3844613,29.56212978,479.4245,0.1079,0.1799,0.8094,1785.2788,248.9209,736.6547,4.946,<0.07,159.8471,3.5881,19.2986,2.0504,6.6727,5.86123037,0.125756958,22.19443315
15,Y,N,Trenched,Mid,Low,Mid,Low,5,0.59,10.414,17.65084746,1648,4779.2,4.71,34.93042626,33.63897247,630.6047,<0.09,0.1047,0.8372,1882.6628,242.3721,819.0349,4.8837,<0.09,264.6047,4.5116,23.7791,4.1047,6.3023,5.824022963,0.155471685,22.44227415
16,Y,N,Trenched,Mid,Low,Mid,Low,5,0.315,5.567,17.67301587,780,2262,5.86,76.12808152,21.60429629,731.3571,<0.07,0.0804,0.4464,466.7946,211.5268,1035.4643,18.5357,<0.07,832.3482,1.3571,36.2321,0.9464,2.9821,5.885248148,0.21392018,22.66045537
17,Y,N,Trenched,Mid,Low,High,Low,5,0.223,4.414,19.79372197,1275,3697.5,4.61,17.89138499,21.5252078,306.1269,0.0896,0.2015,0.6493,1039.8433,127.4104,209.3881,9.7687,<0.06,57.2537,2.8358,39.194,1.4478,3.5821,6.19173375,0.614920781,23.848025
18,Y,N,Trenched,Mid,Low,High,Low,5,0.408,8.501,20.83578431,1279,3709.1,4.42,21.0589345,24.24461322,381.9059,0.1073,0.132,0.5446,879.1749,119.1749,331.0891,8.2921,<0.07,30.2393,2.4422,30.165,5.6188,5.264,9.480680952,0.298647383,23.78947654
19,Y,N,Trenched,Mid,Low,High,Low,5,0.447,8.323,18.6196868,1814,5260.6,4.5,25.08374894,35.10987219,547.4059,0.1046,0.2197,0.8682,1520.5753,186.4854,617.6046,8.7971,<0.08,102.3431,4.6548,38.0753,1.9456,6.2343,7.078207083,0.343693716,23.68267814
20,Y,N,Trenched,Mid,Low,High,Low,5,0.494,8.365,16.93319838,1951,5657.9,4.54,30.0403075,39.78986614,847.2578,0.1938,0.1744,0.9109,535.0775,225.969,839.186,28.624,<0.08,33.1395,5.1163,43.2946,1.2694,6.7054,7.660017407,0.285554723,23.92061477
21,Y,N,Trenched,Mid,Low,Low,Low,5,0.25,3.52,14.08,968,2807.2,4.66,30.16362252,18.81210978,483.4091,0.2214,0.2156,0.9441,416.0548,127.1096,295.4312,76.9988,<0.05,107.9895,2.7914,26.6317,3.549,3.8869,4.629164074,0.294878539,23.41573556
22,Y,N,Trenched,Mid,Low,Low,Low,5,,,,1475,4277.5,4.82,36.12107094,29.19569923,770.9451,0.1016,0.2033,1.0061,1046.626,208.0285,636.7886,25.7927,<0.08,195.752,3.3638,38.8211,2.2053,5.6606,5.034504074,0.253806856,21.92965032
23,Y,N,Trenched,Mid,Low,Low,Low,5,0.247,4.394,17.78947368,1265,3668.5,4.52,29.92520313,25.96619728,493.8579,<0.07,0.2608,0.4586,589.8831,137.2212,582.2752,12.2482,<0.07,22.3112,3.3273,30.3957,0.6115,3.3543,7.488125,0.126345237,22.30398121
24,Y,N,Trenched,Mid,Low,Low,Low,5,0.467,8.37,17.92291221,1530,4437,4.71,27.08443459,27.86985178,565.4668,0.0633,0.0949,0.5459,702.769,188.3149,419.6282,28.4177,<0.06,170.4984,4.2563,32.1677,1.0601,4.6677,11.51814,0.2716226,21.9467914
25,Y,N,Trenched,Low,Low,Low,Low,5,0.137,2.926,21.35766423,1100,3190,4.39,15.31169365,19.66245485,339.1878,0.0635,0.2221,<0.25,657.3668,87.6713,124.6193,33.7056,<0.05,11.8274,3.915,25.7868,1.1104,2.2335,6.515497037,0.20739238,21.84170771
26,Y,N,Trenched,Low,Low,Low,Low,5,0.415,8.488,20.45301205,1253,3633.7,4.61,27.23849674,23.87125777,544.4611,<0.07,0.1678,0.7244,1000.5654,137.0318,329.947,32.712,<0.07,156.1572,4.7792,43.2244,0.8569,3.8428,6.66374,0.248588881,22.29864052
27,Y,N,Trenched,Low,Low,Low,Low,5,1.063,16.784,15.78927563,443,1284.7,4.9,70.12554092,18.06138141,932.1786,<0.10,<0.10,0.8214,1411.8929,248.6786,723.4881,11.8333,<0.10,307.75,5.5476,51.119,0.9524,4.6429,4.38875,0.194262229,22.7832696
28,Y,N,Trenched,Low,Low,Low,Low,5,0.241,4.816,19.98340249,1124,3259.6,4.49,19.13735015,20.23578504,473.0517,0.1187,0.1816,0.5726,862.5489,72.6885,152.2696,27.7025,<0.06,11.9693,2.9609,27.486,2.2416,3.2472,5.10530963,0.217681766,21.68697457
29,Y,N,Trenched,Low,Low,High,Low,5,0.188,4.408,23.44680851,1378,3996.2,4.21,7.510275402,24.1094847,112.9708,<0.05,0.2255,0.756,1211.1936,66.1605,94.9602,1.3064,<0.05,65.5172,2.6393,29.6618,1.5915,2.6459,4.620922083,0.389712626,23.57001052
30,Y,N,Trenched,Low,Low,High,Low,5,0.515,9.886,19.1961165,2133,6185.7,4.41,14.21359465,37.35082018,373.1485,0.1962,0.2218,0.7509,2484.9744,149.4198,351.0922,14.7099,0.0683,30.8788,6.314,44.1724,0.9983,7.3038,7.863848095,0.246713471,23.97176927
31,Y,N,Trenched,Low,Low,High,Low,5,0.347,6.035,17.39193084,1352,3920.8,4.25,12.355533,24.60440543,321.779,0.1646,0.1881,0.6113,1062.884,96.6614,133.3229,14.2085,<0.06,16.6144,2.3433,29.3103,2.116,4.3652,6.972995,0.172376522,24.15238603
32,Y,N,Trenched,Low,Low,High,Low,5,0.565,10.837,19.18053097,1591,4613.9,4.62,29.2888499,31.05898288,618.0114,0.1989,0.142,1.089,1716.108,189.5644,639.8011,16.4867,<0.08,43.4754,3.7689,49.1667,1.089,7.7746,8.3295125,0.375453328,23.64368529
33,Y,N,Trenched,Low,Low,Mid,Low,5,0.302,5.226,17.30463576,829,2404.1,4.61,28.43873823,16.05840606,335.0336,0.1457,0.1345,0.5269,764.6188,115.9753,200.9865,14.7646,<0.09,211.4574,2.5673,37.2085,1.3677,2.7018,6.301941111,0.179832748,23.43862859
34,Y,N,Trenched,Low,Low,Mid,Low,5,0.34,6.08,17.88235294,862,2499.8,4.52,30.65944185,17.88132131,252.8938,<0.07,0.1465,0.5678,781.6392,173.0403,300.0458,4.5604,<0.07,292.967,3.0495,33.5165,1.1081,2.033,4.924797037,0.347275068,22.75158405
35,Y,N,Trenched,Low,Low,Mid,Low,5,0.267,5.818,21.79026217,917,2659.3,4.74,28.53470937,16.81940407,207.107,<0.05,0.2236,0.2981,787.832,79.2073,275.1287,5.6707,<0.05,291.6396,2.9336,24.0718,2.0325,1.4092,6.972566667,0.283366876,21.97312973
36,Y,N,Trenched,Low,Low,Mid,Low,5,0.287,6.127,21.34843206,1378,3996.2,4.66,28.8023422,26.26802142,366.8098,<0.07,0.1515,<0.34,541.2542,101.6667,420.0421,5.3283,<0.07,453.266,1.7256,35.0421,1.5067,2.2643,9.449816611,0.337812523,22.28724837
37,N,Y,Trenched,High,Low,High,Mid,5,0.368,6.862,18.64673913,1267,3674.3,4.51,27.14931483,25.11714743,427.5683,0.1109,0.2986,0.7253,711.6468,232.9266,480.5631,4.7526,<0.07,18.2509,2.4488,24.7782,2.099,4.3089,9.03,0.34,21.9
38,N,Y,Trenched,High,Low,High,Mid,5,0.313,4.961,15.84984026,933,2705.7,5.1,51.88497369,21.36891692,1098.5559,0.109,0.1567,0.8651,734.673,244.6117,587.9973,24.3324,<0.05,15.4768,2.718,28.7534,1.0899,5.2793,7.24,0.263,22
39,N,Y,Trenched,High,Low,High,Mid,5,0.359,6.646,18.51253482,780,2262,5.69,71.84313989,21.04794347,1578.1552,0.0948,0.1121,0.4397,351.1724,226.1379,789.9655,20.0431,<0.07,15.6034,1.8707,29.3793,1.6552,5.3534,8.3,0.245,22.6
40,N,Y,Trenched,High,Low,High,Mid,5,0.489,8.038,16.43762781,1394,4042.6,4.4,28.99936485,29.60750979,668.7838,0.0869,0.1351,0.9653,885.9942,304.8938,522.7606,10.1931,<0.08,23.9093,2.4421,42.7896,1.3224,5.8012,9.2,0.245,22.1
41,N,Y,Trenched,High,Low,High,High,5,0.454,8.774,19.32599119,1276,3700.4,5.32,43.45706515,21.98920879,1014.7792,0.1039,0.1623,0.7338,878.4416,198.0519,469.1558,19.0195,<0.05,14.8377,1.5584,16.5455,1.4221,5.6104,,,
42,N,Y,Trenched,High,Low,High,High,5,0.472,7.869,16.67161017,612,1774.8,5.68,76.22679353,19.70904516,1804.1837,0.1361,0.2466,0.9949,1392.8146,210.6463,644.932,19.8044,<0.07,20.2636,1.3861,13.1378,1.233,4.1497,,,
43,N,Y,Trenched,High,Low,High,High,5,0.579,9.176,15.84801382,1220,3538,5.06,45.57309441,25.22179031,1177.2668,0.0933,0.1399,0.6996,1280.2612,224.2164,592.8172,17.3228,<0.07,21.3806,2.6586,14.9907,1.3806,4.6828,,,
44,N,Y,Trenched,High,Low,High,High,5,0.53,8.226,15.52075472,832,2412.8,4.98,49.12017273,19.15830403,858.1938,0.1101,0.1652,0.6938,952.7863,314.0419,506.3436,18.3811,<0.09,21.8172,2.7313,24.8678,21.8392,6.6079,,,
45,N,Y,Trenched,High,Mid,High,Mid,5,0.438,6.36,14.52054795,808,2343.2,6.25,84.75753097,23.0592563,2267.1487,0.1634,0.1225,<0.33,82.6961,306.9771,882.3856,57.3448,<0.07,15.7271,1.6422,21.299,0.6536,7.5082,7.9,0.291,22.9
46,N,Y,Trenched,High,Mid,High,Mid,5,0.358,6.116,17.08379888,947,2746.3,5.73,64.81814872,19.82727385,1420.2576,0.1145,0.0954,0.4485,139.1603,226.021,612.1374,60.0286,<0.08,16.0305,1.7748,23.2729,1.6889,7.1851,7.45,0.423,23.4
47,N,Y,Trenched,High,Mid,High,Mid,5,0.344,4.837,14.06104651,728,2111.2,6.06,79.71132104,19.56290997,1751.3115,0.0888,0.123,0.6011,156.776,256.5779,734.515,61.0724,<0.05,13.4426,1.6462,23.3743,0.8538,6.4071,6.7,0.432,22.4
48,N,Y,Trenched,High,Mid,High,Mid,5,0.279,3.864,13.84946237,754,2186.6,5.42,64.04326756,19.21658485,1269.6516,0.0856,0.1406,0.4156,122.2861,232.0416,636.1614,23.099,<0.05,14.3399,1.5831,25.0367,1.143,3.7653,3.93,0.51,21.4
49,N,Y,Trenched,High,Mid,High,Low,5,0.269,4.45,16.54275093,1909,5536.1,4.54,23.35222215,35.53607523,376.5528,0.1009,0.3882,0.9938,1466.9798,200.6444,633.1755,3.882,<0.06,143.6957,2.4379,31.1568,1.4363,6.9177,4.51,0.36,23.5
50,N,Y,Trenched,High,Mid,High,Low,5,0.315,5.084,16.13968254,1440,4176,4.53,16.97592842,24.84754073,265.3657,0.0931,0.2527,0.758,969.2287,128.1715,290.1529,11.9415,<0.05,33.2779,2.1875,25.7048,1.2832,6.3098,4.48,0.471,23
51,N,Y,Trenched,High,Mid,High,Low,5,0.295,5.139,17.42033898,1051,3047.9,4.98,40.60903725,20.73297928,359.1024,0.0731,0.2793,0.5386,585.7713,201.629,599.7806,11.8949,<0.05,255.0199,2.6795,31.3231,1.2566,5.2061,3.32,0.321,21.7
52,N,Y,Trenched,High,Mid,High,Low,5,0.448,7.764,17.33035714,2047,5936.3,4.45,23.05862615,39.34830961,500.2854,0.1256,0.2169,0.8333,1523.6986,219.9315,584.0183,21.6781,<0.09,262.4315,3.5274,29.2123,2.0434,7.968,3.46,0.408,22.9
53,N,Y,Trenched,High,Mid,High,High,5,0.341,5.142,15.07917889,553,1603.7,6.01,84.17035316,20.05936097,2112.1069,0.1336,0.1101,0.7783,197.3506,250.7075,672.2248,128.3176,<0.06,18.1211,2.1384,19.4497,1.4858,8.011,,,
54,N,Y,Trenched,High,Mid,High,High,5,0.451,5.961,13.2172949,706,2047.4,5.02,56.30652041,18.55586709,993.4328,0.1306,0.1399,0.5504,316.8657,260.7369,567.0243,22.6399,<0.07,20.0653,1.6884,26.7724,1.9776,6.222,,,
55,N,Y,Trenched,High,Mid,High,High,5,0.28,3.646,13.02142857,694,2012.6,5.63,69.92862265,18.3381158,1402.88,0.1333,0.1467,0.42,178.1133,206.4733,625.9067,110.88,<0.05,14.6933,1.4,18.2933,0.9667,4.7,,,
56,N,Y,Trenched,High,Mid,High,High,5,0.31,3.29,10.61290323,933,2705.7,5.58,65.97936721,22.58684619,1561.6815,0.1116,0.1116,0.2976,89.9033,336.4881,739.4717,46.0268,<0.06,15.9152,1.5699,24.7693,0.8929,5.4167,,,
57,N,Y,Trenched,High,High,High,High,5,0.25,3.07,12.28,610,1769,5.72,71.42295326,15.84712389,1465.9015,0.1301,0.1022,0.6691,238.6059,191.7751,410.8736,94.2844,<0.07,16.8587,1.1617,15.3067,0.948,5.2788,,,
58,N,Y,Trenched,High,High,High,High,5,0.24,2.92,12.16666667,717,2079.3,5.9,72.97207892,16.92494212,1444.4868,0.11,0.066,1.5543,106.437,231.6642,537.4633,48.6217,<0.06,12.6906,2.5073,21.9208,1.1437,7.478,,,
59,N,Y,Trenched,High,High,High,High,5,0.41,6.24,15.2195122,534,1548.6,6.31,88.54185943,18.65108904,1991.1936,0.126,0.0862,0.4576,97.8117,289.6684,691.4854,51.2268,<0.05,12.1751,1.5119,19.3833,0.7162,5.5504,,,
60,N,Y,Trenched,High,High,High,High,5,0.31,4.88,15.74193548,741,2148.9,5.54,64.96709786,17.91112816,1329.1667,0.1179,0.0708,0.3381,75.4874,268.5928,508.239,33.3569,<0.06,15.2909,2.0991,23.7972,1.2343,5.5267,,,
61,N,Y,Trenched,High,High,High,Low,5,0.24,3.151,13.12916667,1462,4239.8,4.65,23.92548998,26.19413519,558.7903,0.0806,0.129,0.5403,211.7903,163.0081,346.5484,27.871,<0.06,38.4677,2.5887,20.1774,3.129,3.6855,,,
62,N,Y,Trenched,High,High,High,Low,5,0.26,4.018,15.45384615,1563,4532.7,4.76,24.31428778,26.83002565,459.5893,0.0865,0.2017,0.7277,767.3847,152.781,425.4971,27.9971,<0.06,66.2464,2.0101,19.402,2.183,5.4827,,,
63,N,Y,Trenched,High,High,High,Low,5,0.269,4.075,15.14869888,1180,3422,4.99,39.07061084,22.57767588,725.252,0.109,0.1635,0.7357,716.267,173.7466,531.3215,59.094,<0.05,74.0123,2.7112,18.3992,1.2738,7.0027,,,
64,N,Y,Trenched,High,High,High,Low,5,0.366,5.625,15.36885246,950,2755,5.32,56.55790806,21.30836612,970.8644,0.133,0.1662,0.8511,487.7128,195.3324,767.9854,86.3896,<0.05,68.1981,3.9827,15.6582,2.0479,8.2048,,,
65,N,Y,Trenched,High,High,High,Mid,5,0.332,4.734,14.25903614,713,2067.7,5.95,77.70877353,19.47927812,1785.2258,0.1254,0.1003,0.5351,105.9281,273.9381,653.6957,39.2559,<0.07,14.0552,2.3161,26.0702,1.2458,5.7358,,,
66,N,Y,Trenched,High,High,High,Mid,5,0.263,3.604,13.70342205,653,1893.7,5.69,69.28783399,16.1548163,1314.7456,0.1228,0.1228,0.4825,165.2982,248.9561,469.9737,50.9561,<0.07,14.9035,2.0702,19.7368,1.8246,4.7632,,,
67,N,Y,Trenched,High,High,High,Mid,5,0.265,3.561,13.43773585,531,1539.9,6.11,82.25993582,15.4510264,1540.8333,0.107,0.13,0.5657,100.7187,244.1361,518.1346,33.945,<0.06,14.2737,2.1024,20.7798,1.2232,4.6789,,,
68,N,Y,Trenched,High,High,High,Mid,5,0.286,4.33,15.13986014,662,1919.8,5.5,68.69987445,18.40056517,1426.1038,0.1462,0.1243,0.5117,88.0775,284.1959,566.3231,36.3377,<0.06,14.3933,0.8553,22.2807,2.7851,6.2646,,,
69,Y,Y,Control,High,Low,High,Low,5,,,,1653,4793.7,4.44,20.0226668,30.68837509,325.8838,0.1094,0.2273,0.6987,1245.5135,201.6751,448.3838,4.2003,<0.07,60.1599,5.1178,21.4983,1.4141,5.3199,,,
2,Y,Y,Trenched,High,Low,High,Low,10,0.387,5.963,15.40826873,1656,4802.4,4.53,18.57064583,29.13427994,411.3767,0.1267,0.4307,0.8277,1355.0422,130.8024,345.3801,11.9679,<0.07,32.1959,2.4831,21.0811,2.0017,5.7601,7.609285714,0.384091065,23.91485146
3,Y,Y,Trenched,High,Low,High,Low,10,0.207,3.973,19.19323671,1431,4149.9,4.36,20.18045037,27.45125988,507.306,0.1293,0.2011,0.6609,637.6509,125.0072,309.2098,11.7385,<0.06,24.375,2.6078,23.8003,1.0417,6.329,13.82553673,0.242464455,24.23195523
4,Y,Y,Trenched,High,Low,High,Low,10,0.381,5.9,15.4855643,1806,5237.4,4.31,15.20986894,33.23171181,309.9762,0.0794,0.381,0.5873,1383.1746,151.7857,344.381,6.8968,<0.06,56.4841,3.5794,19.4841,3.3492,4.3175,14.22715556,0.34154459,24.11982679
5,Y,N,Trenched,High,Low,Mid,Low,10,0.194,2.864,14.7628866,1285,3726.5,4.34,15.0553444,23.33870196,214.6398,0.072,0.3818,0.5115,740.6052,187.219,208.5159,5.3746,<0.06,51.2536,2.3919,14.611,1.2896,3.1412,13.19417419,0.10651103,22.18423428
6,Y,N,Trenched,High,Low,Mid,Low,10,0.233,3.607,15.4806867,1370,3973,4.67,24.60758763,24.55708661,399.4631,0.1174,0.3104,0.5453,652.6678,210.7047,330.1091,6.5856,<0.07,173.5151,2.1477,17.7517,3.1963,3.7752,9.406189583,0.091367339,22.31301044
7,Y,N,Trenched,High,Low,Mid,Low,10,0.398,6.294,15.81407035,1395,4045.5,4.6,27.57974008,26.81349117,293.6451,<0.07,0.236,0.6206,1163.007,185.1311,413.4441,3.0769,<0.07,461.5647,3.479,14.9825,6.9406,2.3864,7.296376667,0.419623351,21.85673544
8,Y,N,Trenched,High,Low,Mid,Low,10,0.251,5.375,21.41434263,1391,4033.9,4.59,26.63354721,26.50175558,304.783,<0.06,0.2331,0.5225,269.2685,173.8585,400.8521,4.3971,<0.06,402.09,2.4437,25.2814,1.3505,2.9662,16.28393715,0.506187665,22.65684712
9,Y,N,Trenched,High,Low,Low,Low,10,0.377,8.38,22.22811671,1510,4379,4.2,12.77520725,28.11402495,247.8327,<0.08,0.1806,0.77,949.4677,149.8954,201.3878,7.2624,<0.08,66.673,3.2319,39.3821,1.2833,2.5951,7.10203,0.177858301,21.99465481
10,Y,N,Trenched,High,Low,Low,Low,10,0.3,5.49,18.3,1733,5025.7,4.73,21.40433823,29.03045472,329.9686,<0.06,0.3695,0.6447,1063.1132,154.1509,378.5142,6.1399,<0.06,233.3097,4.033,23.8443,1.0613,3.6399,4.805151481,0.342894826,22.42666758
11,Y,N,Trenched,High,Low,Low,Low,10,0.31,7.33,23.64516129,1249,3622.1,4.38,16.70130952,22.78523695,380.8651,0.0806,0.2199,0.4106,702.9472,98.7903,185.9164,17.8886,<0.06,22.654,5.2199,19.2889,1.5836,5.5132,9.480483333,0.199829577,21.99809563
12,Y,N,Trenched,High,Low,Low,Low,10,0.43,6.42,14.93023256,1637,4747.3,4.72,22.41656051,27.90245978,314.9091,<0.07,0.3909,0.6,854.9182,180.3,344.9091,4.1545,<0.07,309.0455,2.0818,15.4727,1.5636,2.1091,3.816509444,0.203441804,22.97101209
13,Y,N,Trenched,Mid,Low,Mid,Low,10,0.216,3.283,15.19907407,1211,3511.9,4.41,23.07317157,23.6479813,263.55,0.1214,0.3286,0.5071,685.9714,167.5071,426.9,4.05,<0.06,34.8643,2.3286,19.2571,2.0429,4.3286,8.138582222,0.28458289,22.32115345
14,Y,N,Trenched,Mid,Low,Mid,Low,10,0.292,5.561,19.04452055,1092,3166.8,4.33,31.02552259,24.51734704,352.1955,0.0721,0.1362,0.4487,1040.3846,203.4295,570.5449,3.3253,<0.06,130.9856,2.6202,16.8109,2.1074,5.2404,5.86123037,0.125756958,22.19443315
15,Y,N,Trenched,Mid,Low,Mid,Low,10,0.436,7.183,16.47477064,1514,4390.6,4.49,24.6112669,29.23621487,364.2568,<0.11,<0.11,<0.54,1350.5946,203.9595,469.3784,2.0541,<0.11,216.1216,2.7838,21.8649,7.0676,4.1081,5.824022963,0.155471685,22.44227415
16,Y,N,Trenched,Mid,Low,Mid,Low,10,0.305,5.134,16.83278689,898,2604.2,5.68,68.3063718,21.69233499,602.0159,0.0714,0.1508,0.7778,885.2619,196.1984,930.5079,22.2143,<0.06,816.4683,2.4444,31.127,1.373,2.7143,5.885248148,0.21392018,22.66045537
17,Y,N,Trenched,Mid,Low,High,Low,10,0.167,3.412,20.43113772,1187,3442.3,4.53,11.51563914,19.21804241,157.3732,0.0634,0.2746,0.4859,1054.5282,96.8732,119.6056,3.4366,<0.06,41.6549,2.0141,32.8873,1.6056,2.3028,6.19173375,0.614920781,23.848025
18,Y,N,Trenched,Mid,Low,High,Low,10,0.244,4.852,19.8852459,1400,4060,4.48,15.60153978,24.24499208,247.8047,0.0831,0.3186,0.5194,1017.2091,98.3241,262.3684,4.5776,<0.06,24.162,2.2022,31.205,3.3587,3.0817,9.480680952,0.298647383,23.78947654
19,Y,N,Trenched,Mid,Low,High,Low,10,0.371,8.66,23.34231806,1486,4309.4,4.48,20.62068305,27.36150528,304.1541,0.0831,0.355,0.7326,1502.5378,141.148,386.3293,5.1208,<0.06,124.2069,2.4773,26.9033,2.2734,4.071,7.078207083,0.343693716,23.68267814
20,Y,N,Trenched,Mid,Low,High,Low,10,0.464,7.222,15.56465517,1830,5307,4.53,29.38470701,37.12592399,705.9544,0.1689,0.1182,0.8784,606.4189,196.5456,810.549,20.6503,<0.07,27.8378,3.7922,35.4983,1.3514,5.7855,7.660017407,0.285554723,23.92061477
21,Y,N,Trenched,Mid,Low,Low,Low,10,0.13,1.47,11.30769231,997,2891.3,4.47,26.58630395,19.92813165,449.421,0.1839,0.252,0.9332,467.3161,108.6785,252.4387,85.5926,<0.05,153.8079,2.2003,26.3215,3.5354,3.8965,4.629164074,0.294878539,23.41573556
22,Y,N,Trenched,Mid,Low,Low,Low,10,0.31,5.71,18.41935484,1311,3801.9,4.5,24.20169586,25.07905713,383.5227,0.0781,0.2983,1.1435,1194.2827,154.8082,379.5241,4.4318,<0.06,136.2287,2.8267,29.3679,2.8977,3.4162,5.034504074,0.253806856,21.92965032
23,Y,N,Trenched,Mid,Low,Low,Low,10,0.207,3.439,16.61352657,1147,3326.3,4.37,21.50006026,22.28834577,297.3973,<0.07,0.2483,0.3767,651.0702,101.8408,354.9572,6.7123,<0.07,19.7603,1.7209,22.9195,0.9247,1.6524,7.488125,0.126345237,22.30398121
24,Y,N,Trenched,Mid,Low,Low,Low,10,0.426,9.366,21.98591549,1159,3361.1,4.62,26.47933248,21.76100482,372.6813,0.068,0.136,0.5438,932.6888,140.929,332.1677,13.5725,<0.06,176.9486,3.1647,26.2311,1.0725,3.3157,11.51814,0.2716226,21.9467914
25,Y,N,Trenched,Low,Low,Low,Low,10,0.062,1.27,20.48387097,985,2856.5,4.37,8.064860515,16.34325034,125.0891,0.0396,0.2871,<0.20,536.797,58.5347,61.203,29.4604,<0.04,7.4752,3.3317,17.5198,0.7475,1.3069,6.515497037,0.20739238,21.84170771
26,Y,N,Trenched,Low,Low,Low,Low,10,0.228,4.872,21.36842105,1145,3320.5,4.44,17.02299727,20.48876127,250.6418,<0.06,0.2388,0.5896,1165.9403,105.791,175.8881,9.6269,<0.06,114.4478,3.2313,36.5522,1.2313,2.4627,6.66374,0.248588881,22.29864052
27,Y,N,Trenched,Low,Low,Low,Low,10,0.63,11.458,18.18730159,708,2053.2,4.8,47.96737513,17.36233761,523.2738,<0.10,<0.10,<0.48,562.2738,192.7143,502.4405,4.4643,<0.10,237.0714,2.0119,37.1667,0.9405,2.5952,4.38875,0.194262229,22.7832696
28,Y,N,Trenched,Low,Low,Low,Low,10,0.127,2.443,19.23622047,898,2604.2,4.39,16.76367261,16.33172009,316.8968,0.1005,0.2614,0.4625,855.6903,61.756,111.4611,17.7815,<0.05,15.2078,3.0228,26.6622,3.9008,2.4598,5.10530963,0.217681766,21.68697457
29,Y,N,Trenched,Low,Low,High,Low,10,0.074,1.6,21.62162162,1113,3227.7,4.24,8.024560624,19.37137145,85.9921,<0.05,0.4034,0.6812,1011.7923,58.4788,87.672,1.045,0.0529,56.1111,1.1177,33.7235,1.3823,2.1296,4.620922083,0.389712626,23.57001052
30,Y,N,Trenched,Low,Low,High,Low,10,0.27,5.153,19.08518519,1732,5022.8,4.37,16.75597373,31.73792665,392.3579,0.1839,0.2759,0.8027,2327.4498,134.699,344.5652,15.2425,0.0669,32.0736,5.7441,41.8813,1.2124,6.5803,7.863848095,0.246713471,23.97176927
31,Y,N,Trenched,Low,Low,High,Low,10,0.101,2.267,22.44554455,1143,3314.7,4.24,7.763770355,19.83726359,142.2547,0.0993,0.3213,0.514,930.2629,59.3633,74.5035,7.7278,<0.05,12.8271,2.8738,22.6752,1.7523,2.6694,6.972995,0.172376522,24.15238603
32,Y,N,Trenched,Low,Low,High,Low,10,0.391,8.173,20.9028133,1846,5353.4,4.5,22.71446077,34.6339047,479.5107,0.1868,0.2402,1.121,2214.2972,168.6477,584.0391,8.1317,<0.07,39.0836,3.9057,49.048,1.2544,6.2011,8.3295125,0.375453328,23.64368529
33,Y,N,Trenched,Low,Low,Mid,Low,10,0.215,3.863,17.96744186,1041,3018.9,4.48,19.16415689,18.8224127,226.3043,0.0854,0.2096,0.4891,747.3758,101.2811,172.5466,6.8012,<0.06,178.9519,3.7655,35.6289,1.1957,1.8944,6.301941111,0.179832748,23.43862859
34,Y,N,Trenched,Low,Low,Mid,Low,10,0.318,5.822,18.3081761,940,2726,4.43,21.00861568,17.73818768,148.1623,0.0519,0.1429,0.4221,801.1494,113.7338,206.7727,1.7403,<0.05,223.3312,2.8117,25.8506,0.9286,1.4026,4.924797037,0.347275068,22.75158405
35,Y,N,Trenched,Low,Low,Mid,Low,10,0.113,2.631,23.28318584,816,2366.4,4.56,24.22467051,15.2398308,136.407,0.0617,0.3139,0.3083,836.2724,81.5695,188.0942,6.4854,<0.04,283.6267,5.0841,22.7915,2.0179,1.4406,6.972566667,0.283366876,21.97312973
36,Y,N,Trenched,Low,Low,Mid,Low,10,0.092,1.9,20.65217391,1133,3285.7,4.4,16.63910412,20.49598894,132.5076,<0.06,0.344,<0.31,715.5352,68.4709,162.6223,1.8043,<0.06,279.9235,1.5138,18.6774,1.9113,1.185,9.449816611,0.337812523,22.28724837
37,N,Y,Trenched,High,Low,High,Mid,10,0.262,4.519,17.2480916,1461,4236.9,4.34,20.73283081,28.43586851,333.9426,0.0984,0.2541,0.7295,711.2459,208.3525,434.7951,2.9672,<0.07,15.7131,2.2705,23.5,2.3279,3.7623,9.03,0.34,21.9
38,N,Y,Trenched,High,Low,High,Mid,10,0.218,3.345,15.3440367,1654,4796.6,4.93,28.323043,27.70475315,732.0921,0.1057,0.2266,0.7326,589.6526,230.6118,424.0181,21.4955,<0.06,14.1616,5.287,33.497,1.3369,4.3051,7.24,0.263,22
39,N,Y,Trenched,High,Low,High,Mid,10,0.287,5.287,18.42160279,1276,3700.4,5.14,44.00306051,24.58257206,904.2803,0.0821,0.1452,0.4987,420.4987,201.9571,686.7866,6.351,<0.05,12.5631,2.0139,25.2778,4.3308,3.8447,8.3,0.245,22.6
40,N,Y,Trenched,High,Low,High,Mid,10,0.287,4.398,15.32404181,1296,3758.4,4.2,16.98072881,25.35199322,270.148,<0.06,0.148,0.8333,821.3629,216.5576,278.933,3.4346,<0.06,17.134,2.4377,29.9844,1.215,3.2866,9.2,0.245,22.1
41,N,Y,Trenched,High,Low,High,High,10,0.286,5.602,19.58741259,1157,3355.3,5.27,42.90493042,20.33334592,990.6407,0.0975,0.2228,0.585,868.3357,171.6922,392.1727,14.3593,<0.06,14.3663,1.4624,16.7201,1.1769,4.4011,,,
42,N,Y,Trenched,High,Low,High,High,10,0.389,6.345,16.31105398,1588,4605.2,5.16,37.90848329,27.2938026,1104.5014,0.0926,0.2635,0.4915,1032.9487,175.1852,515.6909,7.0157,<0.06,17.8348,1.3675,9.9501,1.6738,2.6638,,,
43,N,Y,Trenched,High,Low,High,High,10,0.412,6.663,16.1723301,1747,5066.3,4.55,25.13903271,33.16130007,773.5314,0.0825,0.2063,0.5776,1323.6056,197.3762,466.7657,8.7706,<0.07,16.7822,3.9686,13.3911,2.005,4.0017,,,
44,N,Y,Trenched,High,Low,High,High,10,0.372,5.111,13.73924731,1578,4576.2,4.59,20.2258599,27.64966689,450.7576,0.0909,0.303,0.4924,885.8485,220.4773,324.3258,6.2879,<0.06,16.2273,1.8485,15.2879,29.2121,3.9848,,,
45,N,Y,Trenched,High,Mid,High,Mid,10,0.321,4.178,13.01557632,770,2233,5.91,74.84625149,19.35274179,1586.9831,0.1525,0.1525,0.3559,110.6949,294.3729,689.0254,43.4576,<0.07,12.2373,1.8729,18.8305,1.2881,5.5254,7.9,0.291,22.9
46,N,Y,Trenched,High,Mid,High,Mid,10,0.254,3.64,14.33070866,844,2447.6,5.13,49.74920905,18.21667645,888.1418,0.097,0.097,0.3507,105.6119,186.0224,489.9627,36.7388,<0.06,14.2463,1.6791,15.3806,2.0373,5.4925,7.45,0.423,23.4
47,N,Y,Trenched,High,Mid,High,Mid,10,0.198,2.647,13.36868687,762,2209.8,5.51,60.75234995,16.77859437,1068.0464,<0.07,0.1656,0.4222,164.7682,235.894,502.8642,33.0215,<0.07,13.2864,1.5232,20.894,1.6391,4.3129,6.7,0.432,22.4
48,N,Y,Trenched,High,Mid,High,Mid,10,0.18,2.277,12.65,908,2633.2,5.19,50.43159665,19.23036321,971.7878,0.0668,0.23,<0.30,106.7136,212.3442,508.4866,18.0267,<0.06,13.1973,1.1202,15.7864,0.9347,2.5593,3.93,0.51,21.4
49,N,Y,Trenched,High,Mid,High,Low,10,0.19,2.483,13.06842105,1831,5309.9,4.56,21.3716733,32.95544123,300.1846,0.1231,0.6462,0.8923,947.5462,187.3769,521.9615,5.4308,<0.06,163.7769,1.6846,35.5231,1.8154,7.2692,4.51,0.36,23.5
50,N,Y,Trenched,High,Mid,High,Low,10,0.172,2.51,14.59302326,1440,4176,4.48,16.56972102,25.22710011,236.5816,0.1084,0.3061,0.8163,810.3444,128.6288,304.6875,6.6901,<0.05,29.5026,2.7168,24.477,1.352,6.8495,4.48,0.471,23
51,N,Y,Trenched,High,Mid,High,Low,10,0.17,2.535,14.91176471,1142,3311.8,4.8,31.06847828,21.1397045,273.3144,0.0513,0.3246,0.4841,435.3645,172.5399,454.2711,7.2722,<0.05,223.8383,2.0444,27.9556,1.3838,4.6697,3.32,0.321,21.7
52,N,Y,Trenched,High,Mid,High,Low,10,0.351,4.771,13.59259259,2088,6055.2,4.41,20.13552849,39.27395425,442.3755,0.1037,0.2801,1.027,1278.4129,178.9419,498.4544,9.5332,<0.08,249.2116,2.9149,31.5975,2.666,8.1328,3.46,0.408,22.9
53,N,Y,Trenched,High,Mid,High,High,10,0.298,4.124,13.83892617,590,1711,5.81,76.43156545,17.2781098,1615.0074,0.1257,0.1257,0.5991,179.2604,211.2426,543.5355,83.6686,<0.06,13.75,1.3462,14.8964,0.9467,6.2648,,,
54,N,Y,Trenched,High,Mid,High,High,10,0.255,3.411,13.37647059,793,2299.7,4.68,40.45821277,17.92120878,606.9146,0.0964,0.2204,0.4339,200.9711,204.5455,434.1253,12.1556,<0.06,16.9835,1.3567,17.1419,1.9697,5.5303,,,
55,N,Y,Trenched,High,Mid,High,High,10,0.267,3.43,12.84644195,623,1806.7,5.42,66.05913315,16.8209375,1189.0086,0.1149,0.1652,0.352,152.6868,205.2155,549.3822,89.4037,<0.06,14.3391,0.9411,16.3362,0.9914,3.9296,,,
56,N,Y,Trenched,High,Mid,High,High,10,0.25,2.85,11.4,813,2357.7,5.08,56.07465517,20.61126221,1153.2639,0.108,0.1312,0.3164,103.9198,250.9182,610.517,30.6327,<0.06,13.8812,1.0725,20.0849,1.3966,4.0355,,,
57,N,Y,Trenched,High,High,High,High,10,0.16,1.83,11.4375,681,1974.9,5.76,68.4133463,15.50576407,1307.2255,0.1261,0.1335,0.4896,198.9392,196.2092,421.3724,78.3828,<0.06,13.1899,1.1573,10.3561,0.9866,4.9703,,,
58,N,Y,Trenched,High,High,High,High,10,0.28,4.04,14.42857143,527,1528.3,5.35,62.22653912,13.35167571,909.3603,0.0849,0.0979,4.7128,148.3094,170.5614,393.3159,38.6815,<0.05,10.6984,1.5796,13.2637,1.3316,6.0117,,,
59,N,Y,Trenched,High,High,High,High,10,0.24,4.45,18.54166667,547,1586.3,5.87,76.39811039,15.18962278,1340.5217,0.1141,0.0761,0.4239,115.7283,206.5652,519.6739,43.9891,<0.04,9.5924,1.1957,10.6467,0.8043,3.8315,,,
60,N,Y,Trenched,High,High,High,High,10,0.24,3.86,16.08333333,872,2528.8,4.98,41.81772753,17.5592179,790.9393,0.074,0.1479,0.2959,102.855,185.1997,343.5873,14.6598,<0.06,11.5163,1.9896,13.3728,1.213,3.003,,,
61,N,Y,Trenched,High,High,High,Low,10,0.128,1.716,13.40625,1284,3723.6,4.44,20.80123317,24.07213239,359.7993,0.0705,0.1681,0.4664,242.7549,114.2028,331.6161,28.6443,<0.04,34.962,2.5,10.8731,1.5239,3.3514,,,
62,N,Y,Trenched,High,High,High,Low,10,0.145,1.914,13.2,1379,3999.1,4.62,22.29302552,24.49679212,363.4085,0.0671,0.3537,0.622,712.4573,136.2866,357.8354,18.622,<0.05,71.9024,1.3963,15.8902,1.4878,4.0549,,,
63,N,Y,Trenched,High,High,High,Low,10,0.19,2.636,13.87368421,1212,3514.8,4.9,32.73549614,21.94643408,501.25,0.0774,0.2857,0.5119,635.869,152.6845,452.9048,36.1369,<0.05,117.8333,1.2262,14.0952,0.8274,3.9643,,,
64,N,Y,Trenched,High,High,High,Low,10,0.312,6.369,20.41346154,1494,4332.6,4.77,29.28194761,27.32455907,621.4265,0.1009,0.2954,0.6772,769.4813,156.7147,499.8055,32.1758,<0.06,75.245,3.0043,14.7334,6.938,5.3458,,,
65,N,Y,Trenched,High,High,High,Mid,10,0.161,2.055,12.76397516,841,2438.9,5.34,54.37200787,17.7460099,1031.0253,0.0772,0.1475,0.4073,100.5758,221.559,464.5435,14.698,<0.06,12.5211,1.236,13.111,1.4326,2.6896,,,
66,N,Y,Trenched,High,High,High,Mid,10,0.178,2.407,13.52247191,870,2523,5.45,51.96774501,16.28343288,916.6031,0.0636,0.1977,<0.28,129.541,218.6088,392.4929,25.791,<0.06,10.9958,1.3418,12.6554,1.3206,2.6554,,,
67,N,Y,Trenched,High,High,High,Mid,10,0.156,2.03,13.01282051,657,1905.3,5.52,59.58967505,13.95605704,934.1276,0.0586,0.1823,0.3516,108.763,185.8398,374.8307,14.3099,<0.05,10.4948,2.5195,9.8893,1.0091,2.2331,,,
68,N,Y,Trenched,High,High,High,Mid,10,0.205,3.02,14.73170732,1309,3796.1,4.87,34.1877281,24.57199172,900.3927,0.0982,0.2492,0.4305,106.3444,243.3459,386.7825,14.7961,<0.06,11.8429,0.861,15.1208,3.1495,4.0861,,,
69,Y,Y,Control,High,Low,High,Low,10,,,,1416,4106.4,4.43,21.44979286,26.87057968,285.246,0.1032,0.3016,0.5952,1052.5317,194.9683,425.1667,4.2222,<0.06,67.7302,4.381,20.2619,1.1508,5.1905,,,
2,Y,Y,Trenched,High,Low,High,Low,20,0.252,3.824,15.17460317,1873,5431.7,4.5,15.69292708,32.21378594,364.4749,0.1254,0.4467,0.6113,1281.8025,130.1959,326.2304,12.4765,<0.06,41.5125,4.0125,18.6755,1.5361,5.6897,7.609285714,0.384091065,23.91485146
3,Y,Y,Trenched,High,Low,High,Low,20,0.238,6.613,27.78571429,1329,3854.1,4.32,16.11202622,24.62567049,325.9722,0.1058,0.2315,0.6151,619.8942,113.8426,234.1865,9.8148,<0.05,21.7063,3.5847,22.6323,0.6614,4.9868,13.82553673,0.242464455,24.23195523
4,Y,Y,Trenched,High,Low,High,Low,20,0.21,2.982,14.2,1672,4848.8,4.29,12.46032893,30.02124143,217.0102,0.0658,0.4898,0.6287,1251.0819,123.3626,256.8202,5.3363,<0.06,45.8187,3.7061,17.0614,3.0044,3.443,14.22715556,0.34154459,24.11982679
5,Y,N,Trenched,High,Low,Mid,Low,20,0.223,3.531,15.83408072,1567,4544.3,4.41,9.79820777,26.0964593,160.5477,0.058,0.3028,0.3222,517.0554,143.924,142.8479,4.6649,<0.05,44.8067,2.6224,13.4343,1.5206,2.0103,13.19417419,0.10651103,22.18423428
6,Y,N,Trenched,High,Low,Mid,Low,20,0.281,4.413,15.70462633,1813,5257.7,4.66,20.36704842,30.89931431,431.2218,0.1059,0.2895,0.5508,536.1017,205.7274,338.0085,12.1257,<0.06,182.3729,3.5311,24.8799,2.8531,3.6441,9.406189583,0.091367339,22.31301044
7,Y,N,Trenched,High,Low,Mid,Low,20,0.264,4.405,16.68560606,1230,3567,4.64,31.48935277,24.57463282,330.3322,<0.07,0.3156,0.5565,1120.49,166.5199,448.6047,6.0465,<0.07,441.9186,3.8206,19.2691,4.6844,2.4668,7.296376667,0.419623351,21.85673544
8,Y,N,Trenched,High,Low,Mid,Low,20,0.249,3.98,15.98393574,1259,3651.1,4.53,23.82182425,23.67664206,207.5487,<0.07,0.2192,0.4464,605.1136,135.4221,325.5032,2.1834,<0.07,354.8214,1.2825,30.2435,0.8766,2.0373,16.28393715,0.506187665,22.65684712
9,Y,N,Trenched,High,Low,Low,Low,20,0.308,6.016,19.53246753,1355,3929.5,4.33,8.600296416,22.95798474,131.2433,<0.05,0.3159,0.5175,762.0027,85.5847,111.0484,12.8898,<0.05,39.879,1.8078,30.047,0.7056,1.7204,7.10203,0.177858301,21.99465481
10,Y,N,Trenched,High,Low,Low,Low,20,0.16,4.11,25.6875,1357,3935.3,4.58,23.58506455,24.92556185,313.3802,<0.06,0.3476,0.6139,931.1834,140.3107,346.9896,5.2589,<0.06,243.9053,3.1509,23.1139,0.8802,3.5651,4.805151481,0.342894826,22.42666758
11,Y,N,Trenched,High,Low,Low,Low,20,,,,986,2859.4,4.41,10.63529172,16.5744311,143.3958,0.0527,0.3337,0.3396,725.363,63.671,94.6253,11.3876,<0.05,21.6101,1.8384,22.4824,2.1956,2.3946,9.480483333,0.199829577,21.99809563
12,Y,N,Trenched,High,Low,Low,Low,20,,,,1338,3880.2,4.59,26.56541685,25.46833276,374.0957,0.0684,0.3191,0.6003,1058.3587,166.4134,392.1657,5.6915,<0.06,276.1246,2.2948,26.8313,1.269,2.8267,3.816509444,0.203441804,22.97101209
13,Y,N,Trenched,Mid,Low,Mid,Low,20,0.234,3.415,14.59401709,1034,2998.6,4.35,22.28033217,20.44859486,221.069,0.1092,0.2874,0.3218,448.1494,136.2414,357.8391,3.4425,<0.05,27.4483,1.7931,16.2931,1.2299,3.546,8.138582222,0.28458289,22.32115345
14,Y,N,Trenched,Mid,Low,Mid,Low,20,0.336,6.196,18.44047619,1048,3039.2,4.27,24.40325455,21.95072275,250.6269,<0.06,0.1471,0.387,647.1749,145.3328,403.2198,2.0046,<0.06,85.2709,3.1347,16.8885,2.6548,3.8467,5.86123037,0.125756958,22.19443315
15,Y,N,Trenched,Mid,Low,Mid,Low,20,0.363,6.094,16.78787879,1200,3480,4.51,32.62341253,25.72169451,378.8907,0.0745,0.149,0.5546,1381.5563,191.755,603.1374,2.7566,<0.07,225.1738,2.856,19.6854,5.447,4.2964,5.824022963,0.155471685,22.44227415
16,Y,N,Trenched,Mid,Low,Mid,Low,20,0.333,6.536,19.62762763,889,2578.1,5.49,60.1164503,19.52148708,503.9755,0.0644,0.1289,0.625,765.5477,175.9149,708.2345,12.9253,<0.05,658.4278,3.7371,30.0966,1.5335,3.1765,5.885248148,0.21392018,22.66045537
17,Y,N,Trenched,Mid,Low,High,Low,20,0.143,2.749,19.22377622,1447,4196.3,4.44,11.30329689,24.22306044,163.5674,0.0702,0.2949,0.5758,1134.0941,110.8357,163.7008,2.8652,<0.06,62.514,3.0548,27.8933,1.4607,3.9817,6.19173375,0.614920781,23.848025
18,Y,N,Trenched,Mid,Low,High,Low,20,0.142,3.57,25.14084507,1300,3770,4.5,15.60262552,22.33481802,209.6065,0.0847,0.3632,0.5448,989.776,104.9818,247.3245,4.3886,<0.05,24.5097,2.609,29.207,2.5726,2.7966,9.480680952,0.298647383,23.78947654
19,Y,N,Trenched,Mid,Low,High,Low,20,0.253,4.415,17.45059289,1541,4468.9,4.47,21.99311849,28.98799896,357.3782,0.1136,0.3409,0.9091,1618.7581,140.3328,448.7419,8.1494,<0.07,112.5,7.5081,31.8182,2.3701,5.4951,7.078207083,0.343693716,23.68267814
20,Y,N,Trenched,Mid,Low,High,Low,20,0.211,3.765,17.8436019,1572,4558.8,4.41,22.75130197,30.56955599,465.9754,0.1311,0.2049,0.6393,515.1557,154.3033,495.418,29.2787,<0.07,23.2213,2.7787,25.4754,0.6885,5.9426,7.660017407,0.285554723,23.92061477
21,Y,N,Trenched,Mid,Low,Low,Low,20,0.17,2.48,14.58823529,916,2656.4,4.44,23.64353967,17.81220337,356.5476,0.1587,0.3175,0.8399,615.9722,94.8082,200.6812,65.9524,<0.05,118.0489,3.4458,31.4352,3.3664,3.4788,4.629164074,0.294878539,23.41573556
22,Y,N,Trenched,Mid,Low,Low,Low,20,0.259,4.366,16.85714286,1220,3538,4.51,25.7194566,23.71985878,445.2235,0.0993,0.3394,0.803,1120.2318,143.9652,351.0679,10.8113,<0.07,133.3526,2.5166,35.7781,2.2765,3.6921,5.034504074,0.253806856,21.92965032
23,Y,N,Trenched,Mid,Low,Low,Low,20,0.182,2.813,15.45604396,829,2404.1,4.37,18.51927552,15.51970246,204.8333,0.0617,0.321,0.4815,722.3642,78.6914,190.0123,18.9198,<0.05,14.8951,1.7778,27.2593,0.3704,1.7654,7.488125,0.126345237,22.30398121
24,Y,N,Trenched,Mid,Low,Low,Low,20,0.11,2.225,20.22727273,909,2636.1,4.52,17.57554869,15.86307921,191.4878,<0.04,0.2544,0.3042,762.594,76.4546,154.3805,11.5653,<0.04,80.0498,2.1847,20.7965,0.6858,1.7423,11.51814,0.2716226,21.9467914
25,Y,N,Trenched,Low,Low,Low,Low,20,0.05,1.014,20.28,730,2117,4.38,8.087972043,12.06923647,94.282,<0.04,0.3151,<0.21,621.5702,50.1756,40.563,25.3926,<0.04,8.7552,1.7304,18.8895,0.4804,1.2758,6.515497037,0.20739238,21.84170771
26,Y,N,Trenched,Low,Low,Low,Low,20,0.178,3.862,21.69662921,1016,2946.4,4.46,19.16462217,18.51628879,268.5397,<0.06,0.2619,0.5397,1075.6825,91.7302,176.4683,11.0556,<0.06,115.0238,2.9127,34.8333,1.1667,2.1746,6.66374,0.248588881,22.29864052
27,Y,N,Trenched,Low,Low,Low,Low,20,0.311,5.223,16.79421222,820,2378,4.8,48.54385384,20.33420841,575.7283,0.0787,<0.08,0.4724,722.6083,190.6004,631.7421,5.6201,<0.08,285,2.5591,51.5748,0.9843,2.9626,4.38875,0.194262229,22.7832696
28,Y,N,Trenched,Low,Low,Low,Low,20,0.1,1.914,19.14,1297,3761.3,4.37,11.07890661,22.24943177,277.6808,0.0935,0.2494,0.4302,818.0237,62.207,105.106,15.0374,<0.05,9.4763,2.1571,28.5973,2.3067,2.3067,5.10530963,0.217681766,21.68697457
29,Y,N,Trenched,Low,Low,High,Low,20,0.102,2.952,28.94117647,1010,2929,4.3,12.58168556,18.093005,108.3275,0.0587,0.4695,0.6338,1063.0634,74.0141,136.115,2.7406,<0.05,94.4601,1.6784,36.2148,1.0153,2.5059,4.620922083,0.389712626,23.57001052
30,Y,N,Trenched,Low,Low,High,Low,20,0.224,4.287,19.13839286,1590,4611,4.35,13.97104519,28.40706371,260.9207,0.1277,0.4032,0.6183,1691.5255,112.3925,270.9409,8.9583,0.0538,27.1707,4.5094,30.9879,0.8669,4.6707,7.863848095,0.246713471,23.97176927
31,Y,N,Trenched,Low,Low,High,Low,20,0.098,2.234,22.79591837,1180,3422,4.24,7.241743203,20.36416019,128.6202,0.0956,0.3484,0.5601,941.1202,59.9658,74.1052,6.6325,0.0615,13.873,2.8757,25.1913,1.7691,2.6708,6.972995,0.172376522,24.15238603
32,Y,N,Trenched,Low,Low,High,Low,20,0.359,7.459,20.77715877,1578,4576.2,4.51,23.61136776,29.83359609,446.7548,0.1603,0.3125,1.0577,1906.859,160.1042,507.9327,9.1186,<0.06,38.4215,3.9744,46.3381,0.8013,5.4968,8.3295125,0.375453328,23.64368529
33,Y,N,Trenched,Low,Low,Mid,Low,20,0.213,3.669,17.22535211,1072,3108.8,4.59,23.35251502,19.54978171,299.9292,0.1258,0.1572,0.4953,638.8836,109.2767,225.0708,19.945,<0.06,209.2846,2.6258,31.8632,1.1714,2.673,6.301941111,0.179832748,23.43862859
34,Y,N,Trenched,Low,Low,Mid,Low,20,0.102,1.629,15.97058824,1174,3404.6,4.42,18.43202005,21.53753962,168.6103,0.1208,0.3474,0.6269,712.5076,129.8187,215.4079,4.0332,<0.06,229.7281,2.568,33.6405,1.2991,2.4169,4.924797037,0.347275068,22.75158405
35,Y,N,Trenched,Low,Low,Mid,Low,20,0.097,1.93,19.89690722,907,2630.3,4.71,21.45701829,15.33781089,130.3856,<0.05,0.2828,0.2635,688.329,85.3792,164.2931,7.1594,<0.05,241.7481,3.554,21.7545,1.4139,1.3946,6.972566667,0.283366876,21.97312973
36,Y,N,Trenched,Low,Low,Mid,Low,20,0.15,3.037,20.24666667,1037,3007.3,4.52,21.49102876,18.99936754,179.2125,<0.06,0.3287,<0.31,530.4205,81.1621,205.6957,3.081,<0.06,290.9174,3.1116,27.6147,1.292,1.2691,9.449816611,0.337812523,22.28724837
37,N,Y,Trenched,High,Low,High,Mid,20,0.192,2.932,15.27083333,1528,4431.2,4.41,23.66250405,30.0685996,490.2201,0.0865,0.2987,0.5503,253.0425,211.3286,486.5409,8.4591,<0.06,15.5267,3.7343,22.1148,1.2107,4.033,9.03,0.34,21.9
38,N,Y,Trenched,High,Low,High,Mid,20,0.123,1.724,14.01626016,1374,3984.6,4.69,26.4454111,25.02746909,652.7964,0.1119,0.2461,0.5145,366.3647,167.321,345.4586,16.3926,<0.04,10.7606,2.6734,25.6264,1.1298,3.6465,7.24,0.263,22
39,N,Y,Trenched,High,Low,High,Mid,20,0.169,3.027,17.9112426,1196,3468.4,5.23,47.0572537,23.19134699,1027.5591,0.0656,0.1969,0.374,282.9134,194.521,627.3294,9.2848,<0.05,11.2467,2.9068,18.9304,1.4304,2.8543,8.3,0.245,22.6
40,N,Y,Trenched,High,Low,High,Mid,20,0.223,3.239,14.52466368,1124,3259.6,4.29,25.56075554,23.73349183,481.5554,<0.07,0.2524,0.8469,608.9169,214.0554,364.5114,8.4121,<0.07,16.6124,2.7117,31.0586,0.7248,2.8176,9.2,0.245,22.1
41,N,Y,Trenched,High,Low,High,High,20,0.241,4.326,17.95020747,1320,3828,4.85,30.03943319,23.52811126,735.7311,0.059,0.2005,0.342,450.2948,136.309,358.6144,15.5189,<0.05,11.7512,1.6922,11.8514,1.079,2.7064,,,
42,N,Y,Trenched,High,Low,High,High,20,0.248,3.704,14.93548387,1424,4129.6,4.93,31.82379598,25.07699607,854.7452,0.062,0.2273,0.3444,488.3058,143.7052,392.2107,9.208,<0.06,16.0606,1.4669,10.1102,0.8471,2.1625,,,
43,N,Y,Trenched,High,Low,High,High,20,0.385,6.249,16.23116883,1187,3442.3,4.74,33.76458665,23.49075096,809.5968,0.0806,0.2509,0.5018,1160.8692,181.4964,401.2634,8.4946,<0.07,17.0968,2.0251,13.6111,1.7204,3.3961,,,
44,N,Y,Trenched,High,Low,High,High,20,0.281,3.746,13.33096085,1644,4767.6,4.45,17.44083802,29.45131639,446.6645,0.0658,0.4211,0.375,669.4539,183.7566,285.6382,6.4934,<0.05,11.9013,2.2763,10.9803,20.3947,3.0921,,,
45,N,Y,Trenched,High,Mid,High,Mid,20,0.252,3.206,12.72222222,654,1896.6,5.12,61.01863074,18.29390844,1143.1799,0.103,0.1992,0.3434,104.3475,231.6484,575.989,28.0288,<0.06,12.1703,1.2225,15.5426,0.522,3.2212,7.9,0.291,22.9
46,N,Y,Trenched,High,Mid,High,Mid,20,0.208,2.817,13.54326923,888,2575.2,5.13,50.87353557,19.60500946,1013.0804,0.0893,0.1467,0.3253,100.4337,184.2921,524.9809,36.199,<0.05,14.0242,2.7487,14.5408,1.2309,4.1964,7.45,0.423,23.4
47,N,Y,Trenched,High,Mid,High,Mid,20,0.213,2.732,12.82629108,1153,3343.7,5.08,41.26565546,21.86081772,896.8943,0.0515,0.1869,0.451,115.741,210.0838,473.299,18.1443,<0.05,12.3518,1.6688,17.2294,1.2564,3.7629,6.7,0.432,22.4
48,N,Y,Trenched,High,Mid,High,Mid,20,0.127,1.511,11.8976378,1193,3459.7,5.38,48.84606508,21.91312949,1081.6757,0.0545,0.2316,<0.27,68.6104,196.267,567.827,19.5163,<0.05,13.842,1.3215,13.0654,0.3474,1.7779,3.93,0.51,21.4
49,N,Y,Trenched,High,Mid,High,Low,20,0.119,1.511,12.69747899,1625,4712.5,4.5,22.05748142,30.23061152,280.2022,0.0809,0.5863,0.8356,975.8423,165.8154,509.8518,4.5081,<0.05,136.4286,2.1765,26.3747,1.4016,5.6065,4.51,0.36,23.5
50,N,Y,Trenched,High,Mid,High,Low,20,0.122,1.513,12.40163934,1402,4065.8,4.51,16.8623703,24.35441577,228.262,0.1008,0.4282,0.7116,778.2305,122.6952,293.1612,8.6461,<0.05,47.796,2.2229,27.2355,0.8312,5.7809,4.48,0.471,23
51,N,Y,Trenched,High,Mid,High,Low,20,0.145,2.128,14.67586207,1484,4303.6,4.76,24.98113575,25.70037309,302.1849,0.077,0.3501,0.5392,476.9328,168.5714,446.4356,7.8571,<0.06,174.0616,3.4804,30.7773,1.2115,5.9734,3.32,0.321,21.7
52,N,Y,Trenched,High,Mid,High,Low,20,0.202,3.831,18.96534653,1623,4706.7,4.32,18.22972209,30.85217838,281.997,0.0686,0.6402,0.9527,1193.6204,152.3704,376.593,7.0579,<0.06,157.622,2.9726,29.9238,2.0427,4.7104,3.46,0.408,22.9
53,N,Y,Trenched,High,Mid,High,High,20,0.214,2.989,13.96728972,496,1438.4,5.58,72.47321737,14.84029592,1230.0821,0.1073,0.1515,0.3535,147.3043,177.3422,491.3131,64.6907,<0.05,12.8409,2.3485,12.2475,1.7045,3.9205,,,
54,N,Y,Trenched,High,Mid,High,High,20,0.188,2.454,13.05319149,922,2673.8,4.64,38.25825132,20.44052245,692.6957,0.087,0.2101,0.3986,180.1522,199.4348,453.1304,14.6812,<0.06,15.9275,2.2754,17.6884,1.6087,5.0072,,,
55,N,Y,Trenched,High,Mid,High,High,20,0.154,1.996,12.96103896,526,1525.4,5.04,58.47803491,14.40097545,881.3763,0.0645,0.1667,0.2634,133.172,151.8118,428.2688,36.5323,<0.04,12.9624,1.9785,10.1344,0.4194,2.5108,,,
56,N,Y,Trenched,High,Mid,High,High,20,0.17,2.04,12,1001,2902.9,4.74,39.00736643,21.512611,789.5569,0.0794,0.2116,0.3439,105.5093,198.5317,465.8069,14.2262,<0.05,12.1759,0.9987,14.213,0.9392,2.7712,,,
57,N,Y,Trenched,High,High,High,High,20,0.14,1.94,13.85714286,537,1557.3,5.48,64.69458558,13.40925203,951.1821,0.0956,0.1559,0.3119,114.0392,177.5553,410.3773,31.9215,<0.04,10.1358,0.8954,6.826,0.4879,2.7515,,,
58,N,Y,Trenched,High,High,High,High,20,0.24,3.39,14.125,678,1966.2,5.17,52.2573555,15.07309047,839.1588,<0.05,0.1353,2.1588,106.4647,151.7353,389.1647,24.4471,<0.05,11.2471,1.8176,9.9588,0.4824,3.4,,,
59,N,Y,Trenched,High,High,High,High,20,0.22,3.32,15.09090909,457,1325.3,5.65,74.90498665,14.259048,1225.1847,0.0923,0.1121,0.3958,141.2665,197.2493,480.6201,44.0237,<0.05,10.0923,2.0449,10.0594,0.9103,2.942,,,
60,N,Y,Trenched,High,High,High,High,20,0.15,2.7,18,913,2647.7,5.28,51.90249431,18.93671589,1073.4653,0.0928,0.1114,0.3156,85.3837,215.9901,463.0507,28.7562,<0.05,11.2067,2.7661,19.5235,0.7364,3.8923,,,
61,N,Y,Trenched,High,High,High,Low,20,0.175,3.036,17.34857143,1334,3868.6,4.55,20.91505327,23.96934029,355.6715,0.0731,0.2527,0.4588,481.9282,134.0027,326.5691,25.7513,<0.05,39.0625,3.6968,14.3484,1.4029,3.5838,,,
62,N,Y,Trenched,High,High,High,Low,20,0.215,4.117,19.14883721,1418,4112.2,4.59,20.39802613,24.89989009,315.3571,0.0857,0.4429,0.5929,872.0786,140.2143,330.2214,13.5429,<0.06,89.9143,3.15,17.9,0.9429,3.9571,,,
63,N,Y,Trenched,High,High,High,Low,20,0.24,4.164,17.35,1654,4796.6,4.74,19.14136313,26.81300705,329.1168,0.0611,0.3736,0.4891,918.4579,125.9035,329.9117,17.8804,<0.05,95.3804,1.7323,14.4837,0.6929,3.6141,,,
64,N,Y,Trenched,High,High,High,Low,20,0.185,2.518,13.61081081,1913,5547.7,4.55,16.03507387,32.37510143,346.4506,0.0772,0.4244,0.4938,867.1451,131.7052,351.9367,22.6157,<0.06,43.3796,4.5988,13.9738,8.5957,4.7068,,,
65,N,Y,Trenched,High,High,High,Mid,20,0.142,1.813,12.76760563,887,2572.3,5.27,50.63565354,18.02952665,943.1189,0.0546,0.176,0.2852,71.9235,198.4223,462.8823,10.54,<0.05,10.9587,1.5716,9.6299,0.5583,1.7718,,,
66,N,Y,Trenched,High,High,High,Mid,20,0.142,1.824,12.84507042,2479,7189.1,4.7,17.2348887,39.95628047,664.8848,0.0813,0.271,0.3591,138.1775,191.748,362.0528,18.4011,<0.05,12.2425,1.5921,15.4404,1.3482,3.6924,,,
67,N,Y,Trenched,High,High,High,Mid,20,0.125,1.605,12.84,1135,3291.5,5.21,39.38700391,19.4406658,825.4841,0.0456,0.1538,0.3645,76.5319,162.4431,368.6731,9.9544,<0.05,9.4021,1.3383,8.4169,0.4841,1.885,,,
68,N,Y,Trenched,High,High,High,Mid,20,0.161,2.239,13.9068323,1703,4938.7,4.66,22.23463835,29.72160806,683.8102,0.085,0.2833,0.3895,90.9986,206.8201,313.4278,8.8102,<0.06,10.864,1.8201,12.3088,2.6416,3.3428,,,
69,Y,Y,Control,High,Low,High,Low,20,,,,2086,6049.4,4.38,10.82668962,35.54747028,168.6128,0.0838,0.4192,0.3582,876.5854,145.0457,281.5549,1.6006,<0.06,66.0899,3.8567,14.3521,0.7774,3.5595,,,
