CHAMBER,LI-8200,LI-8200,LI-7810,LI-7810,CHAMBER,CHAMBER,CHAMBER,CHAMBER
COLLAR_HEIGHT,LABEL,DATE_TIME initial_value,FCH4_DRY LIN,FCO2_DRY LIN,TS_1 mean,EC_2 mean,SWC_2 mean,TS_2 mean
[cm],[#],[YYYY-MM-DD HH:MM:SS],[umol+1m-2s-1],[umol+1m-2s-1],[C],[S+1m-1],[m+3m-3],[C]
6.880000,30,2022/05/11 09:54:04,-9999.000000,-9999.000000,-9999.000000,0.000000,0.095920,17.343330
6.880000,30,2022/05/11 09:55:29,-9999.000000,-9999.000000,-9999.000000,0.000000,0.096600,16.960000
9.380000,2,2022/05/11 09:57:54,-9999.000000,-9999.000000,-9999.000000,0.000000,0.000000,16.576670
9.380000,2,2022/05/11 09:59:18,-9999.000000,-9999.000000,-9999.000000,0.000000,0.000000,16.500000
8.000000,2-2,2022/05/11 10:02:47,-9999.000000,-9999.000000,-9999.000000,0.000000,0.063500,16.300000
8.000000,2-2,2022/05/11 10:04:12,-9999.000000,-9999.000000,-9999.000000,0.000000,0.059410,16.208200
8.000000,2-3,2022/05/11 10:13:00,-0.038720,1.283260,-9999.000000,0.000000,0.045850,15.800000
8.000000,2-3,2022/05/11 10:14:25,-0.065580,1.168770,-9999.000000,0.000000,0.040270,15.800000
8.630000,64,2022/05/11 10:16:32,0.084820,0.824850,-9999.000000,0.000000,0.009750,15.800000
8.630000,64,2022/05/11 10:17:58,0.030030,0.832270,-9999.000000,0.000000,0.039000,15.731670
7.380000,72,2022/05/11 10:20:06,0.213030,1.422070,-9999.000000,0.000000,0.029400,15.700000
7.380000,72,2022/05/11 10:21:31,0.216180,1.173760,-9999.000000,0.000000,0.039000,15.476670
8.130000,19,2022/05/11 10:23:35,0.011020,0.770120,-9999.000000,0.000000,0.038700,15.340000
8.130000,19,2022/05/11 10:25:00,0.010990,0.853460,-9999.000000,0.000000,0.035850,15.200000
9.000000,4,2022/05/11 10:27:10,0.137350,1.490410,-9999.000000,0.000000,0.027380,15.200000
9.000000,4,2022/05/11 10:28:36,0.084690,1.418790,-9999.000000,0.000000,0.028150,15.200000
7.630000,52,2022/05/11 10:31:06,2.929390,0.697700,-9999.000000,0.000000,0.030220,15.036670
7.630000,52,2022/05/11 10:32:31,2.813710,0.763330,-9999.000000,0.000000,0.037000,14.900000
8.880000,29,2022/05/11 10:34:37,3.480910,0.612180,-9999.000000,0.000000,0.035670,14.700000
8.880000,29,2022/05/11 10:36:02,3.235320,0.559000,-9999.000000,0.000000,0.039000,14.700000
6.250000,50,2022/05/11 10:38:08,1.607920,0.626240,-9999.000000,0.000000,0.030600,14.430000
6.250000,50,2022/05/11 10:39:34,1.280610,0.507550,-9999.000000,0.000000,0.031000,14.300000
8.000000,30-2,2022/05/11 10:41:55,-0.092090,2.027640,-9999.000000,0.000000,0.008870,14.300000
8.000000,30-2,2022/05/11 10:43:21,0.003360,1.711000,-9999.000000,0.000000,0.011870,14.413330
7.630000,71,2022/05/11 10:45:17,8.358480,1.788380,-9999.000000,0.000000,0.014000,14.600000
7.630000,71,2022/05/11 10:46:43,6.649880,1.542660,-9999.000000,0.000000,0.013130,14.400000
8.880000,17,2022/05/11 10:48:47,0.487680,1.126050,-9999.000000,0.000000,0.006100,14.400000
8.880000,17,2022/05/11 10:50:13,0.349660,0.902500,-9999.000000,0.000000,0.012000,14.306670
8.630000,639,2022/05/11 10:53:34,1.226370,1.569600,-9999.000000,0.000000,0.002270,14.300000
8.630000,639,2022/05/11 10:54:59,1.041840,1.324330,-9999.000000,0.000000,0.007300,14.300000
6.630000,62,2022/05/11 10:56:46,2.203290,1.718130,-9999.000000,0.000000,0.003380,14.300000
6.630000,62,2022/05/11 10:58:12,1.321300,1.302390,-9999.000000,0.000000,0.005170,14.300000
5.250000,32,2022/05/11 11:00:09,0.936820,3.399440,-9999.000000,0.000000,0.003530,14.300000
5.250000,32,2022/05/11 11:01:35,0.510020,2.084450,-9999.000000,0.000000,0.005000,14.240000
11.000000,20,2022/05/11 11:03:30,-0.119460,2.753750,-9999.000000,0.000000,0.002570,14.143330
11.000000,20,2022/05/11 11:04:55,-0.106700,2.795820,-9999.000000,0.000000,0.001000,14.363330
7.630000,18,2022/05/11 11:06:52,2.420100,1.772780,-9999.000000,0.000000,0.000000,14.516670
7.630000,18,2022/05/11 11:08:18,0.921550,1.530090,-9999.000000,0.000000,0.000000,14.700000
9.000000,693,2022/05/11 11:10:20,19.762710,1.363230,-9999.000000,0.000000,0.000050,14.890000
9.000000,693,2022/05/11 11:11:45,16.233140,1.207720,-9999.000000,0.000000,0.001930,14.700000
8.130000,49,2022/05/11 11:13:44,42.546350,1.040240,-9999.000000,0.000000,0.000000,14.925000
8.130000,49,2022/05/11 11:15:10,41.576980,1.075480,-9999.000000,0.000000,0.000000,15.641670
8.380000,70,2022/05/11 11:17:58,-0.188940,2.098390,-9999.000000,0.000000,0.000000,15.936670
8.380000,70,2022/05/11 11:19:22,0.000000,0.000000,-9999.000000,0.000000,0.000000,16.229510
8.750000,3,2022/05/11 11:21:19,-0.088200,1.493660,-9999.000000,0.000000,0.000000,16.700000
8.750000,3,2022/05/11 11:22:44,-0.051980,1.906220,-9999.000000,0.000000,0.000000,16.745000
8.380000,31,2022/05/11 11:24:44,-0.216930,1.615980,-9999.000000,0.000000,0.000000,16.890000
8.380000,31,2022/05/11 11:26:09,-0.243140,1.805430,-9999.000000,0.000000,0.000000,17.000000
8.000000,69,2022/05/11 11:28:25,-0.137170,1.716390,-9999.000000,0.000000,0.000000,17.000000
8.000000,69,2022/05/11 11:29:50,-0.171090,1.595680,-9999.000000,0.000000,0.000000,17.000000
8.000000,51,2022/05/11 11:32:18,0.304110,3.239760,-9999.000000,0.000000,0.008070,16.798330
8.000000,51,2022/05/11 11:33:43,0.245430,2.747010,-9999.000000,0.000000,0.013730,16.613330
9.000000,57,2022/05/11 11:37:18,-0.322580,2.960860,-9999.000000,0.000000,0.027930,16.300000
9.000000,57,2022/05/11 11:38:44,-0.333730,3.114160,-9999.000000,0.000000,0.021300,16.300000
9.250000,88,2022/05/11 11:40:32,-0.368890,2.321040,-9999.000000,0.000000,0.017250,16.300000
9.250000,88,2022/05/11 11:41:58,-0.359490,2.294710,-9999.000000,0.000000,0.017580,16.300000
8.380000,44,2022/05/11 11:43:39,-1.006110,6.530570,-9999.000000,0.000000,0.005500,16.300000
8.380000,44,2022/05/11 11:45:04,0.000000,0.000000,-9999.000000,0.000000,0.015000,16.300000
9.380000,56,2022/05/11 11:47:26,-0.564740,3.609660,-9999.000000,0.000000,0.021000,16.300000
9.380000,56,2022/05/11 11:48:51,-0.558480,3.528480,-9999.000000,0.000000,0.021000,16.243330
8.250000,54,2022/05/11 11:51:01,-0.821570,3.921920,-9999.000000,0.000000,0.009530,16.200000
8.250000,54,2022/05/11 11:52:26,-1.005520,4.641510,-9999.000000,0.000000,0.013000,16.000000
9.250000,53,2022/05/11 11:54:35,-0.327740,3.104060,-9999.000000,0.000000,0.004500,15.800000
9.250000,53,2022/05/11 11:56:01,-0.329910,2.999690,-9999.000000,0.000000,0.015000,15.800000
10.500000,42,2022/05/11 11:58:24,-0.957830,5.912190,-9999.000000,0.000000,0.010000,16.000000
10.500000,42,2022/05/11 11:59:50,-0.746370,4.123460,-9999.000000,0.000000,0.010000,16.000000
8.500000,87,2022/05/11 12:01:59,-0.186740,1.096880,-9999.000000,0.000000,0.000000,16.000000
8.500000,87,2022/05/11 12:03:24,-0.210540,1.207340,-9999.000000,0.000000,0.010880,16.200000
7.500000,55,2022/05/11 12:05:11,-0.261230,1.441130,-9999.000000,0.000000,0.011800,16.200000
7.500000,55,2022/05/11 12:06:37,-0.226910,1.484850,-9999.000000,0.000000,0.012000,16.200000
7.750000,43,2022/05/11 12:08:30,-0.580470,2.612200,-9999.000000,0.000000,0.010570,16.221670
7.750000,43,2022/05/11 12:09:55,-0.612090,2.721480,-9999.000000,0.000000,0.009000,16.300000
9.130000,58,2022/05/11 12:11:33,-0.061510,1.136820,-9999.000000,0.000000,0.006730,16.553330
9.130000,58,2022/05/11 12:12:59,-0.087840,1.419390,-9999.000000,0.000000,0.006000,16.770000
8.250000,85,2022/05/11 12:14:43,-0.478410,2.597440,-9999.000000,0.000000,0.001430,17.000000
8.250000,85,2022/05/11 12:16:08,-0.496560,2.591770,-9999.000000,0.000000,0.003700,17.170000
8.750000,60,2022/05/11 12:17:45,-0.349460,1.906590,-9999.000000,0.000000,0.004670,17.200000
8.750000,60,2022/05/11 12:19:10,-0.391250,2.232030,-9999.000000,0.000000,0.011770,17.200000
8.130000,59,2022/05/11 12:21:06,-0.275280,1.820450,-9999.000000,0.000000,0.013070,17.036670
8.130000,59,2022/05/11 12:22:31,-0.223440,1.962640,-9999.000000,0.000000,0.017170,17.000000
10.250000,86,2022/05/11 12:24:08,-0.389090,2.858880,-9999.000000,0.000000,0.015050,17.000000
10.250000,86,2022/05/11 12:25:33,-0.455620,3.461910,-9999.000000,0.000000,0.017470,16.946670
9.880000,41,2022/05/11 12:27:26,-0.402710,3.780560,-9999.000000,0.000000,0.012000,17.000000
9.880000,41,2022/05/11 12:28:51,-0.433060,3.815140,-9999.000000,0.000000,0.013130,17.113330
8.250000,66,2022/05/13 08:55:57,6.811620,7.251390,-9999.000000,0.014930,0.325730,19.713330
8.250000,66,2022/05/13 08:57:21,-12.636640,2.557460,-9999.000000,0.015000,0.375300,18.990000
9.000000,37,2022/05/13 08:59:13,-32.931170,-3.138100,-9999.000000,0.010230,0.351430,18.306670
9.000000,37,2022/05/13 09:00:38,-37.461650,-6.821470,-9999.000000,0.011000,0.361450,17.935000
5.600000,Test,2022/05/13 09:06:27,0.215380,-0.768050,-9999.000000,0.000000,0.000000,17.500000
5.600000,Test,2022/05/13 09:07:52,0.159660,-0.484040,-9999.000000,0.000000,0.000000,17.500000
8.000000,37-2,2022/05/13 09:11:56,-0.605530,5.152270,-9999.000000,0.004750,0.190000,17.310000
8.000000,37-2,2022/05/13 09:13:21,-0.758630,6.344450,-9999.000000,0.005000,0.223030,17.263330
8.000000,66-2,2022/05/13 09:15:23,-0.187540,3.219890,-9999.000000,0.007000,0.246600,17.000000
8.000000,66-2,2022/05/13 09:16:48,-0.238270,3.531670,-9999.000000,0.007000,0.256080,16.836670
8.250000,82,2022/05/13 09:18:29,-1.142830,7.892180,-9999.000000,0.002500,0.129000,16.750000
8.250000,82,2022/05/13 09:19:55,-0.784890,5.277760,-9999.000000,0.004070,0.247730,16.700000
9.130000,48,2022/05/13 09:21:45,-0.095990,2.975550,-9999.000000,0.001770,0.087870,16.653330
9.130000,48,2022/05/13 09:23:10,-0.056260,2.550450,-9999.000000,0.001820,0.088180,16.663330
8.000000,83,2022/05/13 09:25:05,-0.484610,4.844710,-9999.000000,0.000000,0.055300,16.520000
8.000000,83,2022/05/13 09:26:31,-0.431530,4.127340,-9999.000000,0.000530,0.087200,16.700000
9.250000,38,2022/05/13 09:28:16,-0.364010,4.384030,-9999.000000,0.000000,0.093570,16.500000
9.250000,38,2022/05/13 09:29:42,0.000000,0.000000,-9999.000000,0.000000,0.097150,16.500000
8.750000,81,2022/05/13 09:31:28,-0.352130,3.696900,-9999.000000,0.000000,0.033350,16.500000
8.750000,81,2022/05/13 09:32:54,-0.298880,3.425350,-9999.000000,0.000000,0.075420,16.316670
8.500000,39,2022/05/13 09:35:16,-0.406090,4.779380,-9999.000000,0.000000,0.047270,16.700000
8.500000,39,2022/05/13 09:36:41,-0.349130,3.859040,-9999.000000,0.000000,0.059300,16.700000
9.130000,46,2022/05/13 09:38:25,-0.227040,3.533250,-9999.000000,0.000000,0.029470,16.700000
9.130000,46,2022/05/13 09:39:50,-0.361410,4.465700,-9999.000000,0.000000,0.071400,16.530000
8.250000,67,2022/05/13 09:41:43,-0.361310,3.868950,-9999.000000,0.000000,0.041070,16.500000
8.250000,67,2022/05/13 09:43:09,-0.219960,3.182290,-9999.000000,0.000000,0.060500,16.500000
9.880000,65,2022/05/13 09:44:54,-0.158840,3.404160,-9999.000000,0.000000,0.058420,16.500000
9.880000,65,2022/05/13 09:46:19,-0.045560,2.765590,-9999.000000,0.000000,0.061000,16.300000
9.130000,45,2022/05/13 09:48:21,-0.138350,5.263450,-9999.000000,0.000000,0.021630,16.300000
9.130000,45,2022/05/13 09:49:46,-0.115280,3.391560,-9999.000000,0.000000,0.055080,16.300000
8.500000,40,2022/05/13 09:51:26,-0.789070,7.807140,-9999.000000,0.000000,0.015750,16.335000
8.500000,40,2022/05/13 09:52:52,-0.655380,6.859400,-9999.000000,0.000000,0.047370,16.500000
8.630000,84,2022/05/13 09:54:29,-0.895320,6.100000,-9999.000000,0.000000,0.027440,16.500000
8.630000,84,2022/05/13 09:55:55,-0.808030,5.178190,-9999.000000,0.000000,0.058670,16.500000
8.250000,68,2022/05/13 09:57:32,-0.124070,2.324440,-9999.000000,0.000000,0.029150,16.390000
8.250000,68,2022/05/13 09:58:57,-0.121560,2.293100,-9999.000000,0.000000,0.055900,16.300000
7.750000,43,2022/05/20 09:35:18,-0.756360,7.552340,-9999.000000,0.016970,0.317100,21.493330
7.750000,43,2022/05/20 09:36:44,-0.614130,6.548340,-9999.000000,0.016000,0.319530,21.300000
7.500000,55,2022/05/20 09:38:20,-0.464500,6.641980,-9999.000000,0.027600,0.372400,21.113330
7.500000,55,2022/05/20 09:39:45,-0.407740,5.915930,-9999.000000,0.021020,0.335510,21.201640
9.130000,58,2022/05/20 09:41:20,-0.234730,5.469110,-9999.000000,0.029070,0.409400,21.100000
9.130000,58,2022/05/20 09:42:46,-0.213710,4.206630,-9999.000000,0.030500,0.401000,21.100000
8.250000,85,2022/05/20 09:44:23,-0.719380,5.372920,-9999.000000,0.018000,0.333770,21.100000
8.250000,85,2022/05/20 09:45:50,-0.661660,4.670420,-9999.000000,0.018000,0.330300,20.986670
8.750000,60,2022/05/20 09:47:29,-0.411580,4.903820,-9999.000000,0.029220,0.295650,20.943330
8.750000,60,2022/05/20 09:48:54,-0.369080,4.027220,-9999.000000,0.030630,0.303070,21.100000
8.130000,59,2022/05/20 09:50:29,-0.473880,5.911610,-9999.000000,0.032220,0.398220,21.056670
8.130000,59,2022/05/20 09:51:53,-0.352060,4.117300,-9999.000000,0.033000,0.399000,20.900000
8.500000,87,2022/05/20 09:53:26,-0.718230,6.374380,-9999.000000,0.022000,0.321670,20.900000
8.500000,87,2022/05/20 09:54:51,-0.675730,5.496950,-9999.000000,0.022000,0.321170,20.900000
9.880000,41,2022/05/20 09:56:25,-0.679010,6.538840,-9999.000000,0.020000,0.336300,20.900000
9.880000,41,2022/05/20 09:57:51,-0.660010,5.719530,-9999.000000,0.020000,0.339750,20.900000
10.500000,42,2022/05/20 09:59:24,-1.271080,8.107590,-9999.000000,0.022130,0.326530,20.900000
10.500000,42,2022/05/20 10:00:49,-1.074040,6.752400,-9999.000000,0.023550,0.330000,20.790000
9.250000,53,2022/05/20 10:02:23,-0.335260,6.066220,-9999.000000,0.030880,0.359350,20.700000
9.250000,53,2022/05/20 10:03:48,-0.214630,4.115420,-9999.000000,0.030530,0.362000,20.700000
8.250000,54,2022/05/20 10:05:26,-1.237430,7.647180,-9999.000000,0.024330,0.325670,20.733330
8.250000,54,2022/05/20 10:06:51,0.000000,0.000000,-9999.000000,0.026000,0.329000,20.900000
9.380000,56,2022/05/20 10:08:26,-0.372240,4.481940,-9999.000000,0.042830,0.416670,20.900000
9.380000,56,2022/05/20 10:09:51,-0.320190,3.762890,-9999.000000,0.042000,0.420000,20.900000
8.380000,44,2022/05/20 10:11:26,-0.731760,7.444670,-9999.000000,0.015830,0.312170,20.900000
8.380000,44,2022/05/20 10:12:51,-0.638690,6.438180,-9999.000000,0.014420,0.313580,20.900000
9.250000,88,2022/05/20 10:14:29,-0.487420,5.832840,-9999.000000,0.028000,0.373650,20.900000
9.250000,88,2022/05/20 10:15:56,-0.434760,5.249610,-9999.000000,0.027330,0.376670,20.900000
9.000000,57,2022/05/20 10:17:32,-0.335920,5.156770,-9999.000000,0.021000,0.315000,20.900000
9.000000,57,2022/05/20 10:18:58,-0.308660,4.932520,-9999.000000,0.021000,0.315000,20.900000
10.250000,86,2022/05/20 10:20:31,-0.558410,5.938470,-9999.000000,0.025000,0.366500,20.950000
10.250000,86,2022/05/20 10:21:57,-0.475960,5.010740,-9999.000000,0.025000,0.368680,21.100000
9.880000,65,2022/05/20 10:24:26,0.000000,0.000000,-9999.000000,0.026170,0.375670,21.300000
9.880000,65,2022/05/20 10:25:51,-0.228810,5.238050,-9999.000000,0.027580,0.379000,21.300000
9.130000,48,2022/05/20 10:27:29,-0.292150,4.006400,-9999.000000,0.028000,0.321000,21.100000
9.130000,48,2022/05/20 10:28:54,-0.190120,3.065480,-9999.000000,0.028000,0.321000,21.100000
8.000000,83,2022/05/20 10:30:28,-0.544840,6.175010,-9999.000000,0.033000,0.372600,21.100000
8.000000,83,2022/05/20 10:31:53,-0.429800,4.811070,-9999.000000,0.032380,0.376850,21.100000
9.250000,38,2022/05/20 10:33:27,-0.472080,6.153080,-9999.000000,0.012000,0.262370,21.136670
9.250000,38,2022/05/20 10:34:53,-0.398340,5.436810,-9999.000000,0.011380,0.264620,21.300000
10.250000,47,2022/05/20 10:36:28,-0.358710,8.507100,-9999.000000,0.031800,0.368600,21.300000
10.250000,47,2022/05/20 10:37:53,-0.399890,8.769610,-9999.000000,0.031620,0.369770,21.300000
8.250000,82,2022/05/20 10:39:30,-0.998520,8.692700,-9999.000000,0.029670,0.375830,21.300000
8.250000,82,2022/05/20 10:40:55,-0.730400,6.264730,-9999.000000,0.021350,0.373950,21.300000
8.250000,66,2022/05/20 10:42:32,-0.188800,3.014950,-9999.000000,0.023470,0.320400,21.153330
8.250000,66,2022/05/20 10:43:57,-0.178470,2.671140,-9999.000000,0.022000,0.318050,21.300000
9.000000,37,2022/05/20 10:45:31,-0.577080,5.471980,-9999.000000,0.018750,0.339250,21.300000
9.000000,37,2022/05/20 10:46:56,-0.638620,6.019390,-9999.000000,0.021670,0.353670,21.300000
8.500000,39,2022/05/20 10:48:32,-0.411430,6.078010,-9999.000000,0.016470,0.320130,21.300000
8.500000,39,2022/05/20 10:49:58,0.000000,0.000000,-9999.000000,0.015700,0.303300,21.300000
8.750000,81,2022/05/20 10:51:31,-0.462530,5.168580,-9999.000000,0.026750,0.373250,21.450000
8.750000,81,2022/05/20 10:52:57,-0.464680,4.693300,-9999.000000,0.026680,0.375630,21.300000
9.130000,46,2022/05/20 10:54:32,-0.550280,6.796220,-9999.000000,0.021000,0.349270,21.300000
9.130000,46,2022/05/20 10:55:58,-0.513440,6.099100,-9999.000000,0.021000,0.350000,21.300000
8.250000,67,2022/05/20 10:57:31,-0.409580,4.736850,-9999.000000,0.022000,0.353000,21.450000
8.250000,67,2022/05/20 10:58:57,-0.323290,3.812590,-9999.000000,0.022000,0.353680,21.900000
9.130000,45,2022/05/20 12:10:21,-0.222890,6.287000,-9999.000000,0.020000,0.397920,20.916670
9.130000,45,2022/05/20 12:11:46,-0.145980,4.805410,-9999.000000,0.019500,0.397000,21.100000
8.500000,40,2022/05/20 12:13:20,-0.672090,9.456880,-9999.000000,0.017930,0.320530,21.313330
8.500000,40,2022/05/20 12:14:45,0.000000,0.000000,-9999.000000,0.015550,0.312550,21.500000
8.630000,84,2022/05/20 12:16:23,-0.765090,6.773360,-9999.000000,0.031880,0.376470,21.700000
8.630000,84,2022/05/20 12:17:49,-0.703960,6.038260,-9999.000000,0.031000,0.380550,21.700000
8.250000,68,2022/05/20 12:19:22,-0.156370,3.160450,-9999.000000,0.030100,0.387000,21.900000
8.250000,68,2022/05/20 12:20:49,-0.144340,3.050700,-9999.000000,0.031550,0.388100,21.900000
6.250000,50,2022/05/20 12:23:01,3.686160,0.837790,-9999.000000,0.021750,0.369750,21.900000
6.250000,50,2022/05/20 12:24:27,3.429750,0.821820,-9999.000000,0.030000,0.494180,21.900000
7.630000,52,2022/05/20 12:26:28,9.250260,2.117530,-9999.000000,0.038600,0.512600,21.940000
7.630000,52,2022/05/20 12:27:53,4.913990,1.689660,-9999.000000,0.038230,0.515620,22.100000
8.880000,29,2022/05/20 12:29:27,33.798060,1.610340,-9999.000000,0.033000,0.544000,22.100000
8.880000,29,2022/05/20 12:30:52,22.777180,1.450870,-9999.000000,0.033000,0.544000,22.100000
9.000000,4,2022/05/20 12:32:28,0.791970,5.871410,-9999.000000,0.014200,0.393000,22.100000
9.000000,4,2022/05/20 12:33:53,0.594870,4.650180,-9999.000000,0.011620,0.393000,22.100000
8.630000,64,2022/05/20 12:35:34,1.999050,2.420920,-9999.000000,0.005470,0.117270,21.957630
8.630000,64,2022/05/20 12:36:58,1.452730,2.088290,-9999.000000,0.019700,0.407000,22.100000
8.130000,19,2022/05/20 12:38:37,0.372160,3.517320,-9999.000000,0.004900,0.154000,21.900000
8.130000,19,2022/05/20 12:40:02,0.191040,3.686790,-9999.000000,0.014000,0.440000,21.900000
7.380000,72,2022/05/20 12:41:37,1.590970,4.385610,-9999.000000,0.007350,0.166950,21.900000
7.380000,72,2022/05/20 12:43:02,1.425060,3.693010,-9999.000000,0.023300,0.478530,21.746670
9.380000,2,2022/05/20 12:44:38,-0.342130,3.552310,-9999.000000,0.003300,0.087270,21.773330
9.380000,2,2022/05/20 12:46:01,0.758670,2.759230,-9999.000000,0.009000,0.238750,21.900000
6.880000,30,2022/05/20 12:47:38,-0.096920,1.497150,-9999.000000,0.007700,0.129070,21.973330
6.880000,30,2022/05/20 12:49:01,-0.038760,2.329940,-9999.000000,0.020250,0.344500,22.100000
11.000000,20,2022/05/20 12:50:35,-0.088920,4.667390,-9999.000000,0.022680,0.373950,22.463330
11.000000,20,2022/05/20 12:52:00,-0.143990,5.040670,-9999.000000,0.022730,0.374530,22.746670
5.250000,32,2022/05/20 12:53:36,2.400280,9.197280,-9999.000000,0.012670,0.165330,22.800000
5.250000,32,2022/05/20 12:55:02,3.077840,7.093780,-9999.000000,0.038760,0.517360,22.800000
6.630000,62,2022/05/20 12:56:38,52.417160,6.998970,-9999.000000,0.010630,0.166100,22.800000
6.630000,62,2022/05/20 12:58:03,34.156630,6.403530,-9999.000000,0.029000,0.453000,22.800000
8.630000,639,2022/05/20 12:59:40,4.356710,3.988280,-9999.000000,0.017200,0.217600,22.720000
8.630000,639,2022/05/20 13:01:06,2.581360,3.454600,-9999.000000,0.043000,0.542330,22.600000
8.880000,17,2022/05/20 13:02:41,0.879350,1.692540,-9999.000000,0.016580,0.319080,22.400000
8.880000,17,2022/05/20 13:04:06,0.919020,2.594230,-9999.000000,0.030830,0.486500,22.150000
7.630000,71,2022/05/20 13:05:40,8.180540,5.824460,-9999.000000,0.011800,0.197000,21.980000
7.630000,71,2022/05/20 13:07:06,34.885200,5.943880,-9999.000000,0.028000,0.460500,22.516670
9.000000,693,2022/05/20 13:09:09,188.741770,2.806240,-9999.000000,0.038980,0.503950,22.800000
9.000000,693,2022/05/20 13:10:35,118.704100,2.307750,-9999.000000,0.043680,0.566520,22.736670
8.380000,70,2022/05/20 13:12:11,0.469210,4.968050,-9999.000000,0.026500,0.441670,22.600000
8.380000,70,2022/05/20 13:13:36,0.583100,4.047700,-9999.000000,0.022000,0.431000,22.600000
8.750000,3,2022/05/20 13:15:14,0.000000,0.000000,-9999.000000,0.021030,0.397170,22.793330
8.750000,3,2022/05/20 13:16:40,0.172010,6.197530,-9999.000000,0.020600,0.395600,23.000000
7.630000,18,2022/05/20 13:18:14,1.244640,3.906110,-9999.000000,0.014200,0.383400,23.000000
7.630000,18,2022/05/20 13:19:39,1.662640,4.478450,-9999.000000,0.015000,0.388000,23.000000
8.380000,31,2022/05/20 13:21:31,-0.490060,5.081330,-9999.000000,0.011250,0.310000,23.000000
8.380000,31,2022/05/20 13:22:56,-0.524180,5.647770,-9999.000000,0.012000,0.311330,23.000000
9.000000,61,2022/05/20 13:24:31,0.000000,0.000000,-9999.000000,0.017750,0.345730,23.000000
9.000000,61,2022/05/20 13:25:57,-0.124590,4.380070,-9999.000000,0.017000,0.343370,23.000000
8.000000,51,2022/05/20 13:27:34,1.716110,2.933450,-9999.000000,0.033400,0.510900,23.000000
8.000000,51,2022/05/20 13:29:00,1.515910,2.733480,-9999.000000,0.032730,0.497530,23.000000
8.000000,60-3,2022/05/25 10:28:24,-18.597280,0.285150,-9999.000000,0.001000,0.121700,17.300000
8.000000,60-3,2022/05/25 10:29:50,12.814830,4.731020,-9999.000000,0.001000,0.116350,17.300000
8.000000,60-4,2022/05/25 10:31:20,-0.181000,3.478320,-9999.000000,0.001000,0.111800,17.285000
8.000000,60-4,2022/05/25 10:32:46,-0.244940,2.872740,-9999.000000,0.001000,0.103250,17.200000
8.250000,85,2022/05/25 10:34:27,0.000000,0.000000,-9999.000000,0.001000,0.084870,17.226670
8.250000,85,2022/05/25 10:35:53,-0.401170,4.091160,-9999.000000,0.001000,0.082500,17.300000
9.130000,58,2022/05/25 10:37:56,-0.033040,2.255540,-9999.000000,0.001000,0.092000,17.275000
9.130000,58,2022/05/25 10:39:21,-0.063410,3.238070,-9999.000000,0.000170,0.102500,17.283330
9.880000,41,2022/05/25 10:41:37,-0.609230,6.975930,-9999.000000,0.000000,0.094300,17.243330
9.880000,41,2022/05/25 10:43:03,-0.545200,5.841750,-9999.000000,0.000000,0.094270,17.300000
8.500000,87,2022/05/25 10:45:09,0.000000,0.000000,-9999.000000,0.000970,0.099870,17.296670
8.500000,87,2022/05/25 10:46:34,-0.433570,4.423410,-9999.000000,0.001000,0.104150,17.200000
8.130000,59,2022/05/25 10:48:39,-0.229640,4.343780,-9999.000000,0.001000,0.104800,17.246670
8.130000,59,2022/05/25 10:50:05,0.000000,0.000000,-9999.000000,0.001000,0.095500,17.300000
9.250000,53,2022/05/25 10:52:00,-0.026190,4.637280,-9999.000000,0.000820,0.099820,17.300000
9.250000,53,2022/05/25 10:53:26,0.025730,3.422840,-9999.000000,0.001000,0.107000,17.300000
10.500000,42,2022/05/25 10:55:18,-1.018620,7.220120,-9999.000000,0.001000,0.093470,17.300000
10.500000,42,2022/05/25 10:56:44,-0.834010,5.859860,-9999.000000,0.001000,0.097550,17.300000
7.500000,55,2022/05/25 10:58:30,-0.174190,2.857090,-9999.000000,0.000320,0.034520,17.300000
7.500000,55,2022/05/25 10:59:55,-0.166450,3.132190,-9999.000000,0.001000,0.110470,17.300000
7.750000,43,2022/05/25 11:01:39,-0.381590,3.765920,-9999.000000,0.000000,0.044800,17.300000
7.750000,43,2022/05/25 11:03:04,-0.447570,3.984490,-9999.000000,0.000000,0.096880,17.300000
10.250000,86,2022/05/25 11:05:09,-0.245720,3.031920,-9999.000000,0.000000,0.101870,17.300000
10.250000,86,2022/05/25 11:06:35,-0.248530,3.265450,-9999.000000,0.001000,0.103600,17.300000
8.250000,54,2022/05/25 11:08:38,-1.006310,8.706210,-9999.000000,0.000450,0.038700,17.300000
8.250000,54,2022/05/25 11:10:04,-0.908470,7.325540,-9999.000000,0.001000,0.086880,17.476670
9.380000,56,2022/05/25 11:11:51,-0.215110,4.151820,-9999.000000,0.001000,0.108670,17.433330
9.380000,56,2022/05/25 11:13:16,-0.220160,3.835450,-9999.000000,0.002000,0.136170,17.483330
8.380000,44,2022/05/25 11:15:04,-0.730610,8.788750,-9999.000000,0.000230,0.078330,17.476670
8.380000,44,2022/05/25 11:16:29,-0.732410,8.111410,-9999.000000,0.000000,0.083600,17.700000
9.250000,88,2022/05/25 11:18:30,-0.290310,5.504950,-9999.000000,0.001000,0.106950,17.700000
9.250000,88,2022/05/25 11:19:55,-0.247890,4.348900,-9999.000000,0.001000,0.115600,17.700000
9.000000,57,2022/05/25 11:21:42,-0.171940,4.936210,-9999.000000,0.000520,0.041850,17.700000
9.000000,57,2022/05/25 11:23:08,-0.208140,4.488380,-9999.000000,0.001000,0.092400,17.985000
8.250000,68,2022/05/25 11:25:17,-0.073800,2.573570,-9999.000000,0.001100,0.146100,18.000000
8.250000,68,2022/05/25 11:26:43,-0.043790,2.463380,-9999.000000,0.002000,0.165070,18.000000
8.630000,84,2022/05/25 11:28:27,-0.493450,5.982370,-9999.000000,0.002730,0.151270,18.000000
8.630000,84,2022/05/25 11:29:52,-0.529390,5.751390,-9999.000000,0.002680,0.159520,18.000000
8.500000,40,2022/05/25 11:32:33,-0.328900,5.603390,-9999.000000,0.001100,0.055370,18.000000
8.500000,40,2022/05/25 11:33:58,-0.222890,4.497860,-9999.000000,0.003000,0.156480,18.000000
9.130000,45,2022/05/25 11:35:43,-0.153510,5.589340,-9999.000000,0.002670,0.123200,18.000000
9.130000,45,2022/05/25 11:37:09,-0.097570,4.161190,-9999.000000,0.005000,0.230030,18.000000
8.250000,67,2022/05/25 11:39:00,-0.272370,4.867700,-9999.000000,0.003370,0.187900,18.200000
8.250000,67,2022/05/25 11:40:25,-0.235140,3.989870,-9999.000000,0.004230,0.192330,18.200000
9.880000,65,2022/05/25 11:42:07,-0.110510,2.520530,-9999.000000,0.005000,0.206530,18.200000
9.880000,65,2022/05/25 11:43:33,-0.096370,2.959220,-9999.000000,0.007000,0.212200,18.200000
9.130000,46,2022/05/25 11:45:57,-0.274620,6.591590,-9999.000000,0.004600,0.195500,18.200000
9.130000,46,2022/05/25 11:47:23,-0.300740,6.028380,-9999.000000,0.006000,0.257400,18.200000
8.500000,39,2022/05/25 11:49:30,-0.320610,8.168930,-9999.000000,0.003000,0.154470,18.263330
8.500000,39,2022/05/25 11:50:56,-0.186250,5.198830,-9999.000000,0.002250,0.152000,18.400000
8.750000,81,2022/05/25 11:52:42,-0.312080,4.507220,-9999.000000,0.002070,0.114700,18.600000
8.750000,81,2022/05/25 11:54:08,-0.305300,3.960090,-9999.000000,0.004950,0.236250,18.600000
10.250000,47,2022/05/25 11:56:05,-0.171460,4.751240,-9999.000000,0.003200,0.157900,18.600000
10.250000,47,2022/05/25 11:57:30,-0.129210,4.050690,-9999.000000,0.004000,0.164610,18.800000
9.250000,38,2022/05/25 11:59:37,-0.275790,4.695190,-9999.000000,0.002170,0.105730,18.800000
9.250000,38,2022/05/25 12:01:03,-0.255790,4.395000,-9999.000000,0.005000,0.253530,18.800000
8.000000,83,2022/05/25 12:02:43,-0.228410,3.527300,-9999.000000,0.006600,0.273070,18.693330
8.000000,83,2022/05/25 12:04:08,-0.253570,3.807390,-9999.000000,0.008950,0.299750,18.600000
9.130000,48,2022/05/25 12:05:44,-0.088170,2.541490,-9999.000000,0.009000,0.274400,18.510000
9.130000,48,2022/05/25 12:07:09,-0.068070,2.607840,-9999.000000,0.009000,0.255830,18.600000
8.250000,66,2022/05/25 12:08:58,0.017680,1.568820,-9999.000000,0.008220,0.282150,18.556670
8.250000,66,2022/05/25 12:10:24,0.216370,-0.467920,-9999.000000,0.008220,0.296870,18.400000
8.250000,82,2022/05/25 12:12:16,0.000000,0.000000,-9999.000000,0.008080,0.267920,18.400000
8.250000,82,2022/05/25 12:13:42,-0.502070,6.018140,-9999.000000,0.009000,0.281620,18.400000
9.000000,37,2022/05/25 12:15:37,-0.177790,2.303410,-9999.000000,0.033430,0.389130,18.400000
9.000000,37,2022/05/25 12:17:03,-0.495520,2.224530,-9999.000000,0.034000,0.391470,18.400000
8.000000,51,2022/05/25 12:19:26,1.978760,2.299000,-9999.000000,0.001750,0.086750,18.400000
8.000000,51,2022/05/25 12:20:51,2.290850,2.033680,-9999.000000,0.004000,0.349670,18.400000
9.000000,61,2022/05/25 12:22:50,-0.089140,3.056150,-9999.000000,0.004550,0.208650,18.400000
9.000000,61,2022/05/25 12:24:16,-0.106520,3.627160,-9999.000000,0.006080,0.323000,18.400000
8.380000,31,2022/05/25 12:25:52,-0.569340,4.393090,-9999.000000,0.004270,0.238950,18.536670
8.380000,31,2022/05/25 12:27:18,0.000000,0.000000,-9999.000000,0.004000,0.203350,18.800000
8.750000,3,2022/05/25 12:29:09,0.000000,0.000000,-9999.000000,0.004970,0.291070,18.800000
8.750000,3,2022/05/25 12:30:35,-0.057420,4.765320,-9999.000000,0.006000,0.297200,18.800000
8.380000,70,2022/05/25 12:32:26,1.034880,5.084950,-9999.000000,0.005000,0.320500,18.825000
8.380000,70,2022/05/25 12:33:51,0.024560,4.666490,-9999.000000,0.005000,0.329670,18.900000
9.000000,693,2022/05/25 12:35:51,1701.458620,1.448610,-9999.000000,0.004000,0.263330,18.700000
9.000000,693,2022/05/25 12:37:16,128.001840,1.748240,-9999.000000,0.006080,0.403170,18.383330
8.130000,49,2022/05/25 12:39:14,93.875800,0.258960,-9999.000000,0.038300,0.458100,18.010000
8.130000,49,2022/05/25 12:40:39,22.164100,0.269160,-9999.000000,0.006000,0.422000,18.200000
7.630000,18,2022/05/25 12:42:38,0.265810,4.225250,-9999.000000,0.009100,0.172700,18.200000
7.630000,18,2022/05/25 12:44:03,0.792350,4.261040,-9999.000000,0.019000,0.365600,18.200000
6.630000,62,2022/05/25 12:45:59,25.690750,4.354990,-9999.000000,0.024200,0.348200,18.200000
6.630000,62,2022/05/25 12:47:24,35.541500,3.964230,-9999.000000,0.029000,0.431350,18.200000
7.630000,71,2022/05/25 12:50:26,17.821900,5.217630,-9999.000000,0.040000,0.412000,18.250000
7.630000,71,2022/05/25 12:51:52,16.857180,4.147480,-9999.000000,0.014720,0.306080,18.400000
8.630000,639,2022/05/25 12:54:09,8.020730,1.987360,-9999.000000,0.005430,0.330770,18.600000
8.630000,639,2022/05/25 12:55:35,13.822160,2.080850,-9999.000000,0.023200,0.374000,18.520000
8.880000,17,2022/05/25 12:57:30,1.715090,2.185920,-9999.000000,0.001950,0.098480,18.463330
8.880000,17,2022/05/25 12:58:56,1.266490,1.862120,-9999.000000,0.004000,0.313250,18.600000
7.380000,72,2022/05/25 13:01:20,1.234170,3.239070,-9999.000000,0.005000,0.312300,18.630000
7.380000,72,2022/05/25 13:02:46,1.774990,2.931220,-9999.000000,0.005000,0.314000,18.800000
8.130000,19,2022/05/25 13:05:40,-0.501710,2.851230,-9999.000000,0.005000,0.300870,18.800000
8.130000,19,2022/05/25 13:07:05,0.303830,2.422490,-9999.000000,0.005900,0.307700,18.800000
8.630000,64,2022/05/25 13:08:56,1.148580,2.185550,-9999.000000,0.008250,0.347500,18.800000
8.630000,64,2022/05/25 13:10:21,0.780900,1.727510,-9999.000000,0.010000,0.360330,18.800000
9.000000,4,2022/05/25 13:12:39,0.318150,5.524950,-9999.000000,0.022000,0.381470,18.800000
9.000000,4,2022/05/25 13:14:05,0.277030,4.590440,-9999.000000,0.006000,0.344700,18.800000
7.630000,52,2022/05/25 13:16:51,22.924530,1.604860,-9999.000000,0.004670,0.265330,18.866670
7.630000,52,2022/05/25 13:18:17,16.241520,1.568030,-9999.000000,0.007000,0.398100,19.120000
8.880000,29,2022/05/25 13:20:16,26.836300,0.876630,-9999.000000,0.004080,0.428420,19.516670
8.880000,29,2022/05/25 13:21:42,20.769840,0.808900,-9999.000000,0.032900,0.503270,19.700000
6.250000,50,2022/05/25 13:24:26,28.441930,1.214230,-9999.000000,0.047250,0.502750,19.600000
6.250000,50,2022/05/25 13:25:51,19.524820,1.026740,-9999.000000,0.046660,0.519020,19.300000
9.380000,2,2022/05/25 13:28:55,2.171640,4.574760,-9999.000000,0.026400,0.340600,19.100000
9.380000,2,2022/05/25 13:30:21,1.549080,4.218270,-9999.000000,0.037170,0.468000,19.133330
6.880000,30,2022/05/25 13:32:56,-0.000470,4.224700,-9999.000000,0.000750,0.090000,19.300000
6.880000,30,2022/05/25 13:34:22,0.071200,3.954630,-9999.000000,0.001000,0.122000,19.300000
11.000000,20,2022/05/25 13:36:49,-0.095140,4.465740,-9999.000000,0.004430,0.210900,19.500000
11.000000,20,2022/05/25 13:38:15,-0.015540,4.609660,-9999.000000,0.007000,0.333130,19.500000
5.250000,32,2022/05/25 13:40:25,5.886890,4.123960,-9999.000000,0.004230,0.364500,19.500000
5.250000,32,2022/05/25 13:41:50,5.006110,3.871960,-9999.000000,0.005000,0.379900,19.500000
8.000000,60-3,2022/05/25 10:28:24,-18.597280,0.285150,-9999.000000,0.001000,0.121700,17.300000
8.000000,60-3,2022/05/25 10:29:50,12.814830,4.731020,-9999.000000,0.001000,0.116350,17.300000
8.000000,60-4,2022/05/25 10:31:20,-0.181000,3.478320,-9999.000000,0.001000,0.111800,17.285000
8.000000,60-4,2022/05/25 10:32:46,-0.244940,2.872740,-9999.000000,0.001000,0.103250,17.200000
8.250000,85,2022/05/25 10:34:27,0.000000,0.000000,-9999.000000,0.001000,0.084870,17.226670
8.250000,85,2022/05/25 10:35:53,-0.401170,4.091160,-9999.000000,0.001000,0.082500,17.300000
9.130000,58,2022/05/25 10:37:56,-0.033040,2.255540,-9999.000000,0.001000,0.092000,17.275000
9.130000,58,2022/05/25 10:39:21,-0.063410,3.238070,-9999.000000,0.000170,0.102500,17.283330
9.880000,41,2022/05/25 10:41:37,-0.609230,6.975930,-9999.000000,0.000000,0.094300,17.243330
9.880000,41,2022/05/25 10:43:03,-0.545200,5.841750,-9999.000000,0.000000,0.094270,17.300000
8.500000,87,2022/05/25 10:45:09,0.000000,0.000000,-9999.000000,0.000970,0.099870,17.296670
8.500000,87,2022/05/25 10:46:34,-0.433570,4.423410,-9999.000000,0.001000,0.104150,17.200000
8.130000,59,2022/05/25 10:48:39,-0.229640,4.343780,-9999.000000,0.001000,0.104800,17.246670
8.130000,59,2022/05/25 10:50:05,0.000000,0.000000,-9999.000000,0.001000,0.095500,17.300000
9.250000,53,2022/05/25 10:52:00,-0.026190,4.637280,-9999.000000,0.000820,0.099820,17.300000
9.250000,53,2022/05/25 10:53:26,0.025730,3.422840,-9999.000000,0.001000,0.107000,17.300000
10.500000,42,2022/05/25 10:55:18,-1.018620,7.220120,-9999.000000,0.001000,0.093470,17.300000
10.500000,42,2022/05/25 10:56:44,-0.834010,5.859860,-9999.000000,0.001000,0.097550,17.300000
7.500000,55,2022/05/25 10:58:30,-0.174190,2.857090,-9999.000000,0.000320,0.034520,17.300000
7.500000,55,2022/05/25 10:59:55,-0.166450,3.132190,-9999.000000,0.001000,0.110470,17.300000
7.750000,43,2022/05/25 11:01:39,-0.381590,3.765920,-9999.000000,0.000000,0.044800,17.300000
7.750000,43,2022/05/25 11:03:04,-0.447570,3.984490,-9999.000000,0.000000,0.096880,17.300000
10.250000,86,2022/05/25 11:05:09,-0.245720,3.031920,-9999.000000,0.000000,0.101870,17.300000
10.250000,86,2022/05/25 11:06:35,-0.248530,3.265450,-9999.000000,0.001000,0.103600,17.300000
8.250000,54,2022/05/25 11:08:38,-1.006310,8.706210,-9999.000000,0.000450,0.038700,17.300000
8.250000,54,2022/05/25 11:10:04,-0.908470,7.325540,-9999.000000,0.001000,0.086880,17.476670
9.380000,56,2022/05/25 11:11:51,-0.215110,4.151820,-9999.000000,0.001000,0.108670,17.433330
9.380000,56,2022/05/25 11:13:16,-0.220160,3.835450,-9999.000000,0.002000,0.136170,17.483330
8.380000,44,2022/05/25 11:15:04,-0.730610,8.788750,-9999.000000,0.000230,0.078330,17.476670
8.380000,44,2022/05/25 11:16:29,-0.732410,8.111410,-9999.000000,0.000000,0.083600,17.700000
9.250000,88,2022/05/25 11:18:30,-0.290310,5.504950,-9999.000000,0.001000,0.106950,17.700000
9.250000,88,2022/05/25 11:19:55,-0.247890,4.348900,-9999.000000,0.001000,0.115600,17.700000
9.000000,57,2022/05/25 11:21:42,-0.171940,4.936210,-9999.000000,0.000520,0.041850,17.700000
9.000000,57,2022/05/25 11:23:08,-0.208140,4.488380,-9999.000000,0.001000,0.092400,17.985000
8.250000,68,2022/05/25 11:25:17,-0.073800,2.573570,-9999.000000,0.001100,0.146100,18.000000
8.250000,68,2022/05/25 11:26:43,-0.043790,2.463380,-9999.000000,0.002000,0.165070,18.000000
8.630000,84,2022/05/25 11:28:27,-0.493450,5.982370,-9999.000000,0.002730,0.151270,18.000000
8.630000,84,2022/05/25 11:29:52,-0.529390,5.751390,-9999.000000,0.002680,0.159520,18.000000
8.500000,40,2022/05/25 11:32:33,-0.328900,5.603390,-9999.000000,0.001100,0.055370,18.000000
8.500000,40,2022/05/25 11:33:58,-0.222890,4.497860,-9999.000000,0.003000,0.156480,18.000000
9.130000,45,2022/05/25 11:35:43,-0.153510,5.589340,-9999.000000,0.002670,0.123200,18.000000
9.130000,45,2022/05/25 11:37:09,-0.097570,4.161190,-9999.000000,0.005000,0.230030,18.000000
8.250000,67,2022/05/25 11:39:00,-0.272370,4.867700,-9999.000000,0.003370,0.187900,18.200000
8.250000,67,2022/05/25 11:40:25,-0.235140,3.989870,-9999.000000,0.004230,0.192330,18.200000
9.880000,65,2022/05/25 11:42:07,-0.110510,2.520530,-9999.000000,0.005000,0.206530,18.200000
9.880000,65,2022/05/25 11:43:33,-0.096370,2.959220,-9999.000000,0.007000,0.212200,18.200000
9.130000,46,2022/05/25 11:45:57,-0.274620,6.591590,-9999.000000,0.004600,0.195500,18.200000
9.130000,46,2022/05/25 11:47:23,-0.300740,6.028380,-9999.000000,0.006000,0.257400,18.200000
8.500000,39,2022/05/25 11:49:30,-0.320610,8.168930,-9999.000000,0.003000,0.154470,18.263330
8.500000,39,2022/05/25 11:50:56,-0.186250,5.198830,-9999.000000,0.002250,0.152000,18.400000
8.750000,81,2022/05/25 11:52:42,-0.312080,4.507220,-9999.000000,0.002070,0.114700,18.600000
8.750000,81,2022/05/25 11:54:08,-0.305300,3.960090,-9999.000000,0.004950,0.236250,18.600000
10.250000,47,2022/05/25 11:56:05,-0.171460,4.751240,-9999.000000,0.003200,0.157900,18.600000
10.250000,47,2022/05/25 11:57:30,-0.129210,4.050690,-9999.000000,0.004000,0.164610,18.800000
9.250000,38,2022/05/25 11:59:37,-0.275790,4.695190,-9999.000000,0.002170,0.105730,18.800000
9.250000,38,2022/05/25 12:01:03,-0.255790,4.395000,-9999.000000,0.005000,0.253530,18.800000
8.000000,83,2022/05/25 12:02:43,-0.228410,3.527300,-9999.000000,0.006600,0.273070,18.693330
8.000000,83,2022/05/25 12:04:08,-0.253570,3.807390,-9999.000000,0.008950,0.299750,18.600000
9.130000,48,2022/05/25 12:05:44,-0.088170,2.541490,-9999.000000,0.009000,0.274400,18.510000
9.130000,48,2022/05/25 12:07:09,-0.068070,2.607840,-9999.000000,0.009000,0.255830,18.600000
8.250000,66,2022/05/25 12:08:58,0.017680,1.568820,-9999.000000,0.008220,0.282150,18.556670
8.250000,66,2022/05/25 12:10:24,0.216370,-0.467920,-9999.000000,0.008220,0.296870,18.400000
8.250000,82,2022/05/25 12:12:16,0.000000,0.000000,-9999.000000,0.008080,0.267920,18.400000
8.250000,82,2022/05/25 12:13:42,-0.502070,6.018140,-9999.000000,0.009000,0.281620,18.400000
9.000000,37,2022/05/25 12:15:37,-0.177790,2.303410,-9999.000000,0.033430,0.389130,18.400000
9.000000,37,2022/05/25 12:17:03,-0.495520,2.224530,-9999.000000,0.034000,0.391470,18.400000
8.000000,51,2022/05/25 12:19:26,1.978760,2.299000,-9999.000000,0.001750,0.086750,18.400000
8.000000,51,2022/05/25 12:20:51,2.290850,2.033680,-9999.000000,0.004000,0.349670,18.400000
9.000000,61,2022/05/25 12:22:50,-0.089140,3.056150,-9999.000000,0.004550,0.208650,18.400000
9.000000,61,2022/05/25 12:24:16,-0.106520,3.627160,-9999.000000,0.006080,0.323000,18.400000
8.380000,31,2022/05/25 12:25:52,-0.569340,4.393090,-9999.000000,0.004270,0.238950,18.536670
8.380000,31,2022/05/25 12:27:18,0.000000,0.000000,-9999.000000,0.004000,0.203350,18.800000
8.750000,3,2022/05/25 12:29:09,0.000000,0.000000,-9999.000000,0.004970,0.291070,18.800000
8.750000,3,2022/05/25 12:30:35,-0.057420,4.765320,-9999.000000,0.006000,0.297200,18.800000
8.380000,70,2022/05/25 12:32:26,1.034880,5.084950,-9999.000000,0.005000,0.320500,18.825000
8.380000,70,2022/05/25 12:33:51,0.024560,4.666490,-9999.000000,0.005000,0.329670,18.900000
9.000000,693,2022/05/25 12:35:51,1701.458620,1.448610,-9999.000000,0.004000,0.263330,18.700000
9.000000,693,2022/05/25 12:37:16,128.001840,1.748240,-9999.000000,0.006080,0.403170,18.383330
8.130000,49,2022/05/25 12:39:14,93.875800,0.258960,-9999.000000,0.038300,0.458100,18.010000
8.130000,49,2022/05/25 12:40:39,22.164100,0.269160,-9999.000000,0.006000,0.422000,18.200000
7.630000,18,2022/05/25 12:42:38,0.265810,4.225250,-9999.000000,0.009100,0.172700,18.200000
7.630000,18,2022/05/25 12:44:03,0.792350,4.261040,-9999.000000,0.019000,0.365600,18.200000
6.630000,62,2022/05/25 12:45:59,25.690750,4.354990,-9999.000000,0.024200,0.348200,18.200000
6.630000,62,2022/05/25 12:47:24,35.541500,3.964230,-9999.000000,0.029000,0.431350,18.200000
7.630000,71,2022/05/25 12:50:26,17.821900,5.217630,-9999.000000,0.040000,0.412000,18.250000
7.630000,71,2022/05/25 12:51:52,16.857180,4.147480,-9999.000000,0.014720,0.306080,18.400000
8.630000,639,2022/05/25 12:54:09,8.020730,1.987360,-9999.000000,0.005430,0.330770,18.600000
8.630000,639,2022/05/25 12:55:35,13.822160,2.080850,-9999.000000,0.023200,0.374000,18.520000
8.880000,17,2022/05/25 12:57:30,1.715090,2.185920,-9999.000000,0.001950,0.098480,18.463330
8.880000,17,2022/05/25 12:58:56,1.266490,1.862120,-9999.000000,0.004000,0.313250,18.600000
7.380000,72,2022/05/25 13:01:20,1.234170,3.239070,-9999.000000,0.005000,0.312300,18.630000
7.380000,72,2022/05/25 13:02:46,1.774990,2.931220,-9999.000000,0.005000,0.314000,18.800000
8.130000,19,2022/05/25 13:05:40,-0.501710,2.851230,-9999.000000,0.005000,0.300870,18.800000
8.130000,19,2022/05/25 13:07:05,0.303830,2.422490,-9999.000000,0.005900,0.307700,18.800000
8.630000,64,2022/05/25 13:08:56,1.148580,2.185550,-9999.000000,0.008250,0.347500,18.800000
8.630000,64,2022/05/25 13:10:21,0.780900,1.727510,-9999.000000,0.010000,0.360330,18.800000
9.000000,4,2022/05/25 13:12:39,0.318150,5.524950,-9999.000000,0.022000,0.381470,18.800000
9.000000,4,2022/05/25 13:14:05,0.277030,4.590440,-9999.000000,0.006000,0.344700,18.800000
7.630000,52,2022/05/25 13:16:51,22.924530,1.604860,-9999.000000,0.004670,0.265330,18.866670
7.630000,52,2022/05/25 13:18:17,16.241520,1.568030,-9999.000000,0.007000,0.398100,19.120000
8.880000,29,2022/05/25 13:20:16,26.836300,0.876630,-9999.000000,0.004080,0.428420,19.516670
8.880000,29,2022/05/25 13:21:42,20.769840,0.808900,-9999.000000,0.032900,0.503270,19.700000
6.250000,50,2022/05/25 13:24:26,28.441930,1.214230,-9999.000000,0.047250,0.502750,19.600000
6.250000,50,2022/05/25 13:25:51,19.524820,1.026740,-9999.000000,0.046660,0.519020,19.300000
9.380000,2,2022/05/25 13:28:55,2.171640,4.574760,-9999.000000,0.026400,0.340600,19.100000
9.380000,2,2022/05/25 13:30:21,1.549080,4.218270,-9999.000000,0.037170,0.468000,19.133330
6.880000,30,2022/05/25 13:32:56,-0.000470,4.224700,-9999.000000,0.000750,0.090000,19.300000
6.880000,30,2022/05/25 13:34:22,0.071200,3.954630,-9999.000000,0.001000,0.122000,19.300000
11.000000,20,2022/05/25 13:36:49,-0.095140,4.465740,-9999.000000,0.004430,0.210900,19.500000
11.000000,20,2022/05/25 13:38:15,-0.015540,4.609660,-9999.000000,0.007000,0.333130,19.500000
5.250000,32,2022/05/25 13:40:25,5.886890,4.123960,-9999.000000,0.004230,0.364500,19.500000
5.250000,32,2022/05/25 13:41:50,5.006110,3.871960,-9999.000000,0.005000,0.379900,19.500000
5.600000,Test2,2022/06/08 11:27:26,-9999.000000,-9999.000000,-9999.000000,0.016480,0.359030,25.021670
8.500000,39,2022/06/08 11:33:30,-0.334680,7.277750,-9999.000000,0.016790,0.358210,24.582000
8.500000,39,2022/06/08 11:36:26,-0.408580,6.705670,-9999.000000,0.017000,0.358000,24.326670
8.750000,81,2022/06/08 11:40:01,-0.721740,7.336360,-9999.000000,0.015000,0.296500,24.200000
8.750000,81,2022/06/08 11:42:27,-0.707630,6.879710,-9999.000000,0.015000,0.298280,23.985000
10.250000,47,2022/06/08 11:45:05,-0.302610,9.070850,-9999.000000,0.024470,0.370630,23.793330
10.250000,47,2022/06/08 11:47:30,-0.325020,8.533400,-9999.000000,0.024000,0.373000,23.700000
9.250000,38,2022/06/08 11:50:15,-0.404060,6.655520,-9999.000000,0.015620,0.311380,23.500000
9.250000,38,2022/06/08 11:52:40,-0.405640,5.850260,-9999.000000,0.016000,0.310350,23.500000
8.000000,83,2022/06/08 11:55:23,-0.897020,8.511380,-9999.000000,0.009570,0.149330,23.500000
8.000000,83,2022/06/08 11:57:49,-0.816180,7.618960,-9999.000000,0.014400,0.216900,23.500000
9.130000,48,2022/06/08 12:00:38,-0.302850,5.144790,-9999.000000,0.011070,0.160610,23.500000
9.130000,48,2022/06/08 12:03:03,-0.281450,4.592940,-9999.000000,0.010000,0.156080,23.500000
8.750000,60,2022/06/08 12:05:56,-0.443570,5.292660,-9999.000000,0.018120,0.245880,23.500000
8.750000,60,2022/06/08 12:08:22,-0.430490,5.171950,-9999.000000,0.019830,0.253480,23.700000
8.250000,82,2022/06/08 12:11:14,-1.169550,9.398070,-9999.000000,0.026470,0.356040,23.800000
8.250000,82,2022/06/08 12:13:39,0.000000,0.000000,-9999.000000,0.022330,0.332550,23.700000
9.000000,37,2022/06/08 12:16:36,-0.869030,8.581720,-9999.000000,0.010290,0.214830,23.700000
9.000000,37,2022/06/08 12:19:02,-0.744950,7.952570,-9999.000000,0.012500,0.273500,23.500000
9.130000,46,2022/06/08 12:22:06,-1.124980,13.115370,-9999.000000,0.018500,0.287000,23.700000
9.130000,46,2022/06/08 12:24:31,-1.045010,11.347490,-9999.000000,0.018250,0.288240,23.748740
9.000000,57,2022/06/08 12:27:28,-1.040090,8.460730,-9999.000000,0.018230,0.284270,23.855000
9.000000,57,2022/06/08 12:29:53,-0.846300,6.546770,-9999.000000,0.019000,0.283570,23.700000
9.880000,65,2022/06/08 12:32:50,-0.556880,8.885230,-9999.000000,0.024450,0.302480,23.700000
9.880000,65,2022/06/08 12:35:16,-0.411200,6.598850,-9999.000000,0.024870,0.305370,23.700000
9.130000,45,2022/06/08 12:38:12,-0.343550,8.280480,-9999.000000,0.033180,0.353590,23.879490
9.130000,45,2022/06/08 12:40:39,-0.214820,5.988760,-9999.000000,0.033770,0.358220,23.700000
8.500000,40,2022/06/08 12:43:22,-1.038790,17.865490,-9999.000000,0.028670,0.263220,23.835000
8.500000,40,2022/06/08 12:45:48,-0.924030,15.704840,-9999.000000,0.041000,0.387390,24.017500
8.630000,84,2022/06/08 12:48:33,-1.030960,10.738940,-9999.000000,0.022000,0.282900,24.630000
8.630000,84,2022/06/08 12:50:59,0.000000,0.000000,-9999.000000,0.042750,0.391980,24.700000
8.250000,68,2022/06/08 12:53:48,-0.361710,6.082580,-9999.000000,0.038650,0.387840,24.878330
8.250000,68,2022/06/08 12:56:13,-0.346550,5.914590,-9999.000000,0.038500,0.387500,24.900000
9.380000,2,2022/06/10 10:01:35,0.226090,3.175950,-9999.000000,0.007240,0.306500,22.400000
9.380000,2,2022/06/10 10:03:41,0.046590,3.066350,-9999.000000,0.008890,0.370000,22.075000
8.630000,64,2022/06/10 10:06:19,0.275160,2.929720,-9999.000000,0.005430,0.249310,22.034000
8.630000,64,2022/06/10 10:08:25,0.207840,2.759140,-9999.000000,0.009000,0.373260,22.074000
9.000000,4,2022/06/10 10:10:47,-0.436950,6.814720,-9999.000000,0.008050,0.323450,21.970000
9.000000,4,2022/06/10 10:12:53,0.076660,4.900630,-9999.000000,0.008410,0.322000,22.018000
6.250000,50,2022/06/10 10:15:48,55.202620,0.780200,-9999.000000,0.011880,0.429960,21.900000
6.250000,50,2022/06/10 10:17:54,44.724780,0.707060,-9999.000000,0.012000,0.434840,21.816000
8.880000,29,2022/06/10 10:20:38,29.309320,1.013710,-9999.000000,0.012040,0.395600,21.276000
8.880000,29,2022/06/10 10:22:43,9.847060,0.939960,-9999.000000,0.014000,0.460000,21.038000
7.630000,52,2022/06/10 10:25:19,122.971680,1.856090,-9999.000000,0.010050,0.310350,20.766000
7.630000,52,2022/06/10 10:27:24,47.029580,1.770820,-9999.000000,0.015720,0.465720,20.700000
7.380000,72,2022/06/10 10:30:43,0.889480,4.208470,-9999.000000,0.007280,0.315170,20.700000
7.380000,72,2022/06/10 10:32:49,1.859420,3.686260,-9999.000000,0.008970,0.347600,20.700000
8.130000,19,2022/06/10 10:35:21,0.036460,3.613390,-9999.000000,0.008000,0.366780,20.718000
8.130000,19,2022/06/10 10:37:27,0.668930,3.064890,-9999.000000,0.008000,0.366200,20.780000
6.880000,30,2022/06/10 10:41:35,-0.039830,4.877060,-9999.000000,0.019690,0.337210,20.900000
6.880000,30,2022/06/10 10:43:40,-0.057830,4.650410,-9999.000000,0.023000,0.407600,20.900000
11.000000,20,2022/06/10 10:46:33,-0.033890,4.447620,-9999.000000,0.012960,0.218910,21.062000
11.000000,20,2022/06/10 10:48:38,-0.041870,4.340940,-9999.000000,0.016000,0.273580,21.272000
5.250000,32,2022/06/10 10:51:26,0.469650,3.823110,-9999.000000,0.006700,0.201180,21.528000
5.250000,32,2022/06/10 10:53:32,0.535190,4.028450,-9999.000000,0.005000,0.269000,21.700000
6.630000,62,2022/06/10 10:57:45,41.904080,11.528350,-9999.000000,0.011840,0.435010,21.952000
6.630000,62,2022/06/10 10:59:51,17.286120,5.318960,-9999.000000,0.013600,0.450550,22.397000
7.630000,71,2022/06/10 11:02:25,339.504050,6.335870,-9999.000000,0.008890,0.320210,22.400000
7.630000,71,2022/06/10 11:04:31,248.452150,5.771470,-9999.000000,0.012810,0.437380,22.400000
8.880000,17,2022/06/10 11:08:15,1.729120,2.857620,-9999.000000,0.007630,0.367100,22.400000
8.880000,17,2022/06/10 11:10:21,1.582950,2.789390,-9999.000000,0.009650,0.373470,22.400000
8.630000,639,2022/06/10 11:13:25,7.255170,3.962260,-9999.000000,0.033810,0.473350,22.546000
8.630000,639,2022/06/10 11:15:31,7.945290,3.753370,-9999.000000,0.017870,0.443710,22.442000
7.630000,18,2022/06/10 11:18:53,0.104380,4.199680,-9999.000000,0.012000,0.362000,22.400000
7.630000,18,2022/06/10 11:20:58,0.106810,3.447470,-9999.000000,0.011000,0.364000,22.600000
8.380000,70,2022/06/10 11:24:33,0.775890,7.464260,-9999.000000,0.022680,0.412110,22.638000
8.380000,70,2022/06/10 11:26:39,1.179880,8.098640,-9999.000000,0.028000,0.510460,22.546000
9.000000,693,2022/06/10 11:29:18,2047.557170,1.624880,-9999.000000,0.019800,0.310680,22.532000
9.000000,693,2022/06/10 11:31:24,231.764870,1.742990,-9999.000000,0.026280,0.467280,22.600000
8.130000,49,2022/06/10 11:34:16,49.195200,1.374340,-9999.000000,0.044240,0.573600,22.388000
8.130000,49,2022/06/10 11:36:22,36.660200,1.274520,-9999.000000,0.030800,0.525000,22.100000
8.000000,51,2022/06/10 11:39:56,37.898080,4.227520,-9999.000000,0.018440,0.429880,22.012000
8.000000,51,2022/06/10 11:42:02,28.242320,3.899650,-9999.000000,0.019000,0.430000,21.900000
9.000000,61,2022/06/10 11:44:45,-0.141620,3.487350,-9999.000000,0.018930,0.352290,21.900000
9.000000,61,2022/06/10 11:46:51,-0.124280,3.590730,-9999.000000,0.018610,0.344220,22.098000
8.380000,31,2022/06/10 11:49:27,-0.405190,5.931250,-9999.000000,0.012600,0.255300,22.400000
8.380000,31,2022/06/10 11:51:32,-0.387110,5.571480,-9999.000000,0.016800,0.343200,22.440000
8.750000,3,2022/06/10 11:54:20,-0.244780,5.797420,-9999.000000,0.008840,0.188360,22.616000
8.750000,3,2022/06/10 11:56:25,-0.320510,6.040700,-9999.000000,0.013600,0.275200,22.800000
8.750000,60,2022/06/10 12:01:05,-0.356030,5.136440,-9999.000000,0.029530,0.310300,22.800000
8.750000,60,2022/06/10 12:03:11,-0.384990,4.828050,-9999.000000,0.030590,0.315230,22.600000
8.250000,85,2022/06/10 12:05:56,-0.682790,6.473680,-9999.000000,0.016000,0.304000,22.600000
8.250000,85,2022/06/10 12:08:01,-0.648670,6.069920,-9999.000000,0.015500,0.303990,22.400000
9.130000,58,2022/06/10 12:10:25,-0.117560,4.708500,-9999.000000,0.018980,0.259330,22.426000
9.130000,58,2022/06/10 12:12:30,-0.089590,4.193710,-9999.000000,0.026000,0.361000,22.600000
9.880000,41,2022/06/10 12:15:11,-0.644820,6.770140,-9999.000000,0.016590,0.325080,22.600000
9.880000,41,2022/06/10 12:17:16,-0.622320,6.374240,-9999.000000,0.017640,0.332080,22.592000
8.500000,87,2022/06/10 12:19:57,-0.511270,5.649320,-9999.000000,0.028000,0.373550,22.400000
8.500000,87,2022/06/10 12:22:01,0.000000,0.000000,-9999.000000,0.028000,0.376000,22.400000
8.130000,59,2022/06/10 12:24:34,-0.419620,6.050830,-9999.000000,0.033140,0.403060,22.400000
8.130000,59,2022/06/10 12:26:39,-0.370520,5.091380,-9999.000000,0.035000,0.409000,22.574000
9.250000,53,2022/06/10 12:29:18,-0.173810,4.159580,-9999.000000,0.022500,0.278400,22.612000
9.250000,53,2022/06/10 12:31:23,-0.140470,4.121210,-9999.000000,0.035000,0.421430,22.657430
8.250000,54,2022/06/10 12:33:43,-1.425260,10.060800,-9999.000000,0.017710,0.270030,22.782000
8.250000,54,2022/06/10 12:35:48,-1.307930,9.203540,-9999.000000,0.016000,0.255000,22.728000
9.380000,56,2022/06/10 12:38:07,-0.507350,6.924690,-9999.000000,0.039000,0.417450,22.600000
9.380000,56,2022/06/10 12:40:12,-0.488230,6.572420,-9999.000000,0.038000,0.421000,22.400000
8.380000,44,2022/06/10 12:42:28,-0.608380,8.042350,-9999.000000,0.035800,0.426840,22.400000
8.380000,44,2022/06/10 12:44:33,-0.547220,7.148460,-9999.000000,0.034810,0.432000,22.400000
9.250000,88,2022/06/10 12:46:51,-0.334610,5.705610,-9999.000000,0.036980,0.418890,22.478000
9.250000,88,2022/06/10 12:48:57,0.000000,0.000000,-9999.000000,0.038000,0.423000,22.600000
9.000000,57,2022/06/10 12:51:15,-0.232360,4.708820,-9999.000000,0.020820,0.242550,22.732000
9.000000,57,2022/06/10 12:53:21,-0.229220,4.556280,-9999.000000,0.034090,0.385000,23.000000
10.250000,86,2022/06/10 12:55:39,-0.418000,5.234690,-9999.000000,0.034400,0.403270,23.000000
10.250000,86,2022/06/10 12:57:44,-0.359530,4.584590,-9999.000000,0.034080,0.408760,23.000000
10.500000,42,2022/06/10 13:00:17,-1.374520,10.611310,-9999.000000,0.020000,0.303300,23.015000
10.500000,42,2022/06/10 13:02:23,-1.239610,9.054750,-9999.000000,0.020000,0.305310,23.300000
7.500000,55,2022/06/10 13:04:44,-0.168950,3.991860,-9999.000000,0.019080,0.314200,23.364000
7.500000,55,2022/06/10 13:06:50,-0.166840,3.832240,-9999.000000,0.019380,0.314020,23.500000
7.750000,43,2022/06/10 13:09:01,-0.339540,7.685250,-9999.000000,0.020510,0.361590,23.500000
7.750000,43,2022/06/10 13:11:07,-0.318340,7.358530,-9999.000000,0.019550,0.354100,23.810000
5.600000,Test,2022/06/15 09:02:26,-9999.000000,-9999.000000,-9999.000000,0.000000,0.000000,25.600000
5.600000,Test,2022/06/15 09:04:26,-9999.000000,-9999.000000,-9999.000000,0.000000,0.000000,25.600000
8.750000,60,2022/06/15 09:16:01,-9999.000000,-9999.000000,-9999.000000,0.013440,0.234360,25.480000
8.750000,60,2022/06/15 09:18:06,-9999.000000,-9999.000000,-9999.000000,0.016290,0.281090,24.864000
8.000000,60-2,2022/06/15 09:20:58,-0.164000,5.473840,-9999.000000,0.019830,0.290080,24.175000
8.000000,60-2,2022/06/15 09:23:03,-0.179900,4.767570,-9999.000000,0.020140,0.289620,23.848000
8.250000,85,2022/06/15 09:25:48,-0.616890,7.320340,-9999.000000,0.017750,0.288750,23.536000
8.250000,85,2022/06/15 09:27:53,-0.558940,6.465760,-9999.000000,0.024240,0.400440,23.072000
9.130000,58,2022/06/15 09:30:29,-0.126310,6.419700,-9999.000000,0.022920,0.352760,23.000000
9.130000,58,2022/06/15 09:32:34,0.008760,5.239620,-9999.000000,0.024140,0.355270,22.886000
8.130000,59,2022/06/15 09:35:12,-0.356850,7.715290,-9999.000000,0.024100,0.331360,22.800000
8.130000,59,2022/06/15 09:37:17,-0.307630,5.890570,-9999.000000,0.025000,0.329600,22.800000
8.500000,87,2022/06/15 09:39:43,-0.543630,7.006730,-9999.000000,0.020460,0.273900,22.800000
8.500000,87,2022/06/15 09:41:48,-0.493420,6.305730,-9999.000000,0.031110,0.414780,22.800000
9.880000,41,2022/06/15 09:44:16,-0.555830,7.650680,-9999.000000,0.020120,0.351200,22.722000
9.880000,41,2022/06/15 09:46:22,-0.479320,6.306290,-9999.000000,0.020000,0.353550,22.600000
9.250000,53,2022/06/15 09:49:07,-0.472050,5.641980,-9999.000000,0.042200,0.452900,22.720000
9.250000,53,2022/06/15 09:51:12,-0.205910,4.827570,-9999.000000,0.044950,0.467000,22.530000
10.500000,42,2022/06/15 09:53:58,-1.263620,10.274050,-9999.000000,0.021720,0.306620,22.400000
10.500000,42,2022/06/15 09:56:02,-1.006230,9.928270,-9999.000000,0.017000,0.270700,22.518810
10.250000,86,2022/06/15 09:58:44,-0.399980,7.001020,-9999.000000,0.020100,0.261160,22.400000
10.250000,86,2022/06/15 10:00:50,-0.396210,5.413510,-9999.000000,0.030000,0.385810,22.426000
7.500000,55,2022/06/15 10:03:33,-0.191790,4.664500,-9999.000000,0.046000,0.461120,22.600000
7.500000,55,2022/06/15 10:05:39,-0.189890,4.530610,-9999.000000,0.045380,0.459860,22.400000
7.750000,43,2022/06/15 10:08:12,-0.549300,8.840780,-9999.000000,0.032650,0.435900,22.400000
7.750000,43,2022/06/15 10:10:17,0.000000,0.000000,-9999.000000,0.032400,0.435000,22.520000
8.250000,54,2022/06/15 10:12:44,-0.999940,9.003260,-9999.000000,0.015670,0.208510,22.600000
8.250000,54,2022/06/15 10:14:49,-0.923440,7.876610,-9999.000000,0.022000,0.313360,22.600000
9.380000,56,2022/06/15 10:17:40,-0.289570,5.923570,-9999.000000,0.028480,0.278180,22.600000
9.380000,56,2022/06/15 10:19:45,-0.310630,6.002520,-9999.000000,0.043400,0.438760,22.600000
8.380000,44,2022/06/15 10:22:17,-0.604500,8.523890,-9999.000000,0.030000,0.456000,22.680000
8.380000,44,2022/06/15 10:24:22,-0.576190,8.036970,-9999.000000,0.029450,0.459000,22.800000
9.250000,88,2022/06/15 10:26:48,0.042440,2.435770,-9999.000000,0.024250,0.317480,22.800000
9.250000,88,2022/06/15 10:28:53,-0.148530,4.269680,-9999.000000,0.034400,0.450280,22.800000
9.000000,57,2022/06/15 10:31:25,-0.207290,4.942940,-9999.000000,0.025000,0.392440,22.800000
9.000000,57,2022/06/15 10:33:30,-0.205660,4.745890,-9999.000000,0.025000,0.395590,22.800000
8.250000,66,2022/06/15 10:36:17,-0.168980,4.628580,-9999.000000,0.031000,0.423200,22.880000
8.250000,66,2022/06/15 10:38:23,-0.125550,4.612930,-9999.000000,0.031460,0.425000,23.000000
8.250000,82,2022/06/15 10:40:50,-0.489440,7.789940,-9999.000000,0.021950,0.306750,23.219000
8.250000,82,2022/06/15 10:42:55,0.000000,0.000000,-9999.000000,0.026000,0.383340,23.246000
9.000000,37,2022/06/15 10:45:22,-0.421240,5.956770,-9999.000000,0.018000,0.371700,23.300000
9.000000,37,2022/06/15 10:47:27,0.000000,0.000000,-9999.000000,0.018500,0.377000,23.300000
9.130000,48,2022/06/15 10:50:08,-0.122980,3.963850,-9999.000000,0.034470,0.375250,23.300000
9.130000,48,2022/06/15 10:52:13,-0.200130,2.197360,-9999.000000,0.036360,0.375880,23.192000
8.000000,83,2022/06/15 10:54:25,-0.154480,5.249750,-9999.000000,0.030480,0.413480,23.144000
8.000000,83,2022/06/15 10:56:30,0.127380,4.098710,-9999.000000,0.030530,0.416470,23.000000
9.250000,38,2022/06/15 10:59:01,-0.220080,5.587240,-9999.000000,0.031840,0.483680,23.000000
9.250000,38,2022/06/15 11:01:07,-0.229080,4.931900,-9999.000000,0.032000,0.496800,23.000000
10.250000,47,2022/06/15 11:03:46,-0.151280,7.505910,-9999.000000,0.031910,0.421340,23.000000
10.250000,47,2022/06/15 11:05:51,0.000000,0.000000,-9999.000000,0.031740,0.425000,23.000000
8.750000,81,2022/06/15 11:08:18,-0.356160,5.648180,-9999.000000,0.032000,0.463230,23.300000
8.750000,81,2022/06/15 11:10:23,-0.330900,5.078210,-9999.000000,0.032000,0.465000,23.162000
8.500000,39,2022/06/15 11:12:45,-0.306870,7.105200,-9999.000000,0.014280,0.293080,23.204000
8.500000,39,2022/06/15 11:14:50,-0.279120,5.986690,-9999.000000,0.021000,0.433190,23.300000
9.130000,46,2022/06/15 11:17:11,-0.406890,6.921260,-9999.000000,0.028860,0.419900,23.368000
9.130000,46,2022/06/15 11:19:16,-0.410530,6.888930,-9999.000000,0.029610,0.420170,23.500000
8.250000,67,2022/06/15 11:21:30,-0.470830,7.070280,-9999.000000,0.022000,0.339650,23.500000
8.250000,67,2022/06/15 11:23:35,-0.406660,5.149090,-9999.000000,0.022000,0.341580,23.500000
9.880000,65,2022/06/15 11:26:32,-0.094310,7.377700,-9999.000000,0.035550,0.466750,23.500000
9.880000,65,2022/06/15 11:28:37,-0.101070,5.746220,-9999.000000,0.036000,0.472000,23.300000
8.250000,68,2022/06/15 11:31:40,-0.056780,3.664470,-9999.000000,0.030240,0.330120,23.000000
8.250000,68,2022/06/15 11:33:45,-0.065360,3.636210,-9999.000000,0.048000,0.524000,23.000000
8.630000,84,2022/06/15 11:36:11,-0.609740,10.008660,-9999.000000,0.052360,0.506560,23.282000
8.630000,84,2022/06/15 11:38:17,-0.549880,8.256790,-9999.000000,0.052000,0.508000,23.300000
8.500000,40,2022/06/15 11:40:40,-0.825200,19.515790,-9999.000000,0.020160,0.257070,23.426000
8.500000,40,2022/06/15 11:42:45,-0.680100,15.810980,-9999.000000,0.032000,0.409000,23.500000
9.130000,45,2022/06/15 11:45:08,-0.098340,6.911020,-9999.000000,0.052930,0.512740,23.500000
9.130000,45,2022/06/15 11:47:13,-0.101640,5.246970,-9999.000000,0.055000,0.523000,23.308000
6.880000,30,2022/06/17 09:57:56,-0.174650,6.284250,-9999.000000,0.008400,0.354820,26.910000
6.880000,30,2022/06/17 10:00:02,-0.174070,5.904910,-9999.000000,0.008720,0.355560,26.380000
9.380000,2,2022/06/17 10:08:45,-0.060140,6.379380,-9999.000000,0.017600,0.482220,25.187000
9.380000,2,2022/06/17 10:10:50,-0.060060,5.733240,-9999.000000,0.017000,0.484000,24.916000
8.630000,64,2022/06/17 10:15:15,0.248300,4.384540,-9999.000000,0.016000,0.416410,24.577000
8.630000,64,2022/06/17 10:17:20,0.400210,3.945250,-9999.000000,0.016000,0.419000,24.400000
7.630000,52,2022/06/17 10:22:21,642.650990,1.613920,-9999.000000,0.043000,0.634000,24.306000
7.630000,52,2022/06/17 10:24:26,72.975380,1.353760,-9999.000000,0.045000,0.635000,24.044000
7.380000,72,2022/06/17 10:28:10,3.258960,5.692110,-9999.000000,0.025320,0.509640,24.080000
7.380000,72,2022/06/17 10:30:16,2.913330,5.041100,-9999.000000,0.026580,0.528580,23.900000
8.130000,19,2022/06/17 10:33:13,2.907980,5.354650,-9999.000000,0.023630,0.475540,24.197000
8.130000,19,2022/06/17 10:35:18,2.027720,4.432540,-9999.000000,0.023000,0.475000,23.900000
8.000000,64_2,2022/06/17 10:39:22,0.203680,4.212260,-9999.000000,0.022520,0.492520,24.056000
8.000000,64_2,2022/06/17 10:41:28,0.741910,3.680800,-9999.000000,0.022000,0.492000,23.900000
8.000000,51,2022/06/29 09:13:52,1.336280,7.861960,-9999.000000,0.015380,0.465240,23.572000
8.000000,51,2022/06/29 09:15:57,1.281050,7.993930,-9999.000000,0.015000,0.466000,23.085000
9.000000,61,2022/06/29 09:20:01,-0.152880,3.952200,-9999.000000,0.011360,0.250520,22.975000
9.000000,61,2022/06/29 09:22:06,-0.162460,3.648100,-9999.000000,0.016000,0.350290,23.642000
8.380000,31,2022/06/29 09:25:27,-0.548090,7.835930,-9999.000000,0.010390,0.183430,24.319190
8.380000,31,2022/06/29 09:27:33,-0.525890,6.604530,-9999.000000,0.010000,0.187720,24.200000
8.750000,3,2022/06/29 09:30:38,-0.376280,6.751800,-9999.000000,0.013000,0.261160,23.900000
8.750000,3,2022/06/29 09:32:43,-0.312930,6.396100,-9999.000000,0.011470,0.248860,23.900000
8.380000,70,2022/06/29 09:35:30,-0.063070,5.887880,-9999.000000,0.025400,0.402600,23.700000
8.380000,70,2022/06/29 09:37:36,0.064950,5.435260,-9999.000000,0.026540,0.413760,23.608000
9.000000,693,2022/06/29 09:40:47,715.966860,5.157790,-9999.000000,0.038570,0.539860,23.386000
9.000000,693,2022/06/29 09:42:52,352.827890,3.949010,-9999.000000,0.037380,0.540460,22.876000
8.130000,49,2022/06/29 09:45:48,15.383910,1.591030,-9999.000000,0.014500,0.260420,22.568000
8.130000,49,2022/06/29 09:47:54,53.035690,1.287220,-9999.000000,0.028000,0.478520,22.200000
7.630000,18,2022/06/29 09:51:00,-0.022550,3.986810,-9999.000000,0.009100,0.256900,21.900000
7.630000,18,2022/06/29 09:53:04,-0.013040,4.290610,-9999.000000,0.013740,0.367000,21.900000
5.250000,32,2022/06/29 09:55:44,0.262870,7.263330,-9999.000000,0.025000,0.477620,21.900000
5.250000,32,2022/06/29 09:57:50,0.292540,7.951750,-9999.000000,0.026000,0.476000,21.900000
6.630000,62,2022/06/29 10:01:15,2.532080,8.300370,-9999.000000,0.024650,0.403750,21.900000
6.630000,62,2022/06/29 10:03:21,2.220380,4.824550,-9999.000000,0.029000,0.475000,21.900000
7.630000,71,2022/06/29 10:06:47,8.545780,8.205340,-9999.000000,0.026570,0.454450,21.814000
7.630000,71,2022/06/29 10:08:53,9.448260,7.709790,-9999.000000,0.026970,0.448470,21.900000
8.630000,639,2022/06/29 10:12:12,3.913330,4.758190,-9999.000000,0.024880,0.423130,21.854460
8.630000,639,2022/06/29 10:14:18,3.964650,4.082320,-9999.000000,0.030120,0.512000,21.644000
8.880000,17,2022/06/29 10:16:51,1.054600,3.250960,-9999.000000,0.015600,0.396910,21.622000
8.880000,17,2022/06/29 10:18:56,1.058950,3.102140,-9999.000000,0.015000,0.403000,21.700000
7.380000,72,2022/06/29 10:21:52,2.257160,4.652800,-9999.000000,0.023160,0.382300,21.700000
7.380000,72,2022/06/29 10:23:57,1.866010,3.969390,-9999.000000,0.030070,0.463790,21.700000
8.130000,19,2022/06/29 10:26:39,0.037010,4.508700,-9999.000000,0.025000,0.453470,21.700000
8.130000,19,2022/06/29 10:28:44,0.313480,3.683210,-9999.000000,0.026000,0.452000,21.700000
9.380000,2,2022/06/29 10:32:03,-0.097520,5.426950,-9999.000000,0.019730,0.404230,21.700000
9.380000,2,2022/06/29 10:34:09,-0.087500,4.565310,-9999.000000,0.020000,0.401420,21.700000
8.630000,64,2022/06/29 10:37:49,-0.031810,3.952510,-9999.000000,0.030000,0.405180,21.582000
8.630000,64,2022/06/29 10:39:55,-0.080860,3.411810,-9999.000000,0.029950,0.404700,21.500000
9.000000,4,2022/06/29 10:43:18,0.799920,9.176630,-9999.000000,0.021720,0.369720,21.500000
9.000000,4,2022/06/29 10:45:24,-0.251280,6.483620,-9999.000000,0.024000,0.411180,21.500000
8.880000,29,2022/06/29 10:49:05,132.421780,0.873770,-9999.000000,0.032250,0.403500,21.470000
8.880000,29,2022/06/29 10:51:11,70.433560,0.857920,-9999.000000,0.043000,0.538000,21.300000
7.630000,52,2022/06/29 10:54:27,798.841330,2.033190,-9999.000000,0.049100,0.557380,21.106000
7.630000,52,2022/06/29 10:56:32,269.216050,1.910170,-9999.000000,0.050000,0.574000,21.100000
6.250000,50,2022/06/29 10:59:57,8.030900,0.794340,-9999.000000,0.022920,0.344840,21.086000
6.250000,50,2022/06/29 11:02:02,4.842580,0.757570,-9999.000000,0.035880,0.512000,20.900000
11.000000,20,2022/06/29 11:05:47,0.077200,4.737990,-9999.000000,0.023570,0.381860,21.214000
11.000000,20,2022/06/29 11:07:53,0.074330,4.512330,-9999.000000,0.024260,0.383800,21.506000
6.880000,30,2022/06/29 11:10:14,-0.090620,5.774520,-9999.000000,0.017440,0.381280,21.988000
6.880000,30,2022/06/29 11:12:20,-0.057760,5.756810,-9999.000000,0.016000,0.383200,22.640000
9.000000,57,2022/06/29 11:15:52,-0.136530,4.610750,-9999.000000,0.021720,0.229960,23.000000
9.000000,57,2022/06/29 11:17:58,-0.158540,4.499890,-9999.000000,0.035320,0.370040,23.000000
9.250000,88,2022/06/29 11:20:30,-0.349230,5.464620,-9999.000000,0.036600,0.403000,23.000000
9.250000,88,2022/06/29 11:22:36,-0.341800,5.139960,-9999.000000,0.036460,0.403000,22.800000
8.380000,44,2022/06/29 11:26:02,-0.641140,7.495290,-9999.000000,0.024360,0.255960,22.800000
8.380000,44,2022/06/29 11:28:08,-0.600310,7.080450,-9999.000000,0.033000,0.357820,22.800000
9.380000,56,2022/06/29 11:30:30,-0.871190,8.020540,-9999.000000,0.031600,0.341200,22.800000
9.380000,56,2022/06/29 11:32:36,-0.795620,7.317700,-9999.000000,0.032000,0.342000,22.800000
8.250000,54,2022/06/29 11:35:14,-1.206010,9.056480,-9999.000000,0.002080,0.018880,22.800000
8.250000,54,2022/06/29 11:37:20,-1.016980,7.462920,-9999.000000,0.000000,0.000000,22.980000
9.250000,53,2022/06/29 11:40:58,-0.233910,4.818640,-9999.000000,0.038400,0.377040,23.096000
9.250000,53,2022/06/29 11:43:03,-0.203870,4.398030,-9999.000000,0.039000,0.380320,22.854000
10.500000,42,2022/06/29 11:46:43,-1.204040,10.996460,-9999.000000,0.023000,0.339300,22.600000
10.500000,42,2022/06/29 11:48:48,-1.109230,9.921250,-9999.000000,0.023000,0.344740,22.600000
10.250000,86,2022/06/29 11:51:22,-0.387110,5.036500,-9999.000000,0.027600,0.361840,22.784000
10.250000,86,2022/06/29 11:53:28,-0.372700,4.704590,-9999.000000,0.028000,0.361000,22.724000
7.500000,55,2022/06/29 11:55:55,-0.216090,4.543550,-9999.000000,0.014950,0.210600,22.945000
7.500000,55,2022/06/29 11:58:01,-0.223030,4.744550,-9999.000000,0.023000,0.329680,23.442000
7.750000,43,2022/06/29 12:00:14,-0.540040,7.887560,-9999.000000,0.028880,0.387320,23.548000
7.750000,43,2022/06/29 12:02:20,-0.514150,7.371050,-9999.000000,0.030000,0.400300,23.640000
9.130000,58,2022/06/29 12:04:41,-0.146920,5.209740,-9999.000000,0.027490,0.398530,23.802000
9.130000,58,2022/06/29 12:06:46,-0.110830,4.426100,-9999.000000,0.027560,0.400000,24.068000
8.250000,85,2022/06/29 12:09:06,-1.077450,8.045940,-9999.000000,0.018600,0.336840,24.200000
8.250000,85,2022/06/29 12:11:12,-1.033040,7.468180,-9999.000000,0.018000,0.345440,24.200000
8.750000,60,2022/06/29 12:13:30,-0.758680,5.806210,-9999.000000,0.024000,0.264200,24.200000
8.750000,60,2022/06/29 12:15:36,-0.661160,5.264990,-9999.000000,0.024000,0.266000,24.292000
8.130000,59,2022/06/29 12:18:38,-0.551810,6.518520,-9999.000000,0.039520,0.397440,24.304000
8.130000,59,2022/06/29 12:20:44,-0.498420,5.799800,-9999.000000,0.039460,0.400620,24.200000
8.500000,87,2022/06/29 12:23:04,-0.658690,6.460600,-9999.000000,0.017620,0.283840,24.158000
8.500000,87,2022/06/29 12:25:10,-0.655930,6.338350,-9999.000000,0.023200,0.386000,24.140000
9.880000,41,2022/06/29 12:27:28,0.000000,0.000000,-9999.000000,0.019480,0.360300,24.086000
9.880000,41,2022/06/29 12:29:34,-0.601770,6.419220,-9999.000000,0.019560,0.361880,23.900000
8.250000,68,2022/07/01 09:15:30,-0.459420,6.066250,-9999.000000,0.022000,0.327440,27.128000
8.250000,68,2022/07/01 09:17:36,-0.439980,5.816690,-9999.000000,0.022900,0.329000,26.372000
8.630000,84,2022/07/01 09:20:25,-1.418070,10.126890,-9999.000000,0.023520,0.295640,25.909000
8.630000,84,2022/07/01 09:22:31,-1.325470,8.856190,-9999.000000,0.029850,0.373550,25.550000
8.500000,40,2022/07/01 09:25:08,-2.779040,44.270420,-9999.000000,0.032620,0.297560,25.524000
8.500000,40,2022/07/01 09:27:14,-1.601190,27.584310,-9999.000000,0.032400,0.301810,25.466000
9.130000,45,2022/07/01 09:29:47,-0.269150,6.235010,-9999.000000,0.039410,0.381590,25.277000
9.130000,45,2022/07/01 09:31:53,-0.253610,5.209590,-9999.000000,0.039460,0.384540,24.900000
8.250000,67,2022/07/01 09:34:24,-1.116110,7.741030,-9999.000000,0.017760,0.226620,24.820000
8.250000,67,2022/07/01 09:36:30,-0.897030,6.141200,-9999.000000,0.022000,0.288160,24.700000
9.880000,65,2022/07/01 09:39:06,-0.804020,10.285690,-9999.000000,0.024000,0.271050,24.700000
9.880000,65,2022/07/01 09:41:12,-0.521840,7.139830,-9999.000000,0.024000,0.275320,24.700000
9.130000,46,2022/07/01 09:44:04,-1.165430,10.832590,-9999.000000,0.028420,0.337260,24.700000
9.130000,46,2022/07/01 09:46:10,-1.148650,9.992800,-9999.000000,0.028600,0.332740,24.691000
8.750000,81,2022/07/01 09:48:43,-0.925180,8.324410,-9999.000000,0.018770,0.317010,24.688000
8.750000,81,2022/07/01 09:50:48,-0.880340,7.805960,-9999.000000,0.019430,0.319000,24.400000
8.500000,39,2022/07/01 09:53:14,-0.609690,8.304200,-9999.000000,0.002720,0.056960,24.400000
8.500000,39,2022/07/01 09:55:20,-0.583180,7.706030,-9999.000000,0.004000,0.084680,24.622000
10.250000,47,2022/07/01 09:57:52,-0.532890,11.274170,-9999.000000,0.023000,0.293000,24.700000
10.250000,47,2022/07/01 09:59:58,-0.444590,9.278880,-9999.000000,0.023000,0.293520,24.700000
9.250000,38,2022/07/01 10:02:23,-0.537150,7.504970,-9999.000000,0.028390,0.329160,24.469000
9.250000,38,2022/07/01 10:04:29,-0.507210,6.741970,-9999.000000,0.030230,0.341540,24.400000
8.000000,83,2022/07/01 10:06:45,-1.154240,8.589220,-9999.000000,0.022480,0.252280,24.517000
8.000000,83,2022/07/01 10:08:51,-1.163100,8.180110,-9999.000000,0.023000,0.252000,24.700000
9.130000,48,2022/07/01 10:11:13,-0.380160,5.213490,-9999.000000,0.015730,0.169700,24.700000
9.130000,48,2022/07/01 10:13:18,-0.326560,5.165750,-9999.000000,0.022590,0.238790,24.818810
8.250000,66,2022/07/01 10:16:35,-0.766410,6.000300,-9999.000000,0.018440,0.247510,24.956000
8.250000,66,2022/07/01 10:18:41,-0.739830,5.855250,-9999.000000,0.017390,0.250830,25.100000
8.250000,82,2022/07/01 10:21:08,-1.744650,9.831680,-9999.000000,0.021350,0.227650,24.978000
8.250000,82,2022/07/01 10:23:14,-1.561040,8.370140,-9999.000000,0.035000,0.379000,24.900000
9.000000,37,2022/07/01 10:25:58,-0.904750,9.882020,-9999.000000,0.017000,0.295040,25.004000
9.000000,37,2022/07/01 10:28:04,-0.777750,7.903380,-9999.000000,0.018000,0.294420,25.100000
8.000000,51,2022/07/06 09:21:26,2.210520,5.826200,-9999.000000,0.013560,0.454000,25.600000
8.000000,51,2022/07/06 09:23:31,2.032590,5.631570,-9999.000000,0.014000,0.456990,25.217000
9.000000,61,2022/07/06 09:26:38,-0.097120,5.396570,-9999.000000,0.013000,0.342840,25.304000
9.000000,61,2022/07/06 09:28:43,-0.139860,4.991770,-9999.000000,0.013000,0.342460,25.400000
8.380000,31,2022/07/06 09:31:27,-0.545810,15.030470,-9999.000000,0.008000,0.246140,25.400000
8.380000,31,2022/07/06 09:33:33,-0.410370,10.950130,-9999.000000,0.008000,0.249230,25.391000
8.750000,3,2022/07/06 09:36:52,-0.420240,12.464800,-9999.000000,0.009020,0.221840,25.100000
8.750000,3,2022/07/06 09:38:57,-0.315650,9.135750,-9999.000000,0.011000,0.273740,25.100000
8.380000,70,2022/07/06 09:42:03,0.125480,8.201600,-9999.000000,0.013020,0.389340,24.914000
8.380000,70,2022/07/06 09:44:08,0.056060,6.385600,-9999.000000,0.014000,0.419960,24.824000
9.000000,693,2022/07/06 09:47:53,442.724360,2.280960,-9999.000000,0.020520,0.379030,24.700000
9.000000,693,2022/07/06 09:49:58,276.577390,1.776540,-9999.000000,0.024880,0.463600,24.616000
8.130000,49,2022/07/06 09:52:51,1.660080,1.011650,-9999.000000,0.014210,0.486670,24.400000
8.130000,49,2022/07/06 09:54:57,1.265130,0.996180,-9999.000000,0.015000,0.488870,24.346000
7.630000,18,2022/07/06 09:58:15,-0.036120,5.816220,-9999.000000,0.009000,0.370000,24.535000
7.630000,18,2022/07/06 10:00:20,-0.025120,5.535910,-9999.000000,0.010000,0.368500,24.700000
6.630000,62,2022/07/06 10:03:36,1.352200,5.407570,-9999.000000,0.017000,0.485730,24.700000
6.630000,62,2022/07/06 10:05:42,0.297280,3.348190,-9999.000000,0.017720,0.487000,24.484000
5.250000,32,2022/07/06 10:08:53,0.273820,4.829320,-9999.000000,0.013000,0.456000,24.400000
5.250000,32,2022/07/06 10:10:58,0.263230,4.718910,-9999.000000,0.013880,0.456880,24.400000
7.630000,71,2022/07/06 10:14:10,4.310330,9.631420,-9999.000000,0.014600,0.452200,24.520000
7.630000,71,2022/07/06 10:16:16,3.885770,8.261030,-9999.000000,0.014000,0.450000,24.792000
8.630000,639,2022/07/06 10:19:36,1.917020,5.256120,-9999.000000,0.018260,0.470860,24.768000
8.630000,639,2022/07/06 10:21:41,2.040650,4.498610,-9999.000000,0.018710,0.473000,24.667000
8.880000,17,2022/07/06 10:24:57,0.940800,3.991210,-9999.000000,0.007830,0.329730,24.346000
8.880000,17,2022/07/06 10:27:02,0.840150,3.729690,-9999.000000,0.008680,0.379640,24.200000
7.380000,72,2022/07/06 10:30:22,5.385300,5.881780,-9999.000000,0.018430,0.448000,24.200000
7.380000,72,2022/07/06 10:32:27,4.402080,4.772110,-9999.000000,0.016000,0.450000,24.200000
8.130000,19,2022/07/06 10:36:40,0.533750,5.146240,-9999.000000,0.014000,0.416700,24.200000
8.130000,19,2022/07/06 10:38:45,0.474000,4.266040,-9999.000000,0.014150,0.418500,23.975000
8.630000,64,2022/07/06 10:42:04,0.006760,4.052650,-9999.000000,0.026640,0.427360,24.080000
8.630000,64,2022/07/06 10:44:09,-0.024160,3.736180,-9999.000000,0.030000,0.434950,23.900000
9.380000,2,2022/07/06 10:47:27,0.065980,8.533000,-9999.000000,0.015000,0.436860,24.200000
9.380000,2,2022/07/06 10:49:32,0.120920,7.457270,-9999.000000,0.014040,0.437640,24.200000
9.000000,4,2022/07/06 10:53:09,0.009980,9.010570,-9999.000000,0.012450,0.342120,24.515000
9.000000,4,2022/07/06 10:55:14,-0.066610,7.150720,-9999.000000,0.013000,0.348560,24.400000
6.250000,50,2022/07/06 10:58:30,0.575400,0.696260,-9999.000000,0.011400,0.443600,24.700000
6.250000,50,2022/07/06 11:00:35,0.415560,0.662350,-9999.000000,0.010950,0.444000,24.700000
8.880000,29,2022/07/06 11:04:00,165.840590,0.565400,-9999.000000,0.015900,0.453600,24.720000
8.880000,29,2022/07/06 11:06:06,1.282140,0.592560,-9999.000000,0.018320,0.506960,24.700000
7.630000,52,2022/07/06 11:09:23,410.348320,1.213200,-9999.000000,0.038530,0.535120,24.700000
7.630000,52,2022/07/06 11:11:28,578.663340,1.550680,-9999.000000,0.038000,0.538000,24.700000
6.880000,30,2022/07/06 11:16:28,0.142920,6.418220,-9999.000000,0.015000,0.396060,24.700000
6.880000,30,2022/07/06 11:18:34,0.157080,6.076860,-9999.000000,0.015600,0.400720,24.700000
11.000000,20,2022/07/06 11:21:42,0.093950,5.301500,-9999.000000,0.018600,0.219600,24.700000
11.000000,20,2022/07/06 11:23:48,0.087710,5.354550,-9999.000000,0.024220,0.293760,24.700000
8.250000,68,2022/07/07 15:41:00,-0.048640,3.415710,-9999.000000,0.047940,0.450750,23.700000
8.250000,68,2022/07/07 15:43:05,-0.068860,3.316280,-9999.000000,0.047880,0.451360,23.644000
8.630000,84,2022/07/07 15:46:09,-0.697910,10.447290,-9999.000000,0.042320,0.410160,23.700000
8.630000,84,2022/07/07 15:48:14,-0.678180,9.033210,-9999.000000,0.044400,0.440600,23.700000
8.500000,40,2022/07/07 15:51:12,-1.870770,50.512720,-9999.000000,0.045250,0.427600,23.700000
8.500000,40,2022/07/07 15:53:17,0.000000,0.000000,-9999.000000,0.052000,0.467200,23.700000
9.130000,45,2022/07/07 15:56:11,-0.116640,5.603220,-9999.000000,0.036660,0.372400,23.700000
9.130000,45,2022/07/07 15:58:16,-0.065640,4.792850,-9999.000000,0.039600,0.390760,23.778000
9.130000,46,2022/07/07 16:01:29,-0.418780,9.081530,-9999.000000,0.044960,0.449200,23.900000
9.130000,46,2022/07/07 16:03:34,-0.435880,8.432890,-9999.000000,0.044000,0.442000,23.900000
8.250000,67,2022/07/07 16:06:36,-0.371490,7.467030,-9999.000000,0.033000,0.393590,23.900000
8.250000,67,2022/07/07 16:08:41,-0.316260,5.933440,-9999.000000,0.032000,0.394040,23.900000
9.250000,38,2022/07/07 16:11:47,-0.246270,7.804290,-9999.000000,0.034100,0.426000,24.110000
9.250000,38,2022/07/07 16:13:52,0.000000,0.000000,-9999.000000,0.034850,0.426450,24.155000
10.250000,47,2022/07/07 16:16:49,-0.167830,7.337040,-9999.000000,0.040720,0.433000,24.164000
10.250000,47,2022/07/07 16:18:54,-0.162180,6.487740,-9999.000000,0.041000,0.435000,23.900000
8.750000,81,2022/07/07 16:21:52,-0.302560,6.626610,-9999.000000,0.035500,0.378750,23.945000
8.750000,81,2022/07/07 16:23:57,-0.288120,5.683920,-9999.000000,0.043200,0.457000,23.960000
9.880000,65,2022/07/07 16:26:57,-0.127850,5.069000,-9999.000000,0.037400,0.380800,24.140000
9.880000,65,2022/07/07 16:29:02,-0.090000,4.950680,-9999.000000,0.044750,0.438750,23.900000
8.500000,39,2022/07/07 16:32:16,-0.318090,7.298570,-9999.000000,0.038100,0.445060,23.900000
8.500000,39,2022/07/07 16:34:22,0.000000,0.000000,-9999.000000,0.038100,0.454350,23.900000
8.000000,83,2022/07/07 16:37:24,-0.533240,6.968200,-9999.000000,0.034000,0.385470,23.900000
8.000000,83,2022/07/07 16:39:29,0.000000,0.000000,-9999.000000,0.034520,0.385480,23.900000
8.250000,82,2022/07/07 16:45:56,-0.709720,9.724940,-9999.000000,0.034230,0.359080,24.200000
8.250000,82,2022/07/07 16:48:02,-0.748240,8.121980,-9999.000000,0.031900,0.361000,24.200000
8.250000,66,2022/07/07 16:50:38,-0.295730,5.340720,-9999.000000,0.033610,0.368040,24.200000
8.250000,66,2022/07/07 16:52:43,-0.211760,5.053480,-9999.000000,0.034600,0.369180,24.200000
9.000000,37,2022/07/07 16:55:21,-0.461750,7.271770,-9999.000000,0.025440,0.357960,24.200000
9.000000,37,2022/07/07 16:57:26,-0.652820,7.751240,-9999.000000,0.027000,0.365490,24.200000
9.380000,56,2022/07/07 17:00:57,-0.546630,8.718030,-9999.000000,0.042000,0.383600,24.140000
9.380000,56,2022/07/07 17:03:02,-0.580920,8.680480,-9999.000000,0.048300,0.448400,24.080000
8.380000,44,2022/07/07 17:05:53,-0.650820,12.404530,-9999.000000,0.029520,0.353560,23.900000
8.380000,44,2022/07/07 17:07:59,0.000000,0.000000,-9999.000000,0.036000,0.427000,23.900000
8.250000,54,2022/07/07 17:10:53,-0.809230,9.172560,-9999.000000,0.040000,0.443800,23.900000
8.250000,54,2022/07/07 17:12:58,-0.759610,8.047930,-9999.000000,0.040600,0.439570,23.900000
9.250000,88,2022/07/07 17:16:26,-0.286900,6.536530,-9999.000000,0.046490,0.447000,23.900000
9.250000,88,2022/07/07 17:18:31,-0.269280,5.804010,-9999.000000,0.046540,0.451000,23.900000
9.000000,57,2022/07/07 17:21:11,-0.193540,5.164820,-9999.000000,0.051100,0.468940,24.002000
9.000000,57,2022/07/07 17:23:16,-0.171920,4.782930,-9999.000000,0.052000,0.472000,24.083000
10.250000,86,2022/07/07 17:26:10,-0.380350,7.653510,-9999.000000,0.039300,0.417790,23.900000
10.250000,86,2022/07/07 17:28:15,-0.450780,6.472860,-9999.000000,0.038620,0.435940,23.900000
7.500000,55,2022/07/07 17:31:44,-0.158270,5.001060,-9999.000000,0.051000,0.476010,23.900000
7.500000,55,2022/07/07 17:33:49,-0.138860,4.658650,-9999.000000,0.051120,0.479880,23.756000
7.750000,43,2022/07/07 17:36:58,0.000000,0.000000,-9999.000000,0.031700,0.384680,23.862000
7.750000,43,2022/07/07 17:39:04,-0.512080,9.037190,-9999.000000,0.038270,0.446460,23.846000
9.130000,58,2022/07/07 17:41:51,-0.121120,7.269660,-9999.000000,0.033560,0.374400,23.872000
9.130000,58,2022/07/07 17:43:57,-0.115060,5.203800,-9999.000000,0.043000,0.462200,23.700000
8.250000,85,2022/07/07 17:46:38,-0.805760,4.166990,-9999.000000,0.035000,0.444830,23.700000
8.250000,85,2022/07/07 17:48:42,0.000000,0.000000,-9999.000000,0.035000,0.446000,23.700000
8.750000,60,2022/07/07 17:53:45,-0.744800,7.883550,-9999.000000,0.029600,0.331000,23.700000
8.750000,60,2022/07/07 17:55:50,-0.569900,6.591460,-9999.000000,0.029000,0.330000,23.700000
8.130000,59,2022/07/07 17:59:09,-0.466270,8.142280,-9999.000000,0.042120,0.419640,23.700000
8.130000,59,2022/07/07 18:01:14,-0.349270,6.699760,-9999.000000,0.044630,0.451020,23.700000
8.500000,87,2022/07/07 18:03:53,-0.497180,7.423000,-9999.000000,0.031600,0.394520,23.868000
8.500000,87,2022/07/07 18:05:58,-0.527210,7.016850,-9999.000000,0.038380,0.472430,23.700000
9.880000,41,2022/07/07 18:08:40,-0.525770,8.332250,-9999.000000,0.033600,0.434920,23.700000
9.880000,41,2022/07/07 18:10:45,0.000000,0.000000,-9999.000000,0.033680,0.437000,23.700000
9.250000,53,2022/07/07 18:14:22,-0.139160,5.110070,-9999.000000,0.052000,0.505000,23.700000
9.250000,53,2022/07/07 18:16:27,-0.130080,4.466060,-9999.000000,0.052000,0.505000,23.700000
10.500000,42,2022/07/07 18:19:09,-0.744950,12.563440,-9999.000000,0.043720,0.473720,23.700000
10.500000,42,2022/07/07 18:21:14,-0.557670,11.220650,-9999.000000,0.043000,0.471000,23.700000
